timestamp,status,ear,mar,source,ml_confidence,snapshot_path
2026-07-30T11:47:55,AWAKE,0.1093,0.0,RULE,0.0,
2026-07-30T11:47:56,EYE_WARNING,0.1419,0.0257,RULE,0.0,
2026-07-30T11:47:56,AWAKE,0.1854,0.0,RULE,0.0,
2026-07-30T11:47:57,EYE_WARNING,0.1244,0.0,RULE,0.0,
2026-07-30T11:47:57,AWAKE,0.1845,0.0213,RULE,0.0,
2026-07-30T11:47:58,HEAD_DROP,0.2652,0.0,RULE,0.0,/Users/mac/Desktop/drowsiness_detector/logs/snapshots/HEAD_DROP_20260730_114758_338079.jpg
2026-07-30T11:47:59,HEAD_DROP,0.1271,0.0,RULE,0.0,/Users/mac/Desktop/drowsiness_detector/logs/snapshots/HEAD_DROP_20260730_114759_373692.jpg
2026-07-30T11:48:00,HEAD_DROP,0.1311,0.0188,RULE,0.0,/Users/mac/Desktop/drowsiness_detector/logs/snapshots/HEAD_DROP_20260730_114800_402767.jpg
2026-07-30T11:48:00,DROWSY_ALERT,0.1164,0.0,RULE,0.0,/Users/mac/Desktop/drowsiness_detector/logs/snapshots/DROWSY_ALERT_20260730_114800_672995.jpg
2026-07-30T11:48:00,HEAD_DROP,0.2348,0.0262,RULE,0.0,/Users/mac/Desktop/drowsiness_detector/logs/snapshots/HEAD_DROP_20260730_114800_937372.jpg
2026-07-30T11:48:01,HEAD_DROP,0.2731,0.0,RULE,0.0,/Users/mac/Desktop/drowsiness_detector/logs/snapshots/HEAD_DROP_20260730_114801_939310.jpg
2026-07-30T11:48:02,HEAD_DROP,0.26,0.0384,RULE,0.0,/Users/mac/Desktop/drowsiness_detector/logs/snapshots/HEAD_DROP_20260730_114802_968617.jpg
2026-07-30T11:48:03,HEAD_DROP,0.0431,0.0179,RULE,0.0,/Users/mac/Desktop/drowsiness_detector/logs/snapshots/HEAD_DROP_20260730_114803_969947.jpg
2026-07-30T11:48:05,HEAD_DROP,0.0456,0.0,RULE,0.0,/Users/mac/Desktop/drowsiness_detector/logs/snapshots/HEAD_DROP_20260730_114805_001617.jpg
2026-07-30T11:48:06,HEAD_DROP,0.1632,0.0257,RULE,0.0,/Users/mac/Desktop/drowsiness_detector/logs/snapshots/HEAD_DROP_20260730_114806_039517.jpg
2026-07-30T11:48:06,DROWSY_ALERT,0.0882,0.0,RULE,0.0,/Users/mac/Desktop/drowsiness_detector/logs/snapshots/DROWSY_ALERT_20260730_114806_899004.jpg
2026-07-30T11:48:07,DROWSY_ALERT,0.1097,0.0,RULE,0.0,/Users/mac/Desktop/drowsiness_detector/logs/snapshots/DROWSY_ALERT_20260730_114807_902021.jpg
2026-07-30T11:48:08,HEAD_DROP,0.1997,0.0565,RULE,0.0,/Users/mac/Desktop/drowsiness_detector/logs/snapshots/HEAD_DROP_20260730_114808_167711.jpg
2026-07-30T11:48:09,HEAD_DROP,0.1995,0.0476,RULE,0.0,/Users/mac/Desktop/drowsiness_detector/logs/snapshots/HEAD_DROP_20260730_114809_199621.jpg
2026-07-30T11:48:10,HEAD_DROP,0.2056,0.0403,RULE,0.0,/Users/mac/Desktop/drowsiness_detector/logs/snapshots/HEAD_DROP_20260730_114810_200099.jpg
2026-07-30T11:48:11,HEAD_DROP,0.2292,0.0182,RULE,0.0,/Users/mac/Desktop/drowsiness_detector/logs/snapshots/HEAD_DROP_20260730_114811_235990.jpg
2026-07-30T11:48:12,AWAKE,0.1863,0.0,RULE,0.0,
2026-07-30T11:48:12,HEAD_DROP,0.1783,0.0179,RULE,0.0,/Users/mac/Desktop/drowsiness_detector/logs/snapshots/HEAD_DROP_20260730_114812_868227.jpg
2026-07-30T11:48:13,EYE_WARNING,0.159,0.0179,RULE,0.0,
2026-07-30T11:48:14,DROWSY_ALERT,0.1367,0.0,RULE,0.0,/Users/mac/Desktop/drowsiness_detector/logs/snapshots/DROWSY_ALERT_20260730_114814_233456.jpg
2026-07-30T11:48:15,DROWSY_ALERT,0.1015,0.0,RULE,0.0,/Users/mac/Desktop/drowsiness_detector/logs/snapshots/DROWSY_ALERT_20260730_114815_262763.jpg
2026-07-30T11:48:15,AWAKE,0.195,0.0,RULE,0.0,
2026-07-30T11:48:15,HEAD_DROP,0.2081,0.0177,RULE,0.0,/Users/mac/Desktop/drowsiness_detector/logs/snapshots/HEAD_DROP_20260730_114815_799567.jpg
2026-07-30T11:48:16,HEAD_DROP,0.2127,0.0,RULE,0.0,/Users/mac/Desktop/drowsiness_detector/logs/snapshots/HEAD_DROP_20260730_114816_834368.jpg
2026-07-30T11:48:17,HEAD_DROP,0.1279,0.0,RULE,0.0,/Users/mac/Desktop/drowsiness_detector/logs/snapshots/HEAD_DROP_20260730_114817_859603.jpg
2026-07-30T11:48:18,HEAD_DROP,0.0924,0.0,RULE,0.0,/Users/mac/Desktop/drowsiness_detector/logs/snapshots/HEAD_DROP_20260730_114818_893580.jpg
2026-07-30T11:48:19,HEAD_DROP,0.1059,0.0164,RULE,0.0,/Users/mac/Desktop/drowsiness_detector/logs/snapshots/HEAD_DROP_20260730_114819_894144.jpg
2026-07-30T11:48:19,DROWSY_ALERT,0.1045,0.0,RULE,0.0,/Users/mac/Desktop/drowsiness_detector/logs/snapshots/DROWSY_ALERT_20260730_114819_960546.jpg
2026-07-30T11:48:20,HEAD_DROP,0.2082,0.0,RULE,0.0,/Users/mac/Desktop/drowsiness_detector/logs/snapshots/HEAD_DROP_20260730_114820_231222.jpg
2026-07-30T11:48:21,AWAKE,0.1507,0.0,RULE,0.0,
2026-07-30T11:48:22,EYE_WARNING,0.1151,0.0,RULE,0.0,
2026-07-30T11:48:22,HEAD_DROP,0.1238,0.0,RULE,0.0,/Users/mac/Desktop/drowsiness_detector/logs/snapshots/HEAD_DROP_20260730_114822_357729.jpg
2026-07-30T11:48:22,DROWSY_ALERT,0.0833,0.0,RULE,0.0,/Users/mac/Desktop/drowsiness_detector/logs/snapshots/DROWSY_ALERT_20260730_114822_926697.jpg
2026-07-30T11:48:23,AWAKE,0.1944,0.0,RULE,0.0,
2026-07-30T11:48:24,AWAKE,0.237,0.0,RULE,0.0,
2026-07-30T11:48:25,AWAKE,0.1846,0.0,RULE,0.0,
2026-07-30T11:48:26,HEAD_DROP,0.2316,0.0172,RULE,0.0,/Users/mac/Desktop/drowsiness_detector/logs/snapshots/HEAD_DROP_20260730_114826_225965.jpg
2026-07-30T11:48:27,HEAD_DROP,0.2744,0.0175,RULE,0.0,/Users/mac/Desktop/drowsiness_detector/logs/snapshots/HEAD_DROP_20260730_114827_227485.jpg
2026-07-30T11:48:27,AWAKE,0.2514,0.0,RULE,0.0,
2026-07-30T11:48:28,AWAKE,0.2052,0.0167,RULE,0.0,
2026-07-30T11:48:29,AWAKE,0.2335,0.0,RULE,0.0,
2026-07-30T11:48:30,AWAKE,0.2669,0.0152,RULE,0.0,
2026-07-30T11:48:31,AWAKE,0.2041,0.0,RULE,0.0,
2026-07-30T11:48:32,AWAKE,0.187,0.0211,RULE,0.0,
2026-07-30T11:48:33,AWAKE,0.1731,0.0145,RULE,0.0,
2026-07-30T11:48:34,EYE_WARNING,0.1261,0.0,RULE,0.0,
2026-07-30T11:48:35,HEAD_DROP,0.1084,0.0,RULE,0.0,/Users/mac/Desktop/drowsiness_detector/logs/snapshots/HEAD_DROP_20260730_114835_122909.jpg
2026-07-30T11:48:35,DROWSY_ALERT,0.0861,0.0,RULE,0.0,/Users/mac/Desktop/drowsiness_detector/logs/snapshots/DROWSY_ALERT_20260730_114835_725000.jpg
2026-07-30T11:48:36,AWAKE,0.2026,0.0,RULE,0.0,
2026-07-30T11:48:37,AWAKE,0.1103,0.0,RULE,0.0,
2026-07-30T11:48:37,HEAD_DROP,0.1152,0.0,RULE,0.0,/Users/mac/Desktop/drowsiness_detector/logs/snapshots/HEAD_DROP_20260730_114837_621180.jpg
2026-07-30T11:48:38,DROWSY_ALERT,0.1082,0.0,RULE,0.0,/Users/mac/Desktop/drowsiness_detector/logs/snapshots/DROWSY_ALERT_20260730_114838_453144.jpg
2026-07-30T11:48:39,DROWSY_ALERT,0.0986,0.0,RULE,0.0,/Users/mac/Desktop/drowsiness_detector/logs/snapshots/DROWSY_ALERT_20260730_114839_486414.jpg
2026-07-30T11:48:39,AWAKE,0.225,0.0,RULE,0.0,
2026-07-30T11:48:40,HEAD_DROP,0.224,0.0,RULE,0.0,/Users/mac/Desktop/drowsiness_detector/logs/snapshots/HEAD_DROP_20260730_114840_248992.jpg
2026-07-30T11:48:41,HEAD_DROP,0.2409,0.0,RULE,0.0,/Users/mac/Desktop/drowsiness_detector/logs/snapshots/HEAD_DROP_20260730_114841_252680.jpg
2026-07-30T11:48:41,AWAKE,0.1087,0.0176,RULE,0.0,
2026-07-30T11:48:41,EYE_WARNING,0.0904,0.0,RULE,0.0,
2026-07-30T11:48:42,DROWSY_ALERT,0.1136,0.0166,RULE,0.0,/Users/mac/Desktop/drowsiness_detector/logs/snapshots/DROWSY_ALERT_20260730_114842_784200.jpg
2026-07-30T11:48:43,AWAKE,0.1932,0.0231,RULE,0.0,
2026-07-30T11:48:44,AWAKE,0.1897,0.0,RULE,0.0,
2026-07-30T11:48:44,EYE_WARNING,0.121,0.0494,RULE,0.0,
2026-07-30T11:48:45,DROWSY_ALERT,0.1297,0.0349,RULE,0.0,/Users/mac/Desktop/drowsiness_detector/logs/snapshots/DROWSY_ALERT_20260730_114845_788824.jpg
2026-07-30T11:48:45,AWAKE,0.2098,0.0387,RULE,0.0,
2026-07-30T11:48:46,NO_FACE,0.0,0.0,RULE,0.0,
2026-07-30T11:48:47,NO_FACE,0.0,0.0,RULE,0.0,
2026-07-30T11:48:48,NO_FACE,0.0,0.0,RULE,0.0,
2026-07-30T11:48:49,NO_FACE,0.0,0.0,RULE,0.0,
2026-07-30T11:48:50,NO_FACE,0.0,0.0,RULE,0.0,
2026-07-30T12:32:13,AWAKE,0.1234,0.0,ML,0.6139,
2026-07-30T12:32:14,AWAKE,0.1469,0.0,ML,0.533,
2026-07-30T12:32:15,AWAKE,0.1035,0.0167,ML,0.6611,
2026-07-30T12:32:16,AWAKE,0.1271,0.0,ML,0.539,
2026-07-30T12:32:17,AWAKE,0.1122,0.0,ML,0.7101,
2026-07-30T12:32:18,AWAKE,0.0682,0.0,ML,0.355,
2026-07-30T12:32:19,AWAKE,0.2635,0.1393,ML,0.8526,
2026-07-30T12:32:20,AWAKE,0.1238,0.0944,ML,0.5053,
2026-07-30T12:32:21,AWAKE,0.1229,0.0182,ML,0.6735,
2026-07-30T12:32:22,AWAKE,0.254,0.0735,ML,0.8511,
2026-07-30T12:32:22,NO_FACE,0.0,0.0,RULE,0.0,
2026-07-30T12:32:22,AWAKE,0.1934,0.0,ML,0.4007,
2026-07-30T12:32:22,NO_FACE,0.0,0.0,RULE,0.0,
2026-07-30T12:32:22,AWAKE,0.2044,0.0,ML,0.4128,
2026-07-30T12:32:23,NO_FACE,0.0,0.0,RULE,0.0,
2026-07-30T12:32:23,AWAKE,0.2225,0.0307,ML,0.8451,
2026-07-30T12:32:24,AWAKE,0.2092,0.0,ML,0.5226,
2026-07-30T12:32:25,AWAKE,0.1531,0.0,ML,0.5405,
2026-07-30T12:32:26,AWAKE,0.2365,0.0,ML,0.4335,
2026-07-30T12:32:27,AWAKE,0.2044,0.0,ML,0.4128,
2026-07-30T12:32:28,AWAKE,0.2351,0.0,ML,0.4427,
2026-07-30T12:32:29,AWAKE,0.1214,0.0,ML,0.6243,
2026-07-30T12:32:31,AWAKE,0.1041,0.0,ML,0.7462,
2026-07-30T12:32:32,AWAKE,0.1443,0.0,ML,0.4751,
2026-07-30T12:32:33,AWAKE,0.0796,0.0,ML,0.6026,
2026-07-30T12:32:34,AWAKE,0.1068,0.0,ML,0.7424,
2026-07-30T12:32:35,AWAKE,0.0642,0.0,ML,0.3417,
2026-07-30T12:32:36,AWAKE,0.2572,0.0149,ML,0.6119,
2026-07-30T12:32:37,AWAKE,0.2406,0.0,ML,0.4576,
2026-07-30T12:32:38,AWAKE,0.1941,0.8757,ML,0.8425,
2026-07-30T12:32:38,YAWNING,0.0868,0.7741,ML,0.9984,
2026-07-30T12:32:39,YAWNING,0.1733,0.8819,ML,0.9132,
2026-07-30T12:32:39,AWAKE,0.0581,0.046,ML,0.5241,
2026-07-30T12:32:40,AWAKE,0.2059,0.0,ML,0.5381,
2026-07-30T12:32:41,AWAKE,0.083,0.0,ML,0.5579,
2026-07-30T12:32:43,AWAKE,0.1442,0.0,ML,0.4751,
2026-07-30T12:32:44,AWAKE,0.1099,0.0,ML,0.7274,
2026-07-30T12:32:45,AWAKE,0.2501,0.0,ML,0.4275,
2026-07-30T12:32:46,AWAKE,0.1531,0.0,ML,0.5405,
2026-07-30T12:32:47,AWAKE,0.2376,0.0,ML,0.4345,
2026-07-30T12:32:48,AWAKE,0.1215,0.0163,ML,0.8106,
2026-07-30T12:32:49,AWAKE,0.1396,0.0,ML,0.4295,
2026-07-30T12:32:50,AWAKE,0.2609,0.0,ML,0.7615,
2026-07-30T12:32:51,AWAKE,0.2724,0.0122,ML,0.8681,
2026-07-30T12:32:52,AWAKE,0.2541,0.0,ML,0.7441,
2026-07-30T12:32:53,AWAKE,0.1676,0.0123,ML,0.7696,
2026-07-30T12:32:54,AWAKE,0.1718,0.0,ML,0.3497,
2026-07-30T12:32:55,AWAKE,0.1563,0.0,ML,0.5433,
2026-07-30T12:32:56,AWAKE,0.1625,0.0,ML,0.5351,
2026-07-30T12:32:57,AWAKE,0.1281,0.0,ML,0.5359,
2026-07-30T12:32:58,AWAKE,0.1137,0.0,ML,0.7214,
2026-07-30T12:32:59,AWAKE,0.1411,0.0127,ML,0.7419,
2026-07-30T12:33:00,AWAKE,0.0932,0.0,ML,0.7339,
2026-07-30T12:33:01,AWAKE,0.1607,0.0,ML,0.5625,
2026-07-30T12:33:02,AWAKE,0.1566,0.0,ML,0.5461,
2026-07-30T12:33:03,AWAKE,0.211,0.0,ML,0.5144,
2026-07-30T12:33:04,AWAKE,0.3333,0.0667,ML,0.8891,
2026-07-30T12:33:05,AWAKE,0.1666,0.018,ML,0.4339,
2026-07-30T12:33:06,AWAKE,0.1382,0.0,ML,0.4358,
2026-07-30T12:33:07,AWAKE,0.1358,0.0,ML,0.4154,
2026-07-30T12:33:08,AWAKE,0.2552,0.0169,ML,0.4691,
2026-07-30T12:33:09,AWAKE,0.1658,0.0212,ML,0.4422,
2026-07-30T12:33:10,AWAKE,0.1996,0.0,ML,0.4226,
2026-07-30T12:33:11,HEAD_DROP,0.1832,0.0188,ML,0.3772,/Users/mac/Desktop/drowsiness_detector/logs/snapshots/HEAD_DROP_20260730_123311_086471.jpg
2026-07-30T12:33:12,HEAD_DROP,0.2151,0.0,ML,0.493,/Users/mac/Desktop/drowsiness_detector/logs/snapshots/HEAD_DROP_20260730_123312_118367.jpg
2026-07-30T12:33:12,AWAKE,0.136,0.0201,ML,0.6563,
2026-07-30T12:33:13,AWAKE,0.1986,0.0208,ML,0.4076,
2026-07-30T12:33:14,AWAKE,0.1444,0.0213,ML,0.5101,
2026-07-30T12:33:14,HEAD_DROP,0.177,0.0209,ML,0.3275,/Users/mac/Desktop/drowsiness_detector/logs/snapshots/HEAD_DROP_20260730_123314_651399.jpg
2026-07-30T12:33:15,AWAKE,0.1389,0.0199,ML,0.6554,
2026-07-30T12:33:16,AWAKE,0.2357,0.0169,ML,0.5196,
2026-07-30T12:33:17,AWAKE,0.2118,0.0272,ML,0.7615,
2026-07-30T12:33:18,AWAKE,0.1601,0.0,ML,0.5793,
2026-07-30T12:33:19,AWAKE,0.1089,0.0,ML,0.7191,
2026-07-30T12:33:20,AWAKE,0.1225,0.0,ML,0.5979,
2026-07-30T12:33:21,AWAKE,0.2996,0.0,ML,0.7357,
2026-07-30T12:33:22,AWAKE,0.0655,0.0,ML,0.3542,
2026-07-30T12:33:23,AWAKE,0.0899,0.0182,ML,0.7747,
2026-07-30T12:33:24,AWAKE,0.1688,0.0,ML,0.4362,
2026-07-30T12:33:25,AWAKE,0.1716,0.0,ML,0.3497,
2026-07-30T12:33:26,AWAKE,0.1091,0.0,ML,0.725,
2026-07-30T12:33:27,AWAKE,0.1855,0.0,ML,0.3321,
2026-07-30T12:33:28,AWAKE,0.2932,0.0,ML,0.7388,
2026-07-30T12:33:29,AWAKE,0.2448,0.0194,ML,0.4501,
2026-07-30T12:33:31,AWAKE,0.2518,0.0,ML,0.5844,
2026-07-30T12:33:32,AWAKE,0.2564,0.0,ML,0.6841,
2026-07-30T12:33:33,AWAKE,0.2583,0.0202,ML,0.5487,
2026-07-30T12:33:34,AWAKE,0.2792,0.0201,ML,0.9533,
2026-07-30T12:33:35,AWAKE,0.247,0.0294,ML,0.538,
2026-07-30T12:33:36,AWAKE,0.2483,0.0212,ML,0.5517,
2026-07-30T12:33:37,AWAKE,0.2412,0.0204,ML,0.5441,
2026-07-30T12:33:38,AWAKE,0.2304,0.03,ML,0.7435,
2026-07-30T12:33:39,AWAKE,0.2481,0.0217,ML,0.5608,
2026-07-30T12:33:40,HEAD_DROP,0.2305,0.0212,ML,0.7518,/Users/mac/Desktop/drowsiness_detector/logs/snapshots/HEAD_DROP_20260730_123340_006093.jpg
2026-07-30T12:33:40,AWAKE,0.2802,0.0284,ML,0.9809,
2026-07-30T12:33:41,AWAKE,0.2305,0.0304,ML,0.7442,
2026-07-30T12:33:42,AWAKE,0.2685,0.0,ML,0.7899,
2026-07-30T12:33:43,AWAKE,0.2251,0.0202,ML,0.7384,
2026-07-30T12:33:44,AWAKE,0.2559,0.02,ML,0.498,
2026-07-30T12:33:45,AWAKE,0.2408,0.0267,ML,0.5597,
2026-07-30T12:33:46,AWAKE,0.243,0.0266,ML,0.5504,
2026-07-30T12:33:47,AWAKE,0.3053,0.0,ML,0.7523,
2026-07-30T12:33:48,AWAKE,0.1474,0.0178,ML,0.3549,
2026-07-30T12:33:49,AWAKE,0.1335,0.0256,ML,0.6775,
2026-07-30T12:33:50,AWAKE,0.1741,0.0,ML,0.4156,
2026-07-30T12:33:50,HEAD_DROP,0.1538,0.0187,ML,0.4685,/Users/mac/Desktop/drowsiness_detector/logs/snapshots/HEAD_DROP_20260730_123350_969540.jpg
2026-07-30T12:33:51,AWAKE,0.1346,0.0188,ML,0.6447,
2026-07-30T12:33:52,AWAKE,0.1714,0.0204,ML,0.3616,
2026-07-30T12:33:53,HEAD_DROP,0.1665,0.0176,ML,0.4002,/Users/mac/Desktop/drowsiness_detector/logs/snapshots/HEAD_DROP_20260730_123353_202638.jpg
2026-07-30T12:33:53,AWAKE,0.1709,0.0184,ML,0.3805,
2026-07-30T12:33:54,NO_FACE,0.0,0.0,RULE,0.0,
2026-07-30T12:33:54,AWAKE,0.2649,0.0411,ML,0.8117,
2026-07-30T12:33:54,NO_FACE,0.0,0.0,RULE,0.0,
2026-07-30T12:33:54,AWAKE,0.2198,0.0792,ML,0.8011,
2026-07-30T12:33:54,NO_FACE,0.0,0.0,RULE,0.0,
2026-07-30T12:33:54,AWAKE,0.3079,0.2695,ML,0.5498,
2026-07-30T12:33:56,AWAKE,0.1722,0.0179,ML,0.3449,
2026-07-30T12:33:57,HEAD_DROP,0.1901,0.0203,ML,0.3556,/Users/mac/Desktop/drowsiness_detector/logs/snapshots/HEAD_DROP_20260730_123356_998569.jpg
2026-07-30T12:33:58,HEAD_DROP,0.1747,0.0,ML,0.4092,/Users/mac/Desktop/drowsiness_detector/logs/snapshots/HEAD_DROP_20260730_123357_999249.jpg
2026-07-30T12:33:59,HEAD_DROP,0.1867,0.0208,ML,0.3202,/Users/mac/Desktop/drowsiness_detector/logs/snapshots/HEAD_DROP_20260730_123359_067034.jpg
2026-07-30T12:34:00,HEAD_DROP,0.1919,0.0,ML,0.3728,/Users/mac/Desktop/drowsiness_detector/logs/snapshots/HEAD_DROP_20260730_123400_133543.jpg
2026-07-30T12:34:01,HEAD_DROP,0.1421,0.0184,ML,0.5167,/Users/mac/Desktop/drowsiness_detector/logs/snapshots/HEAD_DROP_20260730_123401_165390.jpg
2026-07-30T12:34:01,AWAKE,0.2639,0.0251,ML,0.711,
2026-07-30T12:34:02,AWAKE,0.1496,0.0,ML,0.5406,
2026-07-30T12:34:03,AWAKE,0.167,0.0,ML,0.5102,
2026-07-30T12:34:03,HEAD_DROP,0.2125,0.0,ML,0.5238,/Users/mac/Desktop/drowsiness_detector/logs/snapshots/HEAD_DROP_20260730_123403_593740.jpg
2026-07-30T12:34:04,AWAKE,0.2822,0.0172,ML,0.9528,
2026-08-03T18:35:41,AWAKE,0.1913,0.0255,ML,0.3619,
2026-08-03T18:35:42,AWAKE,0.3134,0.0188,ML,0.9548,
2026-08-03T18:35:43,AWAKE,0.227,0.0,ML,0.5074,
2026-08-03T18:35:44,AWAKE,0.1933,0.0185,ML,0.3989,
2026-08-03T18:35:45,AWAKE,0.1672,0.0,ML,0.5102,
2026-08-03T18:35:46,AWAKE,0.2173,0.0,ML,0.5066,
2026-08-03T18:35:47,AWAKE,0.1459,0.0,ML,0.4743,
2026-08-03T18:35:48,AWAKE,0.1751,0.0,ML,0.3729,
2026-08-03T18:35:48,NO_FACE,0.0,0.0,RULE,0.0,
2026-08-03T18:35:49,AWAKE,0.1855,0.0161,ML,0.5269,
2026-08-03T18:35:50,AWAKE,0.2668,0.0,ML,0.8024,
2026-08-03T18:35:51,AWAKE,0.2371,0.0,ML,0.4335,
2026-08-03T18:35:51,HEAD_DROP,0.2463,0.0,ML,0.457,/Users/mac/Desktop/drowsiness_detector/logs/snapshots/HEAD_DROP_20260803_183551_260489.jpg
2026-08-03T18:35:52,AWAKE,0.2708,0.0161,ML,0.813,
2026-08-03T18:35:53,AWAKE,0.1055,0.0,ML,0.7377,
2026-08-03T18:35:54,AWAKE,0.1546,0.0,ML,0.5338,
2026-08-03T18:35:55,AWAKE,0.1015,0.0164,ML,0.7715,
2026-08-03T18:35:56,AWAKE,0.1124,0.0,ML,0.7101,
2026-08-03T18:35:57,AWAKE,0.121,0.0161,ML,0.7709,
2026-08-03T18:35:58,AWAKE,0.2704,0.0,ML,0.7772,
2026-08-03T18:35:59,AWAKE,0.213,0.1733,ML,0.3871,
2026-08-03T18:36:00,NO_FACE,0.0,0.0,RULE,0.0,
2026-08-03T18:36:00,AWAKE,0.4341,0.0557,ML,0.7791,
2026-08-03T18:36:01,NO_FACE,0.0,0.0,RULE,0.0,
2026-08-03T18:36:01,AWAKE,0.2924,0.025,ML,0.9764,
2026-08-03T18:36:02,AWAKE,0.2876,0.0836,ML,0.974,
2026-08-03T18:36:03,AWAKE,0.146,0.0217,ML,0.5094,
2026-08-03T18:36:03,NO_FACE,0.0,0.0,RULE,0.0,
2026-08-03T18:36:03,AWAKE,0.2662,0.0688,ML,0.8669,
2026-08-03T18:36:04,AWAKE,0.3013,0.0454,ML,0.9375,
2026-08-03T18:36:05,AWAKE,0.2351,0.0,ML,0.4427,
2026-08-03T18:36:06,AWAKE,0.2598,0.0227,ML,0.6071,
2026-08-03T18:36:12,AWAKE,0.2547,0.0,ML,0.7449,
2026-08-03T18:36:13,NO_FACE,0.0,0.0,RULE,0.0,
2026-08-03T18:36:14,NO_FACE,0.0,0.0,RULE,0.0,
2026-08-03T18:36:14,AWAKE,0.2931,0.0,ML,0.7346,
2026-08-03T18:36:15,AWAKE,0.2846,0.021,ML,0.9338,
2026-08-03T18:36:16,NO_FACE,0.0,0.0,RULE,0.0,
2026-08-03T18:36:16,AWAKE,0.3645,0.0247,ML,0.86,
2026-08-03T18:36:17,AWAKE,0.1713,0.0,ML,0.4007,
2026-08-03T18:36:18,AWAKE,0.1386,0.0475,ML,0.5749,
2026-08-03T18:36:19,AWAKE,0.108,0.0,ML,0.7217,
2026-08-03T18:36:20,AWAKE,0.1073,0.0,ML,0.738,
2026-08-03T18:36:21,AWAKE,0.1835,0.0,ML,0.3325,
2026-08-03T18:36:22,NO_FACE,0.0,0.0,RULE,0.0,
2026-08-03T18:36:22,AWAKE,0.3863,0.0,ML,0.6871,
2026-08-03T18:36:23,AWAKE,0.2363,0.0267,ML,0.6612,
2026-08-03T18:36:26,AWAKE,0.2783,0.0182,ML,0.9621,
2026-08-03T18:36:27,AWAKE,0.2597,0.0243,ML,0.6333,
2026-08-03T18:36:28,AWAKE,0.2932,0.0256,ML,0.9662,
2026-08-03T18:36:29,AWAKE,0.2955,0.0207,ML,0.9302,
2026-08-03T18:36:30,AWAKE,0.2478,0.0297,ML,0.5183,
2026-08-03T18:36:31,AWAKE,0.2323,0.0184,ML,0.5308,
2026-08-03T18:36:33,AWAKE,0.2258,0.0,ML,0.5048,
2026-08-03T18:36:33,NO_FACE,0.0,0.0,RULE,0.0,
2026-08-03T18:36:33,AWAKE,0.2398,0.0,ML,0.4525,
2026-08-03T18:36:33,NO_FACE,0.0,0.0,RULE,0.0,
2026-08-03T18:36:33,AWAKE,0.2125,0.0367,ML,0.7481,
2026-08-03T18:36:33,NO_FACE,0.0,0.0,RULE,0.0,
2026-08-03T18:36:33,AWAKE,0.2083,0.0385,ML,0.6998,
2026-08-03T18:36:34,HEAD_DROP,0.2199,0.0,ML,0.5021,/Users/mac/Desktop/drowsiness_detector/logs/snapshots/HEAD_DROP_20260803_183634_042036.jpg
2026-08-03T18:36:34,NO_FACE,0.0,0.0,RULE,0.0,
2026-08-03T18:36:34,HEAD_DROP,0.2297,0.0166,ML,0.521,/Users/mac/Desktop/drowsiness_detector/logs/snapshots/HEAD_DROP_20260803_183634_468414.jpg
2026-08-03T18:36:34,NO_FACE,0.0,0.0,RULE,0.0,
2026-08-03T18:36:34,HEAD_DROP,0.2093,0.016,ML,0.7052,/Users/mac/Desktop/drowsiness_detector/logs/snapshots/HEAD_DROP_20260803_183634_638567.jpg
2026-08-03T18:36:34,NO_FACE,0.0,0.0,RULE,0.0,
2026-08-03T18:36:35,NO_FACE,0.0,0.0,RULE,0.0,
2026-08-03T18:36:35,HEAD_DROP,0.2453,0.0399,ML,0.4561,/Users/mac/Desktop/drowsiness_detector/logs/snapshots/HEAD_DROP_20260803_183635_769448.jpg
2026-08-03T18:36:35,NO_FACE,0.0,0.0,RULE,0.0,
2026-08-03T18:36:36,NO_FACE,0.0,0.0,RULE,0.0,
2026-08-03T18:36:37,NO_FACE,0.0,0.0,RULE,0.0,
2026-08-03T18:36:38,NO_FACE,0.0,0.0,RULE,0.0,
2026-08-03T18:36:38,AWAKE,0.3145,0.0,ML,0.7585,
2026-08-03T18:36:39,NO_FACE,0.0,0.0,RULE,0.0,
2026-08-03T18:36:39,AWAKE,0.342,0.0243,ML,0.8786,
2026-08-03T18:36:40,NO_FACE,0.0,0.0,RULE,0.0,
2026-08-03T18:36:41,AWAKE,0.1929,0.0168,ML,0.5194,
2026-08-03T18:36:41,NO_FACE,0.0,0.0,RULE,0.0,
2026-08-03T18:36:42,NO_FACE,0.0,0.0,RULE,0.0,
2026-08-03T18:36:42,AWAKE,0.2801,0.0217,ML,0.939,
2026-08-03T18:36:42,NO_FACE,0.0,0.0,RULE,0.0,
2026-08-03T18:36:43,AWAKE,0.3297,0.0157,ML,0.9071,
2026-08-03T18:36:43,NO_FACE,0.0,0.0,RULE,0.0,
2026-08-03T18:36:44,NO_FACE,0.0,0.0,RULE,0.0,
2026-08-03T18:36:45,AWAKE,0.2547,0.1251,ML,0.8349,
2026-08-03T18:36:45,NO_FACE,0.0,0.0,RULE,0.0,
2026-08-03T18:36:46,NO_FACE,0.0,0.0,RULE,0.0,
2026-08-03T18:36:47,AWAKE,0.3026,0.0667,ML,0.9476,
2026-08-03T18:36:47,NO_FACE,0.0,0.0,RULE,0.0,
2026-08-03T18:36:47,AWAKE,0.2711,0.0323,ML,0.9656,
2026-08-03T18:36:47,NO_FACE,0.0,0.0,RULE,0.0,
2026-08-03T18:36:47,AWAKE,0.1894,0.0,ML,0.3467,
2026-08-03T18:36:47,NO_FACE,0.0,0.0,RULE,0.0,
2026-08-03T18:36:48,AWAKE,0.1923,0.0161,ML,0.432,
2026-08-03T18:36:48,NO_FACE,0.0,0.0,RULE,0.0,
2026-08-03T18:36:48,AWAKE,0.3045,0.0192,ML,0.95,
2026-08-03T18:36:49,NO_FACE,0.0,0.0,RULE,0.0,
2026-08-03T18:36:49,AWAKE,0.3028,0.0146,ML,0.8768,
2026-08-03T18:36:49,NO_FACE,0.0,0.0,RULE,0.0,
2026-08-03T18:36:50,AWAKE,0.2403,0.0178,ML,0.5017,
2026-08-03T18:36:50,NO_FACE,0.0,0.0,RULE,0.0,
2026-08-03T18:36:50,AWAKE,0.1978,0.0177,ML,0.5509,
2026-08-03T18:36:51,NO_FACE,0.0,0.0,RULE,0.0,
2026-08-03T18:36:51,AWAKE,0.23,0.0,ML,0.4889,
2026-08-03T18:36:51,NO_FACE,0.0,0.0,RULE,0.0,
2026-08-03T18:36:52,NO_FACE,0.0,0.0,RULE,0.0,
2026-08-03T18:36:53,NO_FACE,0.0,0.0,RULE,0.0,
2026-08-03T18:36:53,AWAKE,0.3464,0.0178,ML,0.8496,
2026-08-03T18:36:53,NO_FACE,0.0,0.0,RULE,0.0,
2026-08-03T18:36:54,NO_FACE,0.0,0.0,RULE,0.0,
2026-08-03T18:36:55,AWAKE,0.3192,0.0251,ML,0.9352,
2026-08-03T18:36:55,NO_FACE,0.0,0.0,RULE,0.0,
2026-08-03T18:36:56,NO_FACE,0.0,0.0,RULE,0.0,
2026-08-03T18:36:57,NO_FACE,0.0,0.0,RULE,0.0,
2026-08-03T18:36:58,AWAKE,0.319,0.0201,ML,0.9126,
2026-08-03T18:36:58,NO_FACE,0.0,0.0,RULE,0.0,
2026-08-03T18:36:59,NO_FACE,0.0,0.0,RULE,0.0,
2026-08-03T18:36:59,AWAKE,0.2104,0.0,ML,0.5119,
2026-08-03T18:37:00,AWAKE,0.2435,0.0161,ML,0.5151,
2026-08-03T18:37:01,AWAKE,0.2666,0.0289,ML,0.7673,
2026-08-03T18:37:02,AWAKE,0.2516,0.02,ML,0.418,
2026-08-03T18:37:04,AWAKE,0.2327,0.0435,ML,0.6628,
2026-08-03T18:37:05,AWAKE,0.2406,0.0175,ML,0.4811,
2026-08-03T19:13:19,AWAKE,0.1065,0.0,ML,0.5068,
2026-08-03T19:13:20,AWAKE,0.156,0.0,ML,0.4602,
2026-08-03T19:13:20,EYE_WARNING,0.1469,0.0143,ML,0.4211,
2026-08-03T19:13:20,AWAKE,0.168,0.0205,ML,0.6624,
2026-08-03T19:13:21,AWAKE,0.1035,0.0,ML,0.5019,
2026-08-03T19:13:22,AWAKE,0.12,0.0145,ML,0.5836,
2026-08-03T19:13:23,EYE_WARNING,0.1525,0.0,ML,0.4554,
2026-08-03T19:13:23,AWAKE,0.172,0.0205,ML,0.6366,
2026-08-03T19:13:24,AWAKE,0.1602,0.0,ML,0.4497,
2026-08-03T19:13:25,EYE_WARNING,0.1783,0.0141,ML,0.4278,
2026-08-03T19:13:26,AWAKE,0.1635,0.0199,ML,0.6963,
2026-08-03T19:13:27,AWAKE,0.2403,0.0,ML,0.4234,
2026-08-03T19:13:28,AWAKE,0.2302,0.0141,ML,0.5033,
2026-08-03T19:13:29,AWAKE,0.2537,0.0,ML,0.5912,
2026-08-03T19:13:30,AWAKE,0.2582,0.014,ML,0.4757,
2026-08-03T19:13:31,AWAKE,0.3298,0.0212,ML,0.7449,
2026-08-03T19:13:32,AWAKE,0.2761,0.0189,ML,0.7981,
2026-08-03T19:13:33,AWAKE,0.1649,0.1004,ML,0.6359,
2026-08-03T19:13:34,AWAKE,0.273,0.0191,ML,0.7895,
2026-08-03T19:13:35,AWAKE,0.2462,0.0179,ML,0.4574,
2026-08-03T19:13:36,AWAKE,0.1969,0.0,ML,0.3539,
2026-08-03T19:13:37,AWAKE,0.2207,0.0,ML,0.4146,
2026-08-03T19:13:38,AWAKE,0.2502,0.0,ML,0.4326,
2026-08-03T19:13:39,AWAKE,0.1273,0.0154,ML,0.682,
2026-08-03T19:13:40,AWAKE,0.1076,0.0154,ML,0.4981,
2026-08-03T19:13:41,AWAKE,0.1761,0.0,ML,0.5236,
2026-08-03T19:13:42,AWAKE,0.186,0.0,ML,0.3248,
2026-08-03T19:13:43,HEAD_DROP,0.1761,0.0,ML,0.5229,/Users/mac/Desktop/drowsiness_detector/logs/snapshots/HEAD_DROP_20260803_191343_478782.jpg
2026-08-03T19:13:44,HEAD_DROP,0.1926,0.0182,ML,0.3817,/Users/mac/Desktop/drowsiness_detector/logs/snapshots/HEAD_DROP_20260803_191344_502872.jpg
2026-08-03T19:13:45,HEAD_DROP,0.2318,0.0163,ML,0.43,/Users/mac/Desktop/drowsiness_detector/logs/snapshots/HEAD_DROP_20260803_191345_544064.jpg
2026-08-03T19:13:46,AWAKE,0.2003,0.0,ML,0.3976,
2026-08-03T19:13:47,AWAKE,0.1724,0.0156,ML,0.6353,
2026-08-03T19:13:48,AWAKE,0.1572,0.0,ML,0.4602,
2026-08-03T19:13:49,AWAKE,0.2716,0.0,ML,0.7986,
2026-08-03T19:13:50,AWAKE,0.271,0.0,ML,0.7986,
2026-08-03T19:13:51,AWAKE,0.2621,0.0,ML,0.7396,
2026-08-03T19:13:52,HEAD_DROP,0.2694,0.0157,ML,0.4812,/Users/mac/Desktop/drowsiness_detector/logs/snapshots/HEAD_DROP_20260803_191352_198063.jpg
2026-08-03T19:13:53,HEAD_DROP,0.2347,0.0166,ML,0.3471,/Users/mac/Desktop/drowsiness_detector/logs/snapshots/HEAD_DROP_20260803_191353_238262.jpg
2026-08-03T19:13:54,AWAKE,0.2423,0.0,ML,0.4366,
2026-08-03T19:13:55,AWAKE,0.3064,0.0,ML,0.8251,
2026-08-03T19:13:56,AWAKE,0.1977,0.0,ML,0.3257,
2026-08-03T19:13:56,HEAD_DROP,0.2196,0.0,ML,0.4163,/Users/mac/Desktop/drowsiness_detector/logs/snapshots/HEAD_DROP_20260803_191356_836894.jpg
2026-08-03T19:13:56,AWAKE,0.2105,0.0163,ML,0.5742,
2026-08-03T19:13:57,AWAKE,0.2707,0.016,ML,0.4818,
2026-08-03T19:13:58,HEAD_DROP,0.2331,0.0223,ML,0.5554,/Users/mac/Desktop/drowsiness_detector/logs/snapshots/HEAD_DROP_20260803_191358_969483.jpg
2026-08-03T19:14:00,HEAD_DROP,0.2409,0.0,ML,0.4259,/Users/mac/Desktop/drowsiness_detector/logs/snapshots/HEAD_DROP_20260803_191400_001448.jpg
2026-08-03T19:14:00,AWAKE,0.2229,0.0,ML,0.411,
2026-08-03T19:14:01,AWAKE,0.2484,0.0227,ML,0.4202,
2026-08-03T19:14:01,HEAD_DROP,0.2492,0.0155,ML,0.5663,/Users/mac/Desktop/drowsiness_detector/logs/snapshots/HEAD_DROP_20260803_191401_228333.jpg
2026-08-03T19:14:02,HEAD_DROP,0.2052,0.0223,ML,0.7818,/Users/mac/Desktop/drowsiness_detector/logs/snapshots/HEAD_DROP_20260803_191402_228604.jpg
2026-08-03T19:14:02,AWAKE,0.165,0.0223,ML,0.6714,
2026-08-03T19:14:03,AWAKE,0.2332,0.0223,ML,0.5517,
2026-08-03T19:14:04,AWAKE,0.2487,0.0,ML,0.4294,
2026-08-03T19:14:05,HEAD_DROP,0.2533,0.0161,ML,0.4842,/Users/mac/Desktop/drowsiness_detector/logs/snapshots/HEAD_DROP_20260803_191405_432101.jpg
2026-08-03T19:14:06,AWAKE,0.1696,0.0217,ML,0.6421,
2026-08-03T19:14:07,AWAKE,0.1922,0.022,ML,0.5354,
2026-08-03T19:14:08,AWAKE,0.1889,0.0158,ML,0.3975,
2026-08-03T19:14:08,HEAD_DROP,0.2408,0.0153,ML,0.5982,/Users/mac/Desktop/drowsiness_detector/logs/snapshots/HEAD_DROP_20260803_191408_433605.jpg
2026-08-03T19:14:09,HEAD_DROP,0.2305,0.0,ML,0.3639,/Users/mac/Desktop/drowsiness_detector/logs/snapshots/HEAD_DROP_20260803_191409_496564.jpg
2026-08-03T19:14:10,HEAD_DROP,0.2522,0.0,ML,0.4363,/Users/mac/Desktop/drowsiness_detector/logs/snapshots/HEAD_DROP_20260803_191410_496903.jpg
2026-08-03T19:14:11,HEAD_DROP,0.2419,0.0149,ML,0.6018,/Users/mac/Desktop/drowsiness_detector/logs/snapshots/HEAD_DROP_20260803_191411_564430.jpg
2026-08-03T19:14:12,AWAKE,0.2442,0.0367,ML,0.4057,
2026-08-03T19:14:13,AWAKE,0.1325,0.0149,ML,0.5191,
2026-08-03T19:14:14,AWAKE,0.1738,0.0,ML,0.5765,
2026-08-03T19:14:15,AWAKE,0.2432,0.0139,ML,0.346,
2026-08-03T19:14:16,AWAKE,0.1622,0.013,ML,0.6258,
2026-08-03T19:14:17,AWAKE,0.2317,0.0133,ML,0.3146,
2026-08-03T19:14:18,AWAKE,0.318,0.0,ML,0.8256,
2026-08-03T19:14:19,AWAKE,0.2559,0.0,ML,0.6261,
2026-08-03T19:14:20,AWAKE,0.2851,0.0147,ML,0.5537,
2026-08-03T19:14:20,HEAD_DROP,0.2863,0.0147,ML,0.5537,/Users/mac/Desktop/drowsiness_detector/logs/snapshots/HEAD_DROP_20260803_191420_594200.jpg
2026-08-03T19:14:21,HEAD_DROP,0.2669,0.0149,ML,0.5249,/Users/mac/Desktop/drowsiness_detector/logs/snapshots/HEAD_DROP_20260803_191421_655720.jpg
2026-08-03T19:14:21,AWAKE,0.237,0.0,ML,0.4283,
2026-08-03T19:14:22,AWAKE,0.2408,0.0,ML,0.4211,
2026-08-03T19:14:23,AWAKE,0.2262,0.0,ML,0.4106,
2026-08-03T19:14:25,AWAKE,0.2114,0.0,ML,0.4287,
2026-08-03T19:14:26,AWAKE,0.2115,0.0,ML,0.4287,
2026-08-03T19:14:27,AWAKE,0.274,0.0,ML,0.8004,
2026-08-03T19:14:28,AWAKE,0.2777,0.0,ML,0.7946,
2026-08-03T19:14:29,AWAKE,0.0884,0.0,ML,0.6293,
2026-08-03T19:14:30,AWAKE,0.0732,0.0,ML,0.9012,
2026-08-03T19:14:31,AWAKE,0.1064,0.0,ML,0.5102,
2026-08-03T19:14:32,AWAKE,0.0966,0.0147,ML,0.4208,
2026-08-03T19:14:32,EYE_WARNING,0.0962,0.0147,ML,0.4278,
2026-08-03T19:14:32,AWAKE,0.11,0.0,ML,0.6101,
2026-08-03T19:14:33,AWAKE,0.1022,0.0144,ML,0.3888,
2026-08-03T19:14:34,AWAKE,0.1276,0.0,ML,0.5305,
2026-08-03T19:14:35,AWAKE,0.3084,0.1436,ML,0.6745,
2026-08-03T19:14:36,AWAKE,0.302,0.0217,ML,0.8823,
2026-08-03T19:14:38,AWAKE,0.2997,0.0196,ML,0.8689,
2026-08-03T19:14:38,HEAD_DROP,0.2738,0.02,ML,0.8921,/Users/mac/Desktop/drowsiness_detector/logs/snapshots/HEAD_DROP_20260803_191438_882221.jpg
2026-08-03T19:14:39,AWAKE,0.2528,0.0192,ML,0.6688,
2026-08-03T19:14:40,AWAKE,0.2258,0.0189,ML,0.6148,
2026-08-03T19:14:41,AWAKE,0.2957,0.0261,ML,0.571,
2026-08-03T19:14:42,AWAKE,0.2921,0.0184,ML,0.669,
2026-08-03T19:14:43,AWAKE,0.2239,0.0163,ML,0.6033,
2026-08-03T19:14:44,AWAKE,0.2552,0.0,ML,0.6525,
2026-08-03T19:14:44,HEAD_DROP,0.274,0.0,ML,0.8004,/Users/mac/Desktop/drowsiness_detector/logs/snapshots/HEAD_DROP_20260803_191444_446061.jpg
2026-08-03T19:14:45,HEAD_DROP,0.1672,0.0,ML,0.4825,/Users/mac/Desktop/drowsiness_detector/logs/snapshots/HEAD_DROP_20260803_191445_473942.jpg
2026-08-03T19:14:46,HEAD_DROP,0.2494,0.0162,ML,0.4876,/Users/mac/Desktop/drowsiness_detector/logs/snapshots/HEAD_DROP_20260803_191446_480647.jpg
2026-08-03T19:14:47,HEAD_DROP,0.2466,0.0162,ML,0.4403,/Users/mac/Desktop/drowsiness_detector/logs/snapshots/HEAD_DROP_20260803_191447_483241.jpg
2026-08-03T19:14:48,HEAD_DROP,0.258,0.0,ML,0.7314,/Users/mac/Desktop/drowsiness_detector/logs/snapshots/HEAD_DROP_20260803_191448_544574.jpg
2026-08-03T19:14:49,HEAD_DROP,0.2453,0.0157,ML,0.5433,/Users/mac/Desktop/drowsiness_detector/logs/snapshots/HEAD_DROP_20260803_191449_544983.jpg
2026-08-03T19:14:50,HEAD_DROP,0.2575,0.0,ML,0.7281,/Users/mac/Desktop/drowsiness_detector/logs/snapshots/HEAD_DROP_20260803_191450_545181.jpg
2026-08-03T19:14:51,HEAD_DROP,0.2475,0.0,ML,0.4262,/Users/mac/Desktop/drowsiness_detector/logs/snapshots/HEAD_DROP_20260803_191451_547758.jpg
2026-08-03T19:14:52,HEAD_DROP,0.2252,0.0,ML,0.4032,/Users/mac/Desktop/drowsiness_detector/logs/snapshots/HEAD_DROP_20260803_191452_611409.jpg
2026-08-03T19:14:53,HEAD_DROP,0.2297,0.0163,ML,0.5083,/Users/mac/Desktop/drowsiness_detector/logs/snapshots/HEAD_DROP_20260803_191453_613471.jpg
2026-08-03T19:14:53,AWAKE,0.2397,0.0,ML,0.4234,
2026-08-03T19:14:54,AWAKE,0.3251,0.0,ML,0.8044,
2026-08-03T19:14:55,AWAKE,0.2858,0.0,ML,0.7163,
2026-08-03T19:14:56,AWAKE,0.1871,0.0,ML,0.3263,
2026-08-03T19:14:57,AWAKE,0.3139,0.0159,ML,0.5038,
2026-08-03T19:19:39,AWAKE,0.2264,0.0133,ML,0.3188,
2026-08-03T19:19:40,AWAKE,0.2248,0.0,ML,0.4146,
2026-08-03T19:19:41,AWAKE,0.1312,0.0,ML,0.4775,
2026-08-03T19:19:42,AWAKE,0.0988,0.0,ML,0.6188,
2026-08-03T19:19:43,AWAKE,0.1088,0.0,ML,0.5532,
2026-08-03T19:19:44,AWAKE,0.1427,0.0,ML,0.4541,
2026-08-03T19:19:45,AWAKE,0.1693,0.0,ML,0.5175,
2026-08-03T19:19:46,AWAKE,0.2592,0.0,ML,0.7368,
2026-08-03T19:19:47,AWAKE,0.2557,0.0,ML,0.63,
2026-08-03T19:19:48,AWAKE,0.2443,0.0,ML,0.4355,
2026-08-03T19:19:49,AWAKE,0.3109,0.0213,ML,0.8936,
2026-08-03T19:19:50,AWAKE,0.1625,0.0,ML,0.4691,
2026-08-03T19:19:51,AWAKE,0.2076,0.0,ML,0.4344,
2026-08-03T19:19:52,AWAKE,0.2721,0.0,ML,0.7995,
2026-08-03T19:19:53,AWAKE,0.2489,0.0195,ML,0.5058,
2026-08-03T19:19:55,AWAKE,0.2108,0.0206,ML,0.8179,
2026-08-03T19:19:56,AWAKE,0.3002,0.0195,ML,0.8572,
2026-08-03T19:19:56,HEAD_DROP,0.3185,0.0,ML,0.8256,/Users/mac/Desktop/drowsiness_detector/logs/snapshots/HEAD_DROP_20260803_191956_837153.jpg
2026-08-03T19:19:57,AWAKE,0.2458,0.0,ML,0.4391,
2026-08-03T19:19:58,AWAKE,0.3031,0.0,ML,0.7936,
2026-08-03T19:20:00,AWAKE,0.1758,0.0,ML,0.5283,
2026-08-03T19:20:01,AWAKE,0.1941,0.0199,ML,0.6314,
2026-08-03T19:20:02,AWAKE,0.29,0.0261,ML,0.5362,
2026-08-03T19:20:03,AWAKE,0.2558,0.022,ML,0.6875,
2026-08-03T19:20:04,AWAKE,0.3245,0.0243,ML,0.5188,
2026-08-03T19:20:05,AWAKE,0.1918,0.0,ML,0.3041,
2026-08-03T19:20:06,AWAKE,0.1917,0.0,ML,0.2999,
2026-08-03T19:20:07,AWAKE,0.1955,0.0,ML,0.3372,
2026-08-03T19:20:09,AWAKE,0.2632,0.0151,ML,0.5377,
2026-08-03T19:20:10,AWAKE,0.1371,0.0281,ML,0.62,
2026-08-03T19:20:11,AWAKE,0.0878,0.0,ML,0.5938,
2026-08-03T19:20:12,AWAKE,0.0737,0.0,ML,0.8988,
2026-08-03T19:20:12,EYE_WARNING,0.0953,0.0147,ML,0.4292,
2026-08-03T19:20:13,EYE_WARNING,0.0601,0.0149,ML,0.7471,
2026-08-03T19:20:13,AWAKE,0.1968,0.0,ML,0.3539,
2026-08-03T19:20:14,NO_FACE,0.0,0.0,RULE,0.0,
2026-08-03T19:20:15,AWAKE,0.1478,0.0156,ML,0.6793,
2026-08-03T19:20:15,NO_FACE,0.0,0.0,RULE,0.0,
2026-08-03T19:20:16,AWAKE,0.1459,0.0216,ML,0.665,
2026-08-03T19:20:16,NO_FACE,0.0,0.0,RULE,0.0,
2026-08-03T19:20:16,AWAKE,0.17,0.0166,ML,0.7138,
2026-08-03T19:20:17,NO_FACE,0.0,0.0,RULE,0.0,
2026-08-03T19:20:17,AWAKE,0.2086,0.0,ML,0.4286,
2026-08-03T19:20:18,AWAKE,0.1763,0.0,ML,0.5229,
2026-08-03T19:20:19,AWAKE,0.1988,0.0178,ML,0.4094,
2026-08-03T19:20:19,HEAD_DROP,0.195,0.0166,ML,0.4636,/Users/mac/Desktop/drowsiness_detector/logs/snapshots/HEAD_DROP_20260803_192019_792014.jpg
2026-08-03T19:20:20,AWAKE,0.197,0.0,ML,0.3501,
2026-08-03T19:20:21,AWAKE,0.268,0.0,ML,0.8009,
2026-08-03T19:20:22,AWAKE,0.3064,0.0239,ML,0.6042,
2026-08-03T19:20:23,AWAKE,0.2953,0.0,ML,0.6807,
2026-08-03T19:20:24,AWAKE,0.2388,0.0,ML,0.4172,
2026-08-03T19:20:25,AWAKE,0.2706,0.0227,ML,0.6186,
2026-08-03T19:20:26,AWAKE,0.3044,0.0161,ML,0.5226,
2026-08-03T19:20:27,HEAD_DROP,0.3043,0.0,ML,0.8276,/Users/mac/Desktop/drowsiness_detector/logs/snapshots/HEAD_DROP_20260803_192027_385787.jpg
2026-08-03T19:20:28,HEAD_DROP,0.2945,0.0152,ML,0.5814,/Users/mac/Desktop/drowsiness_detector/logs/snapshots/HEAD_DROP_20260803_192028_389044.jpg
2026-08-03T19:20:29,HEAD_DROP,0.2862,0.0,ML,0.7163,/Users/mac/Desktop/drowsiness_detector/logs/snapshots/HEAD_DROP_20260803_192029_451874.jpg
2026-08-03T19:20:30,HEAD_DROP,0.2721,0.0,ML,0.7995,/Users/mac/Desktop/drowsiness_detector/logs/snapshots/HEAD_DROP_20260803_192030_520657.jpg
2026-08-03T19:20:31,AWAKE,0.2842,0.035,ML,0.6107,
2026-08-03T19:20:32,AWAKE,0.2384,0.0147,ML,0.6141,
2026-08-03T19:20:33,AWAKE,0.2511,0.0,ML,0.4163,
2026-08-03T19:20:34,AWAKE,0.2337,0.0153,ML,0.6029,
2026-08-03T19:20:35,AWAKE,0.2509,0.0,ML,0.4131,
2026-08-03T19:20:36,AWAKE,0.2034,0.0153,ML,0.6289,
2026-08-03T19:20:37,AWAKE,0.2155,0.0,ML,0.422,
2026-08-03T19:20:37,HEAD_DROP,0.1969,0.0,ML,0.3539,/Users/mac/Desktop/drowsiness_detector/logs/snapshots/HEAD_DROP_20260803_192037_877540.jpg
2026-08-03T19:20:38,AWAKE,0.2437,0.0148,ML,0.5998,
2026-08-03T19:20:39,AWAKE,0.1781,0.0149,ML,0.3098,
2026-08-03T19:20:40,AWAKE,0.2748,0.0149,ML,0.4947,
2026-08-03T19:20:41,HEAD_DROP,0.3061,0.0,ML,0.8251,/Users/mac/Desktop/drowsiness_detector/logs/snapshots/HEAD_DROP_20260803_192041_315374.jpg
2026-08-03T19:20:41,AWAKE,0.1203,0.0,ML,0.6111,
2026-08-03T19:20:42,AWAKE,0.2004,0.0,ML,0.3957,
2026-08-03T19:20:43,HEAD_DROP,0.3007,0.0147,ML,0.5308,/Users/mac/Desktop/drowsiness_detector/logs/snapshots/HEAD_DROP_20260803_192043_080031.jpg
2026-08-03T19:20:44,HEAD_DROP,0.3072,0.0147,ML,0.5194,/Users/mac/Desktop/drowsiness_detector/logs/snapshots/HEAD_DROP_20260803_192044_143068.jpg
2026-08-03T19:20:45,HEAD_DROP,0.2031,0.0149,ML,0.6357,/Users/mac/Desktop/drowsiness_detector/logs/snapshots/HEAD_DROP_20260803_192045_148961.jpg
2026-08-03T19:20:46,HEAD_DROP,0.2821,0.0153,ML,0.5553,/Users/mac/Desktop/drowsiness_detector/logs/snapshots/HEAD_DROP_20260803_192046_181338.jpg
2026-08-03T19:20:47,HEAD_DROP,0.319,0.0148,ML,0.4918,/Users/mac/Desktop/drowsiness_detector/logs/snapshots/HEAD_DROP_20260803_192047_246409.jpg
2026-08-03T19:20:48,HEAD_DROP,0.2818,0.0,ML,0.7258,/Users/mac/Desktop/drowsiness_detector/logs/snapshots/HEAD_DROP_20260803_192048_279701.jpg
2026-08-03T19:20:49,HEAD_DROP,0.2847,0.0,ML,0.7142,/Users/mac/Desktop/drowsiness_detector/logs/snapshots/HEAD_DROP_20260803_192049_346695.jpg
2026-08-03T19:20:50,HEAD_DROP,0.2683,0.0153,ML,0.4906,/Users/mac/Desktop/drowsiness_detector/logs/snapshots/HEAD_DROP_20260803_192050_409667.jpg
2026-08-03T19:20:51,HEAD_DROP,0.2789,0.0,ML,0.7821,/Users/mac/Desktop/drowsiness_detector/logs/snapshots/HEAD_DROP_20260803_192051_410155.jpg
2026-08-03T19:20:52,HEAD_DROP,0.2789,0.0213,ML,0.8663,/Users/mac/Desktop/drowsiness_detector/logs/snapshots/HEAD_DROP_20260803_192052_411148.jpg
2026-08-03T19:20:53,HEAD_DROP,0.3097,0.0354,ML,0.499,/Users/mac/Desktop/drowsiness_detector/logs/snapshots/HEAD_DROP_20260803_192053_444129.jpg
2026-08-03T19:20:53,AWAKE,0.2835,0.0328,ML,0.6035,
2026-08-03T19:20:54,AWAKE,0.2799,0.0155,ML,0.5345,
2026-08-03T19:20:55,AWAKE,0.2961,0.0148,ML,0.5747,
2026-08-03T19:20:56,HEAD_DROP,0.2981,0.0,ML,0.753,/Users/mac/Desktop/drowsiness_detector/logs/snapshots/HEAD_DROP_20260803_192056_309672.jpg
2026-08-03T19:20:57,HEAD_DROP,0.2876,0.0209,ML,0.8639,/Users/mac/Desktop/drowsiness_detector/logs/snapshots/HEAD_DROP_20260803_192057_341307.jpg
2026-08-03T19:20:58,HEAD_DROP,0.2921,0.0,ML,0.6607,/Users/mac/Desktop/drowsiness_detector/logs/snapshots/HEAD_DROP_20260803_192058_406807.jpg
2026-08-03T19:20:59,AWAKE,0.1607,0.0216,ML,0.6917,
2026-08-03T19:21:00,AWAKE,0.2955,0.045,ML,0.6521,
2026-08-03T19:21:01,AWAKE,0.2797,0.0151,ML,0.5239,
2026-08-03T19:21:01,HEAD_DROP,0.3077,0.0151,ML,0.5075,/Users/mac/Desktop/drowsiness_detector/logs/snapshots/HEAD_DROP_20260803_192101_473272.jpg
2026-08-03T19:21:02,AWAKE,0.2604,0.0171,ML,0.485,
2026-08-03T19:21:03,AWAKE,0.261,0.0159,ML,0.4994,
2026-08-03T19:21:04,AWAKE,0.2021,0.1197,ML,0.6781,
2026-08-03T19:21:05,AWAKE,0.3502,0.0155,ML,0.5417,
2026-08-03T19:21:06,AWAKE,0.2674,0.021,ML,0.8841,
2026-08-03T19:21:07,AWAKE,0.3393,0.0302,ML,0.4444,
2026-08-03T19:21:08,HEAD_DROP,0.3518,0.0293,ML,0.4776,/Users/mac/Desktop/drowsiness_detector/logs/snapshots/HEAD_DROP_20260803_192108_234386.jpg
2026-08-03T19:21:08,AWAKE,0.3333,0.0604,ML,0.6697,
2026-08-03T19:21:09,AWAKE,0.2767,0.0,ML,0.7996,
2026-08-03T19:21:10,AWAKE,0.244,0.0,ML,0.4391,
2026-08-03T19:21:11,AWAKE,0.2627,0.0,ML,0.7408,
2026-08-03T19:21:11,HEAD_DROP,0.2422,0.0,ML,0.4366,/Users/mac/Desktop/drowsiness_detector/logs/snapshots/HEAD_DROP_20260803_192111_532463.jpg
2026-08-03T19:21:12,AWAKE,0.2647,0.0667,ML,0.7658,
2026-08-03T19:21:13,YAWNING,0.2219,0.9528,ML,0.9966,
2026-08-03T19:21:14,YAWNING,0.2037,1.14,ML,0.9992,
2026-08-03T19:21:15,YAWNING,0.1793,1.5118,ML,0.9975,
2026-08-03T19:21:16,YAWNING,0.1862,0.7037,ML,1.0,
2026-08-03T19:21:16,AWAKE,0.2182,0.1569,ML,0.441,
2026-08-03T19:21:17,AWAKE,0.2984,0.0,ML,0.7641,
2026-08-03T19:21:18,AWAKE,0.2934,0.0,ML,0.6635,
2026-08-03T19:21:19,AWAKE,0.2435,1.125,ML,0.9998,
2026-08-03T19:21:19,YAWNING,0.2018,1.0682,ML,0.9992,
2026-08-03T19:21:20,YAWNING,0.1795,1.0945,ML,1.0,
2026-08-03T19:21:22,YAWNING,0.2657,0.9879,ML,0.9725,
2026-08-03T19:21:23,YAWNING,0.2295,1.2156,ML,0.9962,
2026-08-03T19:21:23,AWAKE,0.291,0.1465,ML,0.698,
2026-08-03T19:21:24,AWAKE,0.2323,0.0,ML,0.3868,
2026-08-03T19:21:25,AWAKE,0.3218,0.0,ML,0.8069,
2026-08-03T19:21:26,AWAKE,0.3111,0.0,ML,0.837,
2026-08-03T19:21:28,AWAKE,0.2624,0.0141,ML,0.5018,
2026-08-03T19:21:29,AWAKE,0.2735,0.0166,ML,0.499,
2026-08-03T19:21:30,AWAKE,0.2423,0.0226,ML,0.5291,
2026-08-03T19:21:31,AWAKE,0.276,0.0,ML,0.7996,
2026-08-03T19:21:31,NO_FACE,0.0,0.0,RULE,0.0,
2026-08-03T19:21:31,AWAKE,0.4261,0.1015,ML,0.6108,
2026-08-03T19:21:32,AWAKE,0.2843,0.0545,ML,0.7315,
2026-08-03T19:21:33,AWAKE,0.1162,0.0122,ML,0.5412,
2026-08-03T19:52:11,AWAKE,0.2686,0.0,RULE,0.0,
2026-08-03T19:52:12,AWAKE,0.2659,0.0,RULE,0.0,
2026-08-03T19:52:13,AWAKE,0.2801,0.0,RULE,0.0,
2026-08-03T19:52:13,HEAD_DROP,0.2671,0.0,RULE,0.0,/Users/mac/Desktop/drowsiness_detector/logs/snapshots/HEAD_DROP_20260803_195213_418430.jpg
2026-08-03T19:52:14,AWAKE,0.2726,0.0,RULE,0.0,
2026-08-03T19:52:15,AWAKE,0.243,0.0143,RULE,0.0,
2026-08-03T19:52:16,AWAKE,0.3031,0.0,RULE,0.0,
2026-08-03T19:52:17,AWAKE,0.2702,0.0806,RULE,0.0,
2026-08-03T19:52:18,AWAKE,0.1783,0.2124,RULE,0.0,
2026-08-03T19:52:19,AWAKE,0.2909,0.0222,RULE,0.0,
2026-08-03T19:52:20,AWAKE,0.1851,0.0328,RULE,0.0,
2026-08-03T19:52:21,EYE_WARNING,0.1501,0.0355,RULE,0.0,
2026-08-03T19:52:22,DROWSY_ALERT,0.1192,0.0159,RULE,0.0,/Users/mac/Desktop/drowsiness_detector/logs/snapshots/DROWSY_ALERT_20260803_195222_080108.jpg
2026-08-03T19:52:23,DROWSY_ALERT,0.1262,0.0156,RULE,0.0,/Users/mac/Desktop/drowsiness_detector/logs/snapshots/DROWSY_ALERT_20260803_195223_112402.jpg
2026-08-03T19:52:24,DROWSY_ALERT,0.1934,0.0,RULE,0.0,/Users/mac/Desktop/drowsiness_detector/logs/snapshots/DROWSY_ALERT_20260803_195224_112689.jpg
2026-08-03T19:52:24,AWAKE,0.223,0.0,RULE,0.0,
2026-08-03T19:52:25,AWAKE,0.3439,0.0422,RULE,0.0,
2026-08-03T19:52:25,HEAD_DROP,0.2755,0.3188,RULE,0.0,/Users/mac/Desktop/drowsiness_detector/logs/snapshots/HEAD_DROP_20260803_195225_345086.jpg
2026-08-03T19:52:25,AWAKE,0.3027,0.2404,RULE,0.0,
2026-08-03T19:52:26,HEAD_DROP,0.2986,0.0175,RULE,0.0,/Users/mac/Desktop/drowsiness_detector/logs/snapshots/HEAD_DROP_20260803_195226_145356.jpg
2026-08-03T19:52:27,HEAD_DROP,0.2684,0.0,RULE,0.0,/Users/mac/Desktop/drowsiness_detector/logs/snapshots/HEAD_DROP_20260803_195227_177882.jpg
2026-08-03T19:52:28,HEAD_DROP,0.2668,0.0215,RULE,0.0,/Users/mac/Desktop/drowsiness_detector/logs/snapshots/HEAD_DROP_20260803_195228_210848.jpg
2026-08-03T19:52:28,AWAKE,0.1983,0.0,RULE,0.0,
2026-08-03T19:52:29,AWAKE,0.2707,0.0599,RULE,0.0,
2026-08-03T19:52:30,AWAKE,0.1685,0.0,RULE,0.0,
2026-08-03T19:52:31,AWAKE,0.2314,0.0,RULE,0.0,
2026-08-03T19:52:32,AWAKE,0.2542,0.0,RULE,0.0,
2026-08-03T19:52:33,AWAKE,0.1205,0.0164,RULE,0.0,
2026-08-03T19:52:33,EYE_WARNING,0.1176,0.0,RULE,0.0,
2026-08-03T19:52:34,DROWSY_ALERT,0.1102,0.0,RULE,0.0,/Users/mac/Desktop/drowsiness_detector/logs/snapshots/DROWSY_ALERT_20260803_195234_611323.jpg
2026-08-03T19:52:35,DROWSY_ALERT,0.0823,0.0,RULE,0.0,/Users/mac/Desktop/drowsiness_detector/logs/snapshots/DROWSY_ALERT_20260803_195235_639757.jpg
2026-08-03T19:52:36,DROWSY_ALERT,0.1228,0.0,RULE,0.0,/Users/mac/Desktop/drowsiness_detector/logs/snapshots/DROWSY_ALERT_20260803_195236_644043.jpg
2026-08-03T19:52:36,AWAKE,0.2236,0.0,RULE,0.0,
2026-08-03T19:52:37,NO_FACE,0.0,0.0,RULE,0.0,
2026-08-03T19:52:38,NO_FACE,0.0,0.0,RULE,0.0,
2026-08-03T19:52:39,NO_FACE,0.0,0.0,RULE,0.0,
2026-08-03T19:52:40,NO_FACE,0.0,0.0,RULE,0.0,
2026-08-03T19:52:40,AWAKE,0.1564,0.0,RULE,0.0,
2026-08-03T19:52:40,NO_FACE,0.0,0.0,RULE,0.0,
2026-08-03T19:52:40,AWAKE,0.2316,0.0178,RULE,0.0,
2026-08-03T19:52:40,HEAD_DROP,0.254,0.0,RULE,0.0,/Users/mac/Desktop/drowsiness_detector/logs/snapshots/HEAD_DROP_20260803_195240_805345.jpg
2026-08-03T19:52:41,HEAD_DROP,0.263,0.0,RULE,0.0,/Users/mac/Desktop/drowsiness_detector/logs/snapshots/HEAD_DROP_20260803_195241_837969.jpg
2026-08-03T19:52:41,AWAKE,0.2666,0.0151,RULE,0.0,
2026-08-03T19:52:42,AWAKE,0.1479,0.0345,RULE,0.0,
2026-08-03T19:52:43,HEAD_DROP,0.1222,0.0333,RULE,0.0,/Users/mac/Desktop/drowsiness_detector/logs/snapshots/HEAD_DROP_20260803_195243_103385.jpg
2026-08-03T19:52:44,HEAD_DROP,0.0465,0.0483,RULE,0.0,/Users/mac/Desktop/drowsiness_detector/logs/snapshots/HEAD_DROP_20260803_195244_137131.jpg
2026-08-03T19:52:45,HEAD_DROP,0.1361,0.0332,RULE,0.0,/Users/mac/Desktop/drowsiness_detector/logs/snapshots/HEAD_DROP_20260803_195245_169246.jpg
2026-08-03T19:52:46,HEAD_DROP,0.1776,0.0447,RULE,0.0,/Users/mac/Desktop/drowsiness_detector/logs/snapshots/HEAD_DROP_20260803_195246_202588.jpg
2026-08-03T19:52:47,HEAD_DROP,0.1872,0.0948,RULE,0.0,/Users/mac/Desktop/drowsiness_detector/logs/snapshots/HEAD_DROP_20260803_195247_235433.jpg
2026-08-03T19:52:48,HEAD_DROP,0.2035,0.0,RULE,0.0,/Users/mac/Desktop/drowsiness_detector/logs/snapshots/HEAD_DROP_20260803_195248_268406.jpg
2026-08-03T19:52:49,HEAD_DROP,0.1629,0.0552,RULE,0.0,/Users/mac/Desktop/drowsiness_detector/logs/snapshots/HEAD_DROP_20260803_195249_301153.jpg
2026-08-03T19:52:50,HEAD_DROP,0.1754,0.074,RULE,0.0,/Users/mac/Desktop/drowsiness_detector/logs/snapshots/HEAD_DROP_20260803_195250_334522.jpg
2026-08-03T19:52:51,HEAD_DROP,0.2001,0.0,RULE,0.0,/Users/mac/Desktop/drowsiness_detector/logs/snapshots/HEAD_DROP_20260803_195251_365915.jpg
2026-08-03T19:52:52,HEAD_DROP,0.215,0.0476,RULE,0.0,/Users/mac/Desktop/drowsiness_detector/logs/snapshots/HEAD_DROP_20260803_195252_401204.jpg
2026-08-03T19:52:53,HEAD_DROP,0.2445,0.0,RULE,0.0,/Users/mac/Desktop/drowsiness_detector/logs/snapshots/HEAD_DROP_20260803_195253_431666.jpg
2026-08-03T19:52:53,AWAKE,0.242,0.05,RULE,0.0,
2026-08-03T19:52:54,AWAKE,0.3118,0.0169,RULE,0.0,
2026-08-03T19:52:54,HEAD_DROP,0.294,0.0,RULE,0.0,/Users/mac/Desktop/drowsiness_detector/logs/snapshots/HEAD_DROP_20260803_195254_931192.jpg
2026-08-03T19:52:55,AWAKE,0.2459,0.0,RULE,0.0,
2026-08-03T19:52:56,AWAKE,0.1735,0.0136,RULE,0.0,
2026-08-03T20:00:33,AWAKE,0.0939,0.0556,ML,0.7075,
2026-08-03T20:00:34,AWAKE,0.1346,0.0135,ML,0.7759,
2026-08-03T20:00:35,AWAKE,0.19,0.0307,ML,0.7457,
2026-08-03T20:00:36,AWAKE,0.2546,0.0,ML,0.8142,
2026-08-03T20:00:37,AWAKE,0.2743,0.0,ML,0.9557,
2026-08-03T20:00:38,AWAKE,0.2818,0.0,ML,0.9201,
2026-08-03T20:00:39,AWAKE,0.1261,0.0,ML,0.6338,
2026-08-03T20:00:40,AWAKE,0.2543,0.0189,ML,0.6469,
2026-08-03T20:00:41,AWAKE,0.1672,0.0,ML,0.595,
2026-08-03T20:00:42,AWAKE,0.1205,0.0159,ML,0.5431,
2026-08-03T20:00:43,AWAKE,0.0988,0.0,ML,0.9002,
2026-08-03T20:00:43,EYE_WARNING,0.0942,0.0,ML,0.9977,
2026-08-03T20:00:44,EYE_WARNING,0.1017,0.0,ML,0.9925,
2026-08-03T20:00:45,DROWSY_ALERT,0.0879,0.0159,ML,0.8989,/Users/mac/Desktop/drowsiness_detector/logs/snapshots/DROWSY_ALERT_20260803_200045_141573.jpg
2026-08-03T20:00:45,AWAKE,0.163,0.0221,ML,0.8714,
2026-08-03T20:00:46,AWAKE,0.0989,0.0159,ML,0.8656,
2026-08-03T20:00:46,EYE_WARNING,0.0744,0.0,ML,0.9993,
2026-08-03T20:00:47,EYE_WARNING,0.098,0.0,ML,0.9589,
2026-08-03T20:00:48,DROWSY_ALERT,0.1033,0.0,ML,0.9779,/Users/mac/Desktop/drowsiness_detector/logs/snapshots/DROWSY_ALERT_20260803_200048_505565.jpg
2026-08-03T20:00:49,DROWSY_ALERT,0.0918,0.0,ML,0.9917,/Users/mac/Desktop/drowsiness_detector/logs/snapshots/DROWSY_ALERT_20260803_200049_506407.jpg
2026-08-03T20:00:49,AWAKE,0.1683,0.0,ML,0.5995,
2026-08-03T20:00:51,AWAKE,0.1945,0.0156,ML,0.8603,
2026-08-03T20:00:52,AWAKE,0.2605,0.0154,ML,0.9844,
2026-08-03T20:00:53,AWAKE,0.2523,0.0156,ML,0.9412,
2026-08-03T20:00:54,AWAKE,0.2357,0.0218,ML,0.7193,
2026-08-03T20:00:55,AWAKE,0.1275,0.0,ML,0.6604,
2026-08-03T20:00:56,AWAKE,0.1174,0.0,ML,0.7154,
2026-08-03T20:00:56,EYE_WARNING,0.0974,0.0,ML,0.9618,
2026-08-03T20:00:57,EYE_WARNING,0.0915,0.0312,ML,0.793,
2026-08-03T20:00:57,AWAKE,0.1266,0.0317,ML,0.6855,
2026-08-03T20:00:58,AWAKE,0.0856,0.0151,ML,0.899,
2026-08-03T20:00:59,EYE_WARNING,0.076,0.0156,ML,0.8854,
2026-08-03T20:01:00,EYE_WARNING,0.1115,0.0,ML,0.8603,
2026-08-03T20:01:00,DROWSY_ALERT,0.1053,0.0,ML,0.9282,/Users/mac/Desktop/drowsiness_detector/logs/snapshots/DROWSY_ALERT_20260803_200100_767284.jpg
2026-08-03T20:01:00,AWAKE,0.1329,0.0151,ML,0.7709,
2026-08-03T20:01:01,AWAKE,0.193,0.0,ML,0.5716,
2026-08-03T20:01:02,AWAKE,0.1846,0.0151,ML,0.8854,
2026-08-03T20:01:03,AWAKE,0.2848,0.0,ML,0.8636,
2026-08-03T20:01:04,AWAKE,0.2519,0.0,ML,0.6928,
2026-08-03T20:01:05,AWAKE,0.2738,0.0,ML,0.9555,
2026-08-03T20:01:06,AWAKE,0.2544,0.0159,ML,0.9467,
2026-08-03T20:01:07,AWAKE,0.2765,0.0217,ML,0.6195,
2026-08-03T20:01:08,AWAKE,0.2612,0.0149,ML,0.9844,
2026-08-03T20:01:09,HEAD_DROP,0.2634,0.0151,ML,0.98,/Users/mac/Desktop/drowsiness_detector/logs/snapshots/HEAD_DROP_20260803_200109_430313.jpg
2026-08-03T20:01:10,HEAD_DROP,0.2483,0.0151,ML,0.9332,/Users/mac/Desktop/drowsiness_detector/logs/snapshots/HEAD_DROP_20260803_200110_462823.jpg
2026-08-03T20:01:10,AWAKE,0.2433,0.0,ML,0.7773,
2026-08-03T20:01:11,AWAKE,0.256,0.0,ML,0.8176,
2026-08-03T20:01:12,AWAKE,0.1897,0.0,ML,0.572,
2026-08-03T20:01:14,AWAKE,0.1286,0.0,ML,0.6903,
2026-08-03T20:01:15,AWAKE,0.2686,0.0,ML,0.8859,
2026-08-03T20:01:16,AWAKE,0.2517,0.0184,ML,0.5054,
2026-08-03T20:01:17,AWAKE,0.2479,0.0,ML,0.6754,
2026-08-03T20:01:18,AWAKE,0.2358,0.0178,ML,0.7609,
2026-08-03T20:01:19,AWAKE,0.2317,0.0,ML,0.773,
2026-08-03T20:01:20,AWAKE,0.2746,0.0184,ML,0.5141,
2026-08-03T20:01:21,AWAKE,0.2486,0.0,ML,0.7008,
2026-08-03T20:01:22,AWAKE,0.2197,0.0,ML,0.8295,
2026-08-03T20:01:23,AWAKE,0.2287,0.0,ML,0.7576,
2026-08-03T20:01:24,AWAKE,0.3059,0.0,ML,0.9725,
2026-08-03T20:01:25,AWAKE,0.2305,0.0,ML,0.7909,
2026-08-03T20:01:26,AWAKE,0.1658,0.0,ML,0.5859,
2026-08-03T20:01:27,AWAKE,0.1726,0.0,ML,0.6039,
2026-08-03T20:01:28,AWAKE,0.2254,0.0465,ML,0.6919,
2026-08-03T20:01:29,AWAKE,0.1961,0.0,ML,0.5495,
2026-08-03T20:01:30,AWAKE,0.2228,0.0312,ML,0.5479,
2026-08-03T20:01:31,AWAKE,0.184,0.0,ML,0.6022,
2026-08-03T20:01:32,AWAKE,0.1328,0.0335,ML,0.7269,
2026-08-03T20:01:33,AWAKE,0.2052,0.0,ML,0.6945,
2026-08-03T20:01:34,AWAKE,0.2152,0.0,ML,0.8665,
2026-08-03T20:01:35,AWAKE,0.1957,0.0,ML,0.5495,
2026-08-03T20:01:36,AWAKE,0.106,0.0,ML,0.9344,
2026-08-03T20:01:37,AWAKE,0.1586,0.0288,ML,0.7803,
2026-08-03T20:01:39,AWAKE,0.2495,0.0,ML,0.7048,
2026-08-03T20:01:40,AWAKE,0.3067,0.2237,ML,0.8006,
2026-08-03T20:01:41,AWAKE,0.2832,0.0406,ML,0.7405,
2026-08-03T20:01:42,AWAKE,0.2841,0.0217,ML,0.5358,
2026-08-03T20:01:43,AWAKE,0.2849,0.1288,ML,0.868,
2026-08-03T20:01:44,AWAKE,0.4523,0.0734,ML,0.84,
2026-08-03T20:08:10,AWAKE,0.2207,0.0339,ML,0.534,
2026-08-03T20:08:11,AWAKE,0.2245,0.0182,ML,0.7702,
2026-08-03T20:08:12,AWAKE,0.2321,0.0351,ML,0.6102,
2026-08-03T20:08:13,AWAKE,0.2644,0.0526,ML,0.7854,
2026-08-03T20:08:14,AWAKE,0.2317,0.2066,ML,0.7927,
2026-08-03T20:08:15,AWAKE,0.2448,0.0535,ML,0.6924,
2026-08-03T20:08:17,AWAKE,0.3077,0.0977,ML,0.8042,
2026-08-03T20:08:18,AWAKE,0.2861,0.0604,ML,0.8343,
2026-08-03T20:08:19,AWAKE,0.2832,0.0382,ML,0.7145,
2026-08-03T20:08:20,AWAKE,0.1861,0.0,ML,0.6082,
2026-08-03T20:16:18,AWAKE,0.2297,0.0905,ML,0.7874,
2026-08-03T20:16:19,AWAKE,0.2218,0.081,ML,0.7287,
2026-08-03T20:16:20,AWAKE,0.195,0.0789,ML,0.7966,
2026-08-03T20:16:21,AWAKE,0.2235,0.0572,ML,0.7181,
2026-08-03T20:16:22,AWAKE,0.1927,0.0865,ML,0.7991,
2026-08-03T20:16:23,AWAKE,0.2643,0.0547,ML,0.8228,
2026-08-03T20:16:24,AWAKE,0.2877,0.041,ML,0.7118,
2026-08-03T20:16:25,AWAKE,0.2653,0.0169,ML,0.9719,
2026-08-03T20:16:26,AWAKE,0.3017,0.0156,ML,0.9954,
2026-08-03T20:16:27,AWAKE,0.2962,0.0214,ML,0.6564,
2026-08-03T20:16:29,AWAKE,0.2354,0.0164,ML,0.7596,
2026-08-03T20:16:30,AWAKE,0.3079,0.0232,ML,0.6361,
2026-08-03T20:16:31,AWAKE,0.3152,0.0,ML,0.9425,
2026-08-03T20:16:32,AWAKE,0.2673,0.0243,ML,0.6318,
2026-08-03T20:16:33,AWAKE,0.2263,0.0351,ML,0.5914,
2026-08-03T20:16:33,NO_FACE,0.0,0.0,RULE,0.0,
2026-08-03T20:16:33,AWAKE,0.2553,0.0418,ML,0.5803,
2026-08-03T20:16:33,NO_FACE,0.0,0.0,RULE,0.0,
2026-08-03T20:16:33,AWAKE,0.2234,0.0265,ML,0.5631,
2026-08-03T20:16:34,AWAKE,0.2082,0.0,ML,0.7106,
2026-08-03T20:16:35,AWAKE,0.1157,0.0,ML,0.751,
2026-08-03T20:16:36,AWAKE,0.1779,0.0,ML,0.6246,
2026-08-03T20:16:37,AWAKE,0.3389,0.0151,ML,0.9353,
2026-08-03T20:16:38,AWAKE,0.3216,0.2225,ML,0.8424,
2026-08-03T20:16:40,AWAKE,0.1584,0.0,ML,0.5019,
2026-08-03T20:27:45,AWAKE,0.2686,0.0,ML,0.8859,
2026-08-03T20:27:46,AWAKE,0.2929,0.0,ML,0.9671,
2026-08-03T20:27:47,AWAKE,0.2635,0.0,ML,0.8905,
2026-08-03T20:27:48,AWAKE,0.2555,0.0,ML,0.8209,
2026-08-03T20:27:49,NO_FACE,0.0,0.0,RULE,0.0,
2026-08-03T20:27:50,NO_FACE,0.0,0.0,RULE,0.0,
2026-08-03T20:27:51,NO_FACE,0.0,0.0,RULE,0.0,
2026-08-03T20:27:51,AWAKE,0.1991,0.0,ML,0.5987,
2026-08-03T20:27:52,NO_FACE,0.0,0.0,RULE,0.0,
2026-08-03T20:27:52,AWAKE,0.25,0.024,ML,0.7106,
2026-08-03T20:27:54,AWAKE,0.3008,0.0,ML,0.9555,
2026-08-03T20:27:55,AWAKE,0.092,0.0,ML,0.9906,
2026-08-03T20:27:56,AWAKE,0.0964,0.0145,ML,0.8906,
2026-08-03T20:27:57,AWAKE,0.2904,0.0147,ML,0.9948,
2026-08-03T20:27:58,AWAKE,0.1824,0.014,ML,0.8901,
2026-08-03T20:27:59,AWAKE,0.2954,0.5029,ML,0.8335,
2026-08-03T20:28:00,AWAKE,0.2433,0.0138,ML,0.8607,
2026-08-03T20:28:01,AWAKE,0.1632,0.0134,ML,0.8462,
2026-08-03T20:28:02,AWAKE,0.1313,0.0408,ML,0.7983,
2026-08-03T20:28:03,AWAKE,0.1385,0.0134,ML,0.7647,
2026-08-03T20:28:04,AWAKE,0.134,0.0185,ML,0.7328,
2026-08-03T20:28:05,AWAKE,0.1002,0.0265,ML,0.8282,
2026-08-03T20:28:06,AWAKE,0.2427,0.0,ML,0.7607,
2026-08-03T20:28:07,AWAKE,0.3473,0.0392,ML,0.7094,
2026-08-03T20:28:08,AWAKE,0.1994,0.0,ML,0.5904,
2026-08-03T20:29:44,AWAKE,0.241,0.0188,RULE,0.0,
2026-08-03T20:29:45,AWAKE,0.1044,0.0186,RULE,0.0,
2026-08-03T20:29:46,EYE_WARNING,0.0794,0.0,RULE,0.0,
2026-08-03T20:29:46,DROWSY_ALERT,0.0788,0.0,RULE,0.0,/Users/mac/Desktop/drowsiness_detector/logs/snapshots/DROWSY_ALERT_20260803_202946_864339.jpg
2026-08-03T20:29:47,AWAKE,0.2226,0.0,RULE,0.0,
2026-08-03T20:29:48,AWAKE,0.2806,0.0,RULE,0.0,
2026-08-03T20:29:48,HEAD_DROP,0.2892,0.0167,RULE,0.0,/Users/mac/Desktop/drowsiness_detector/logs/snapshots/HEAD_DROP_20260803_202948_875326.jpg
2026-08-03T20:29:49,HEAD_DROP,0.2049,0.0,RULE,0.0,/Users/mac/Desktop/drowsiness_detector/logs/snapshots/HEAD_DROP_20260803_202949_893906.jpg
2026-08-03T20:29:50,AWAKE,0.3066,0.0391,RULE,0.0,
2026-08-03T20:29:51,AWAKE,0.2798,0.0,RULE,0.0,
2026-08-03T21:21:58,AWAKE,0.1863,0.2401,RULE,0.0,
2026-08-03T21:21:59,AWAKE,0.186,0.25,RULE,0.0,
2026-08-03T21:22:00,AWAKE,0.1643,0.268,RULE,0.0,
2026-08-03T21:22:01,AWAKE,0.2508,0.0769,RULE,0.0,
2026-08-03T21:22:02,AWAKE,0.2779,0.4245,RULE,0.0,
2026-08-03T21:22:03,NO_FACE,0.0,0.0,RULE,0.0,
2026-08-03T21:22:03,AWAKE,0.2797,0.0527,RULE,0.0,
2026-08-03T21:22:05,AWAKE,0.2197,0.357,RULE,0.0,
2026-08-03T21:22:06,EYE_WARNING,0.0489,0.0512,RULE,0.0,
2026-08-03T21:22:06,DROWSY_ALERT,0.1012,0.0526,RULE,0.0,/Users/mac/Desktop/drowsiness_detector/logs/snapshots/DROWSY_ALERT_20260803_212206_840381.jpg
2026-08-03T21:22:07,DROWSY_ALERT,0.0793,0.0526,RULE,0.0,/Users/mac/Desktop/drowsiness_detector/logs/snapshots/DROWSY_ALERT_20260803_212207_873158.jpg
2026-08-03T21:22:08,DROWSY_ALERT,0.0742,0.0263,RULE,0.0,/Users/mac/Desktop/drowsiness_detector/logs/snapshots/DROWSY_ALERT_20260803_212208_873980.jpg
2026-08-03T21:22:09,AWAKE,0.1853,0.0513,RULE,0.0,
2026-08-03T21:22:10,AWAKE,0.1997,0.0769,RULE,0.0,
2026-08-03T21:22:11,AWAKE,0.2151,0.0244,RULE,0.0,
2026-08-03T21:22:12,AWAKE,0.0539,0.0,RULE,0.0,
2026-08-03T21:22:12,EYE_WARNING,0.0801,0.0,RULE,0.0,
2026-08-03T21:22:13,DROWSY_ALERT,0.0769,0.0277,RULE,0.0,/Users/mac/Desktop/drowsiness_detector/logs/snapshots/DROWSY_ALERT_20260803_212213_334221.jpg
2026-08-03T21:22:14,AWAKE,0.1783,0.0513,RULE,0.0,
2026-08-03T21:22:15,AWAKE,0.2489,0.1,RULE,0.0,
2026-08-03T21:22:15,NO_FACE,0.0,0.0,RULE,0.0,
2026-08-03T21:22:16,NO_FACE,0.0,0.0,RULE,0.0,
2026-08-03T21:22:17,NO_FACE,0.0,0.0,RULE,0.0,
2026-08-03T21:22:18,NO_FACE,0.0,0.0,RULE,0.0,
2026-08-03T21:22:19,NO_FACE,0.0,0.0,RULE,0.0,
2026-08-03T21:22:19,AWAKE,0.3708,0.0,RULE,0.0,
2026-08-03T21:22:20,NO_FACE,0.0,0.0,RULE,0.0,
2026-08-03T21:22:21,AWAKE,0.2117,0.0,RULE,0.0,
2026-08-03T21:22:21,NO_FACE,0.0,0.0,RULE,0.0,
2026-08-03T21:22:21,HEAD_DROP,0.2776,0.0312,RULE,0.0,/Users/mac/Desktop/drowsiness_detector/logs/snapshots/HEAD_DROP_20260803_212221_202942.jpg
2026-08-03T21:22:22,HEAD_DROP,0.1849,0.0,RULE,0.0,/Users/mac/Desktop/drowsiness_detector/logs/snapshots/HEAD_DROP_20260803_212222_233721.jpg
2026-08-03T21:22:23,HEAD_DROP,0.1573,0.0749,RULE,0.0,/Users/mac/Desktop/drowsiness_detector/logs/snapshots/HEAD_DROP_20260803_212223_266630.jpg
2026-08-03T21:22:23,AWAKE,0.2855,0.0277,RULE,0.0,
2026-08-03T21:22:24,NO_FACE,0.0,0.0,RULE,0.0,
2026-08-03T21:22:24,AWAKE,0.2108,0.2626,RULE,0.0,
2026-08-03T21:22:25,AWAKE,0.2058,0.0261,RULE,0.0,
2026-08-03T21:22:26,AWAKE,0.3194,0.0,RULE,0.0,
2026-08-03T21:22:27,AWAKE,0.2429,0.0228,RULE,0.0,
2026-08-03T21:22:28,AWAKE,0.1206,0.0,RULE,0.0,
2026-08-03T21:22:29,EYE_WARNING,0.0851,0.0,RULE,0.0,
2026-08-03T21:22:29,DROWSY_ALERT,0.0866,0.0179,RULE,0.0,/Users/mac/Desktop/drowsiness_detector/logs/snapshots/DROWSY_ALERT_20260803_212229_930842.jpg
2026-08-03T21:22:30,DROWSY_ALERT,0.1273,0.0192,RULE,0.0,/Users/mac/Desktop/drowsiness_detector/logs/snapshots/DROWSY_ALERT_20260803_212230_961823.jpg
2026-08-03T21:22:31,AWAKE,0.171,0.0,RULE,0.0,
2026-08-03T21:22:31,HEAD_DROP,0.1714,0.0,RULE,0.0,/Users/mac/Desktop/drowsiness_detector/logs/snapshots/HEAD_DROP_20260803_212231_726953.jpg
2026-08-03T21:22:32,HEAD_DROP,0.104,0.0,RULE,0.0,/Users/mac/Desktop/drowsiness_detector/logs/snapshots/HEAD_DROP_20260803_212232_730183.jpg
2026-08-03T21:22:33,DROWSY_ALERT,0.14,0.0,RULE,0.0,/Users/mac/Desktop/drowsiness_detector/logs/snapshots/DROWSY_ALERT_20260803_212233_229397.jpg
2026-08-03T21:22:33,HEAD_DROP,0.1658,0.0,RULE,0.0,/Users/mac/Desktop/drowsiness_detector/logs/snapshots/HEAD_DROP_20260803_212233_396382.jpg
2026-08-03T21:22:33,AWAKE,0.2242,0.0727,RULE,0.0,
2026-08-03T21:22:34,NO_FACE,0.0,0.0,RULE,0.0,
2026-08-03T21:22:34,AWAKE,0.2571,0.3783,RULE,0.0,
2026-08-03T21:22:34,NO_FACE,0.0,0.0,RULE,0.0,
2026-08-03T21:22:34,AWAKE,0.187,0.3394,RULE,0.0,
2026-08-03T21:22:34,NO_FACE,0.0,0.0,RULE,0.0,
2026-08-03T21:22:34,AWAKE,0.1857,0.4031,RULE,0.0,
2026-08-03T21:22:34,HEAD_DROP,0.2577,0.3646,RULE,0.0,/Users/mac/Desktop/drowsiness_detector/logs/snapshots/HEAD_DROP_20260803_212234_727834.jpg
2026-08-03T21:22:34,AWAKE,0.1487,0.2886,RULE,0.0,
2026-08-03T21:22:35,HEAD_DROP,0.1591,0.203,RULE,0.0,/Users/mac/Desktop/drowsiness_detector/logs/snapshots/HEAD_DROP_20260803_212235_796186.jpg
2026-08-03T21:22:36,HEAD_DROP,0.1334,0.2052,RULE,0.0,/Users/mac/Desktop/drowsiness_detector/logs/snapshots/HEAD_DROP_20260803_212236_827045.jpg
2026-08-03T21:22:37,NO_FACE,0.0,0.0,RULE,0.0,
2026-08-03T21:22:37,HEAD_DROP,0.121,0.2563,RULE,0.0,/Users/mac/Desktop/drowsiness_detector/logs/snapshots/HEAD_DROP_20260803_212237_662283.jpg
2026-08-03T21:22:38,HEAD_DROP,0.1871,0.2648,RULE,0.0,/Users/mac/Desktop/drowsiness_detector/logs/snapshots/HEAD_DROP_20260803_212238_662565.jpg
2026-08-03T21:22:39,HEAD_DROP,0.2005,0.2542,RULE,0.0,/Users/mac/Desktop/drowsiness_detector/logs/snapshots/HEAD_DROP_20260803_212239_695556.jpg
2026-08-03T21:22:40,HEAD_DROP,0.3386,0.1667,RULE,0.0,/Users/mac/Desktop/drowsiness_detector/logs/snapshots/HEAD_DROP_20260803_212240_695597.jpg
2026-08-03T21:22:41,HEAD_DROP,0.2162,0.1876,RULE,0.0,/Users/mac/Desktop/drowsiness_detector/logs/snapshots/HEAD_DROP_20260803_212241_727614.jpg
2026-08-03T21:22:42,HEAD_DROP,0.2393,0.1961,RULE,0.0,/Users/mac/Desktop/drowsiness_detector/logs/snapshots/HEAD_DROP_20260803_212242_728604.jpg
2026-08-03T21:22:43,AWAKE,0.2549,0.1771,RULE,0.0,
2026-08-03T21:22:43,HEAD_DROP,0.2455,0.1131,RULE,0.0,/Users/mac/Desktop/drowsiness_detector/logs/snapshots/HEAD_DROP_20260803_212243_957691.jpg
2026-08-03T21:22:44,HEAD_DROP,0.229,0.1828,RULE,0.0,/Users/mac/Desktop/drowsiness_detector/logs/snapshots/HEAD_DROP_20260803_212244_958196.jpg
2026-08-03T21:22:45,AWAKE,0.2388,0.1709,RULE,0.0,
2026-08-03T21:22:46,AWAKE,0.1789,0.3403,RULE,0.0,
2026-08-03T21:22:47,HEAD_DROP,0.1638,0.2729,RULE,0.0,/Users/mac/Desktop/drowsiness_detector/logs/snapshots/HEAD_DROP_20260803_212247_458598.jpg
2026-08-03T21:22:48,HEAD_DROP,0.2102,0.2506,RULE,0.0,/Users/mac/Desktop/drowsiness_detector/logs/snapshots/HEAD_DROP_20260803_212248_492929.jpg
2026-08-03T21:22:48,AWAKE,0.1648,0.2641,RULE,0.0,
2026-08-03T21:22:49,AWAKE,0.1367,0.0,RULE,0.0,
2026-08-03T21:22:50,AWAKE,0.1883,0.3018,RULE,0.0,
2026-08-03T21:22:51,AWAKE,0.1484,0.1537,RULE,0.0,
2026-08-03T21:22:52,HEAD_DROP,0.0561,0.0227,RULE,0.0,/Users/mac/Desktop/drowsiness_detector/logs/snapshots/HEAD_DROP_20260803_212252_223015.jpg
2026-08-03T21:22:53,HEAD_DROP,0.1832,0.0895,RULE,0.0,/Users/mac/Desktop/drowsiness_detector/logs/snapshots/HEAD_DROP_20260803_212253_255282.jpg
2026-08-03T21:22:53,AWAKE,0.1962,0.0869,RULE,0.0,
2026-08-03T21:22:54,NO_FACE,0.0,0.0,RULE,0.0,
2026-08-03T21:22:54,AWAKE,0.1887,0.0161,RULE,0.0,
2026-08-03T21:22:55,AWAKE,0.2009,0.0,RULE,0.0,
2026-08-03T21:22:56,AWAKE,0.2135,0.0364,RULE,0.0,
2026-08-03T21:22:57,AWAKE,0.2747,0.2078,RULE,0.0,
2026-08-03T21:22:58,AWAKE,0.1537,0.2842,RULE,0.0,
2026-08-04T11:32:35,AWAKE,0.2006,0.0,RULE,0.0,
2026-08-04T11:32:36,AWAKE,0.2716,0.0149,RULE,0.0,
2026-08-04T11:32:37,AWAKE,0.1,0.0,RULE,0.0,
2026-08-04T11:32:37,HEAD_DROP,0.2523,0.071,RULE,0.0,/Users/mac/Desktop/drowsiness_detector/logs/snapshots/HEAD_DROP_20260804_113237_796883.jpg
2026-08-04T11:32:38,HEAD_DROP,0.0474,0.0,RULE,0.0,/Users/mac/Desktop/drowsiness_detector/logs/snapshots/HEAD_DROP_20260804_113238_853408.jpg
2026-08-04T11:32:39,HEAD_DROP,0.0596,0.0364,RULE,0.0,/Users/mac/Desktop/drowsiness_detector/logs/snapshots/HEAD_DROP_20260804_113239_863441.jpg
2026-08-04T11:32:40,HEAD_DROP,0.2551,0.0893,RULE,0.0,/Users/mac/Desktop/drowsiness_detector/logs/snapshots/HEAD_DROP_20260804_113240_895462.jpg
2026-08-04T11:32:41,AWAKE,0.285,0.0185,RULE,0.0,
2026-08-04T11:32:42,AWAKE,0.1842,0.0,RULE,0.0,
2026-08-04T11:32:43,AWAKE,0.1867,0.0,RULE,0.0,
2026-08-04T11:32:44,AWAKE,0.1471,0.0226,RULE,0.0,
2026-08-04T11:32:45,AWAKE,0.1524,0.0207,RULE,0.0,
2026-08-04T11:32:45,NO_FACE,0.0,0.0,RULE,0.0,
2026-08-04T11:32:46,AWAKE,0.1775,0.0216,RULE,0.0,
2026-08-04T11:32:47,EYE_WARNING,0.1093,0.0,RULE,0.0,
2026-08-04T11:32:47,AWAKE,0.1261,0.0,RULE,0.0,
2026-08-04T11:32:48,AWAKE,0.1095,0.0,RULE,0.0,
2026-08-04T11:32:49,HEAD_DROP,0.2625,0.0185,RULE,0.0,/Users/mac/Desktop/drowsiness_detector/logs/snapshots/HEAD_DROP_20260804_113249_560099.jpg
2026-08-04T11:32:50,HEAD_DROP,0.0528,0.0182,RULE,0.0,/Users/mac/Desktop/drowsiness_detector/logs/snapshots/HEAD_DROP_20260804_113250_560220.jpg
2026-08-04T11:32:51,DROWSY_ALERT,0.0365,0.0,RULE,0.0,/Users/mac/Desktop/drowsiness_detector/logs/snapshots/DROWSY_ALERT_20260804_113251_424103.jpg
2026-08-04T11:32:52,DROWSY_ALERT,0.0517,0.0,RULE,0.0,/Users/mac/Desktop/drowsiness_detector/logs/snapshots/DROWSY_ALERT_20260804_113252_424565.jpg
2026-08-04T11:32:53,DROWSY_ALERT,0.0208,0.0185,RULE,0.0,/Users/mac/Desktop/drowsiness_detector/logs/snapshots/DROWSY_ALERT_20260804_113253_425671.jpg
2026-08-04T11:32:53,HEAD_DROP,0.2098,0.0179,RULE,0.0,/Users/mac/Desktop/drowsiness_detector/logs/snapshots/HEAD_DROP_20260804_113253_892117.jpg
2026-08-04T11:32:54,AWAKE,0.2886,0.0179,RULE,0.0,
2026-08-04T11:32:55,AWAKE,0.1228,0.0,RULE,0.0,
2026-08-04T11:32:56,AWAKE,0.13,0.0,RULE,0.0,
2026-08-04T11:32:57,AWAKE,0.1666,0.0172,RULE,0.0,
2026-08-04T11:32:58,AWAKE,0.2356,0.0,RULE,0.0,
2026-08-08T11:59:42,AWAKE,0.2194,0.0,RULE,0.0,
2026-08-08T11:59:43,AWAKE,0.0855,0.0,RULE,0.0,
2026-08-08T11:59:44,AWAKE,0.0951,0.0154,RULE,0.0,
2026-08-08T11:59:45,AWAKE,0.094,0.2191,RULE,0.0,
2026-08-08T11:59:46,AWAKE,0.1219,0.0,RULE,0.0,
2026-08-08T11:59:47,AWAKE,0.0795,0.0571,RULE,0.0,
2026-08-08T11:59:48,AWAKE,0.1153,0.0,RULE,0.0,
2026-08-08T11:59:49,AWAKE,0.0999,0.0,RULE,0.0,
2026-08-08T11:59:50,AWAKE,0.0841,0.0145,RULE,0.0,
2026-08-08T11:59:51,AWAKE,0.1062,0.0153,RULE,0.0,
2026-08-08T11:59:51,NO_FACE,0.0,0.0,RULE,0.0,
2026-08-08T11:59:52,AWAKE,0.178,0.0,RULE,0.0,
2026-08-08T11:59:52,NO_FACE,0.0,0.0,RULE,0.0,
2026-08-08T11:59:52,AWAKE,0.2113,0.0221,RULE,0.0,
2026-08-08T11:59:52,HEAD_DROP,0.1766,0.0,RULE,0.0,/Users/mac/Desktop/drowsiness_detector/logs/snapshots/HEAD_DROP_20260808_115952_852328.jpg
2026-08-08T11:59:53,HEAD_DROP,0.1377,0.0,RULE,0.0,/Users/mac/Desktop/drowsiness_detector/logs/snapshots/HEAD_DROP_20260808_115953_882130.jpg
2026-08-08T11:59:54,HEAD_DROP,0.1469,0.0216,RULE,0.0,/Users/mac/Desktop/drowsiness_detector/logs/snapshots/HEAD_DROP_20260808_115954_915077.jpg
2026-08-08T11:59:55,HEAD_DROP,0.152,0.0158,RULE,0.0,/Users/mac/Desktop/drowsiness_detector/logs/snapshots/HEAD_DROP_20260808_115955_917392.jpg
2026-08-08T11:59:56,HEAD_DROP,0.1532,0.0,RULE,0.0,/Users/mac/Desktop/drowsiness_detector/logs/snapshots/HEAD_DROP_20260808_115956_949631.jpg
2026-08-08T11:59:57,HEAD_DROP,0.1464,0.0,RULE,0.0,/Users/mac/Desktop/drowsiness_detector/logs/snapshots/HEAD_DROP_20260808_115957_983695.jpg
2026-08-08T11:59:59,HEAD_DROP,0.1642,0.0156,RULE,0.0,/Users/mac/Desktop/drowsiness_detector/logs/snapshots/HEAD_DROP_20260808_115959_012779.jpg
2026-08-08T12:00:00,HEAD_DROP,0.1814,0.0359,RULE,0.0,/Users/mac/Desktop/drowsiness_detector/logs/snapshots/HEAD_DROP_20260808_120000_041685.jpg
2026-08-08T12:00:01,HEAD_DROP,0.1479,0.0172,RULE,0.0,/Users/mac/Desktop/drowsiness_detector/logs/snapshots/HEAD_DROP_20260808_120001_042245.jpg
2026-08-08T12:00:01,AWAKE,0.1072,0.0158,RULE,0.0,
2026-08-08T12:00:02,AWAKE,0.2767,0.0882,RULE,0.0,
2026-08-08T12:00:03,AWAKE,0.1,0.0,RULE,0.0,
2026-08-08T12:00:04,AWAKE,0.1154,0.0154,RULE,0.0,
2026-08-08T12:00:05,AWAKE,0.366,0.0179,RULE,0.0,
2026-08-08T12:00:06,AWAKE,0.2178,0.0151,RULE,0.0,
2026-08-08T12:00:07,AWAKE,0.129,0.0821,RULE,0.0,
2026-08-08T12:00:08,AWAKE,0.1592,0.0,RULE,0.0,
2026-08-08T12:00:09,AWAKE,0.2425,0.183,RULE,0.0,
2026-08-08T12:01:14,AWAKE,0.3114,0.024,RULE,0.0,
2026-08-08T12:01:15,AWAKE,0.1174,0.0224,RULE,0.0,
2026-08-08T12:01:16,HEAD_DROP,0.1802,0.0,RULE,0.0,/Users/mac/Desktop/drowsiness_detector/logs/snapshots/HEAD_DROP_20260808_120116_446756.jpg
2026-08-08T12:01:17,HEAD_DROP,0.195,0.0,RULE,0.0,/Users/mac/Desktop/drowsiness_detector/logs/snapshots/HEAD_DROP_20260808_120117_477471.jpg
2026-08-08T12:01:18,HEAD_DROP,0.2173,0.0212,RULE,0.0,/Users/mac/Desktop/drowsiness_detector/logs/snapshots/HEAD_DROP_20260808_120118_477802.jpg
2026-08-08T12:01:18,AWAKE,0.1683,0.1222,RULE,0.0,
2026-08-08T12:01:19,EYE_WARNING,0.0789,0.2117,RULE,0.0,
2026-08-08T12:01:19,AWAKE,0.207,0.2028,RULE,0.0,
2026-08-08T12:01:20,AWAKE,0.1621,0.0,RULE,0.0,
2026-08-08T12:01:21,EYE_WARNING,0.1232,0.0,RULE,0.0,
2026-08-08T12:01:22,DROWSY_ALERT,0.1179,0.0278,RULE,0.0,/Users/mac/Desktop/drowsiness_detector/logs/snapshots/DROWSY_ALERT_20260808_120122_109275.jpg
2026-08-08T12:01:23,DROWSY_ALERT,0.0838,0.0143,RULE,0.0,/Users/mac/Desktop/drowsiness_detector/logs/snapshots/DROWSY_ALERT_20260808_120123_109620.jpg
2026-08-08T12:01:24,DROWSY_ALERT,0.1133,0.0557,RULE,0.0,/Users/mac/Desktop/drowsiness_detector/logs/snapshots/DROWSY_ALERT_20260808_120124_110763.jpg
2026-08-08T12:01:25,DROWSY_ALERT,0.0969,0.1782,RULE,0.0,/Users/mac/Desktop/drowsiness_detector/logs/snapshots/DROWSY_ALERT_20260808_120125_140260.jpg
2026-08-08T12:01:25,AWAKE,0.1735,0.1822,RULE,0.0,
2026-08-08T12:01:26,AWAKE,0.2487,0.2531,RULE,0.0,
2026-08-08T12:01:27,AWAKE,0.1151,0.2183,RULE,0.0,
2026-08-08T12:01:27,EYE_WARNING,0.0792,0.2022,RULE,0.0,
2026-08-08T14:12:31,AWAKE,0.283,0.0,RULE,0.0,
2026-08-08T14:12:31,HEAD_DROP,0.2427,0.0,RULE,0.0,/Users/mac/Desktop/drowsiness_detector/logs/snapshots/HEAD_DROP_20260808_141231_837610.jpg
2026-08-08T14:12:32,AWAKE,0.1451,0.0,RULE,0.0,
2026-08-08T14:12:33,AWAKE,0.2789,0.0,RULE,0.0,
2026-08-08T14:12:34,AWAKE,0.2371,0.0,RULE,0.0,
2026-08-08T14:12:35,AWAKE,0.1741,0.0,RULE,0.0,
2026-08-08T14:12:36,AWAKE,0.2148,0.0195,RULE,0.0,
2026-08-08T14:12:37,HEAD_DROP,0.2661,0.0,RULE,0.0,/Users/mac/Desktop/drowsiness_detector/logs/snapshots/HEAD_DROP_20260808_141237_664264.jpg
2026-08-08T14:12:38,HEAD_DROP,0.2355,0.0172,RULE,0.0,/Users/mac/Desktop/drowsiness_detector/logs/snapshots/HEAD_DROP_20260808_141238_714834.jpg
2026-08-08T14:12:39,HEAD_DROP,0.2336,0.0197,RULE,0.0,/Users/mac/Desktop/drowsiness_detector/logs/snapshots/HEAD_DROP_20260808_141239_735729.jpg
2026-08-08T14:12:40,HEAD_DROP,0.2524,0.0191,RULE,0.0,/Users/mac/Desktop/drowsiness_detector/logs/snapshots/HEAD_DROP_20260808_141240_766636.jpg
2026-08-08T14:12:41,AWAKE,0.2454,0.0,RULE,0.0,
2026-08-08T14:12:42,AWAKE,0.2483,0.0,RULE,0.0,
2026-08-08T14:12:43,AWAKE,0.1786,0.0,RULE,0.0,
2026-08-08T14:12:44,AWAKE,0.2646,0.0,RULE,0.0,
2026-08-08T14:12:45,AWAKE,0.2834,0.0,RULE,0.0,
2026-08-08T14:12:46,AWAKE,0.2353,0.0,RULE,0.0,
2026-08-08T14:12:47,AWAKE,0.1817,0.0,RULE,0.0,
2026-08-08T14:12:48,AWAKE,0.262,0.0,RULE,0.0,
2026-08-10T14:17:19,AWAKE,0.1739,0.0518,RULE,0.0,
2026-08-10T14:17:20,AWAKE,0.1546,0.0,RULE,0.0,
2026-08-10T14:17:21,AWAKE,0.244,0.0167,RULE,0.0,
2026-08-10T14:17:22,AWAKE,0.2141,0.0154,RULE,0.0,
2026-08-10T14:17:23,AWAKE,0.2641,0.0,RULE,0.0,
2026-08-10T14:17:24,AWAKE,0.1132,0.0,RULE,0.0,
2026-08-10T14:17:25,EYE_WARNING,0.1115,0.0,RULE,0.0,
2026-08-10T14:17:25,AWAKE,0.147,0.0,RULE,0.0,
2026-08-10T14:17:26,AWAKE,0.2767,0.0154,RULE,0.0,
2026-08-10T14:17:27,AWAKE,0.2003,0.0,RULE,0.0,
2026-08-10T14:17:28,AWAKE,0.3031,0.0,RULE,0.0,
2026-08-10T14:17:29,AWAKE,0.1876,0.0143,RULE,0.0,
2026-08-10T14:17:30,AWAKE,0.249,0.0161,RULE,0.0,
2026-08-10T14:17:31,AWAKE,0.2372,0.0,RULE,0.0,
2026-08-10T14:17:32,AWAKE,0.2543,0.0,RULE,0.0,
2026-08-10T14:17:33,AWAKE,0.2373,0.0151,RULE,0.0,
2026-08-10T14:17:33,HEAD_DROP,0.2278,0.0151,RULE,0.0,/Users/mac/Desktop/drowsiness_detector/logs/snapshots/HEAD_DROP_20260810_141733_443256.jpg
2026-08-10T14:17:33,AWAKE,0.2347,0.0224,RULE,0.0,
2026-08-10T14:17:34,AWAKE,0.1992,0.0,RULE,0.0,
2026-08-10T14:17:35,HEAD_DROP,0.1283,0.0676,RULE,0.0,/Users/mac/Desktop/drowsiness_detector/logs/snapshots/HEAD_DROP_20260810_141735_140438.jpg
2026-08-10T14:17:36,HEAD_DROP,0.1859,0.0161,RULE,0.0,/Users/mac/Desktop/drowsiness_detector/logs/snapshots/HEAD_DROP_20260810_141736_141759.jpg
2026-08-10T14:17:36,AWAKE,0.2967,0.0154,RULE,0.0,
2026-08-10T14:17:37,AWAKE,0.2546,0.0,RULE,0.0,
2026-08-10T14:17:38,AWAKE,0.2424,0.0356,RULE,0.0,
2026-08-10T14:17:39,AWAKE,0.2883,0.0,RULE,0.0,
2026-08-10T14:17:40,AWAKE,0.1936,0.0154,RULE,0.0,
2026-08-10T14:17:41,AWAKE,0.1889,0.0,RULE,0.0,
2026-08-10T14:17:42,AWAKE,0.1333,0.0,RULE,0.0,
2026-08-10T14:17:44,AWAKE,0.2446,0.0154,RULE,0.0,
2026-08-10T14:17:45,AWAKE,0.2248,0.0,RULE,0.0,
2026-08-10T14:17:46,AWAKE,0.2323,0.0,RULE,0.0,
2026-08-10T14:17:47,AWAKE,0.2415,0.0,RULE,0.0,
2026-08-10T14:17:47,HEAD_DROP,0.4794,0.0,RULE,0.0,/Users/mac/Desktop/drowsiness_detector/logs/snapshots/HEAD_DROP_20260810_141747_436633.jpg
2026-08-10T14:17:47,NO_FACE,0.0,0.0,RULE,0.0,
2026-08-10T14:17:47,HEAD_DROP,0.7136,0.0655,RULE,0.0,/Users/mac/Desktop/drowsiness_detector/logs/snapshots/HEAD_DROP_20260810_141747_672150.jpg
2026-08-10T14:17:48,AWAKE,0.4751,0.3363,RULE,0.0,
2026-08-10T14:17:48,NO_FACE,0.0,0.0,RULE,0.0,
2026-08-10T14:17:48,AWAKE,0.3719,0.8233,RULE,0.0,
2026-08-10T14:17:49,NO_FACE,0.0,0.0,RULE,0.0,
2026-08-10T14:17:49,AWAKE,0.2954,0.0,RULE,0.0,
2026-08-10T14:17:49,NO_FACE,0.0,0.0,RULE,0.0,
2026-08-10T14:17:49,AWAKE,0.4208,0.031,RULE,0.0,
2026-08-10T14:17:49,NO_FACE,0.0,0.0,RULE,0.0,
2026-08-10T14:17:50,NO_FACE,0.0,0.0,RULE,0.0,
2026-08-10T14:17:51,AWAKE,0.4253,0.0,RULE,0.0,
2026-08-10T14:17:52,AWAKE,0.275,0.0,RULE,0.0,
2026-08-10T14:17:53,AWAKE,0.2367,0.0392,RULE,0.0,
2026-08-10T14:17:54,AWAKE,0.2348,0.0,RULE,0.0,
2026-08-10T14:17:55,AWAKE,0.2237,0.0,RULE,0.0,
2026-08-10T14:17:56,AWAKE,0.2382,0.0,RULE,0.0,
2026-08-10T14:17:57,AWAKE,0.2419,0.0217,RULE,0.0,
2026-08-10T14:17:58,AWAKE,0.237,0.0211,RULE,0.0,
2026-08-10T14:17:58,HEAD_DROP,0.2201,0.0266,RULE,0.0,/Users/mac/Desktop/drowsiness_detector/logs/snapshots/HEAD_DROP_20260810_141758_463332.jpg
2026-08-10T14:17:58,AWAKE,0.2355,0.0207,RULE,0.0,
2026-08-10T14:17:59,HEAD_DROP,0.2077,0.0299,RULE,0.0,/Users/mac/Desktop/drowsiness_detector/logs/snapshots/HEAD_DROP_20260810_141759_299177.jpg
2026-08-10T14:17:59,AWAKE,0.2409,0.0,RULE,0.0,
2026-08-10T14:18:00,AWAKE,0.2119,0.0,RULE,0.0,
2026-08-10T14:18:00,HEAD_DROP,0.2297,0.0,RULE,0.0,/Users/mac/Desktop/drowsiness_detector/logs/snapshots/HEAD_DROP_20260810_141800_829886.jpg
2026-08-10T14:18:01,HEAD_DROP,0.1842,0.0,RULE,0.0,/Users/mac/Desktop/drowsiness_detector/logs/snapshots/HEAD_DROP_20260810_141801_860203.jpg
2026-08-10T14:18:02,AWAKE,0.2104,0.0275,RULE,0.0,
2026-08-10T14:18:03,AWAKE,0.1854,0.0,RULE,0.0,
2026-08-10T14:18:04,AWAKE,0.1891,0.0,RULE,0.0,
2026-08-10T14:18:05,AWAKE,0.1994,0.0196,RULE,0.0,
2026-08-10T14:18:05,NO_FACE,0.0,0.0,RULE,0.0,
2026-08-10T14:18:06,AWAKE,0.1928,0.0297,RULE,0.0,
2026-08-10T14:18:06,NO_FACE,0.0,0.0,RULE,0.0,
2026-08-10T14:18:06,AWAKE,0.2031,0.0224,RULE,0.0,
2026-08-10T14:18:07,AWAKE,0.2066,0.0,RULE,0.0,
2026-08-10T14:18:07,NO_FACE,0.0,0.0,RULE,0.0,
2026-08-10T14:18:07,AWAKE,0.1809,0.0,RULE,0.0,
2026-08-10T14:18:08,HEAD_DROP,0.1928,0.0304,RULE,0.0,/Users/mac/Desktop/drowsiness_detector/logs/snapshots/HEAD_DROP_20260810_141808_391007.jpg
2026-08-10T14:18:08,NO_FACE,0.0,0.0,RULE,0.0,
2026-08-10T14:18:08,HEAD_DROP,0.2055,0.0203,RULE,0.0,/Users/mac/Desktop/drowsiness_detector/logs/snapshots/HEAD_DROP_20260810_141808_529919.jpg
2026-08-10T14:18:08,AWAKE,0.21,0.0194,RULE,0.0,
2026-08-10T14:18:09,NO_FACE,0.0,0.0,RULE,0.0,
2026-08-10T14:18:09,AWAKE,0.2085,0.0,RULE,0.0,
2026-08-10T14:18:09,NO_FACE,0.0,0.0,RULE,0.0,
2026-08-10T14:18:10,NO_FACE,0.0,0.0,RULE,0.0,
2026-08-10T14:18:11,AWAKE,0.2119,0.0172,RULE,0.0,
2026-08-10T14:18:11,NO_FACE,0.0,0.0,RULE,0.0,
2026-08-10T14:18:11,AWAKE,0.2008,0.0,RULE,0.0,
2026-08-10T14:18:11,NO_FACE,0.0,0.0,RULE,0.0,
2026-08-10T14:18:11,AWAKE,0.2306,0.02,RULE,0.0,
2026-08-10T14:18:11,NO_FACE,0.0,0.0,RULE,0.0,
2026-08-10T14:18:11,AWAKE,0.2121,0.0,RULE,0.0,
2026-08-10T14:18:11,NO_FACE,0.0,0.0,RULE,0.0,
2026-08-10T14:18:12,AWAKE,0.2193,0.0,RULE,0.0,
2026-08-10T14:18:12,NO_FACE,0.0,0.0,RULE,0.0,
2026-08-10T14:18:12,AWAKE,0.203,0.0182,RULE,0.0,
2026-08-10T14:18:12,NO_FACE,0.0,0.0,RULE,0.0,
2026-08-10T14:18:13,NO_FACE,0.0,0.0,RULE,0.0,
2026-08-10T14:18:13,AWAKE,0.2076,0.0,RULE,0.0,
2026-08-10T14:18:13,NO_FACE,0.0,0.0,RULE,0.0,
2026-08-10T14:18:14,AWAKE,0.2078,0.0,RULE,0.0,
2026-08-10T14:18:14,NO_FACE,0.0,0.0,RULE,0.0,
2026-08-10T14:18:15,NO_FACE,0.0,0.0,RULE,0.0,
2026-08-10T14:18:16,AWAKE,0.2024,0.0,RULE,0.0,
2026-08-10T14:18:16,NO_FACE,0.0,0.0,RULE,0.0,
2026-08-10T14:18:17,NO_FACE,0.0,0.0,RULE,0.0,
2026-08-10T14:18:18,AWAKE,0.2019,0.025,RULE,0.0,
2026-08-10T14:18:18,NO_FACE,0.0,0.0,RULE,0.0,
2026-08-10T14:18:18,AWAKE,0.2426,0.0,RULE,0.0,
2026-08-10T14:18:18,NO_FACE,0.0,0.0,RULE,0.0,
2026-08-10T14:18:18,AWAKE,0.21,0.0,RULE,0.0,
2026-08-10T14:18:19,AWAKE,0.2218,0.0227,RULE,0.0,
2026-08-10T14:18:20,HEAD_DROP,0.2393,0.0188,RULE,0.0,/Users/mac/Desktop/drowsiness_detector/logs/snapshots/HEAD_DROP_20260810_141820_324242.jpg
2026-08-10T14:18:21,AWAKE,0.2481,0.0227,RULE,0.0,
2026-08-10T14:18:21,NO_FACE,0.0,0.0,RULE,0.0,
2026-08-10T14:18:21,AWAKE,0.2035,0.0,RULE,0.0,
2026-08-10T14:18:22,HEAD_DROP,0.2614,0.0,RULE,0.0,/Users/mac/Desktop/drowsiness_detector/logs/snapshots/HEAD_DROP_20260810_141822_019337.jpg
2026-08-10T14:18:22,AWAKE,0.2408,0.0198,RULE,0.0,
2026-08-10T14:18:23,AWAKE,0.2803,0.0848,RULE,0.0,
2026-08-10T14:18:24,AWAKE,0.2311,0.0,RULE,0.0,
2026-08-10T14:18:25,AWAKE,0.2891,0.0,RULE,0.0,
2026-08-10T14:18:25,NO_FACE,0.0,0.0,RULE,0.0,
2026-08-10T14:18:25,AWAKE,0.3342,0.0,RULE,0.0,
2026-08-10T14:18:26,AWAKE,0.2851,0.0,RULE,0.0,
2026-08-10T14:18:26,HEAD_DROP,0.2122,0.0238,RULE,0.0,/Users/mac/Desktop/drowsiness_detector/logs/snapshots/HEAD_DROP_20260810_141826_885603.jpg
2026-08-10T14:18:27,AWAKE,0.268,0.0216,RULE,0.0,
2026-08-10T14:18:28,AWAKE,0.218,0.0298,RULE,0.0,
2026-08-10T14:18:28,HEAD_DROP,0.216,0.0,RULE,0.0,/Users/mac/Desktop/drowsiness_detector/logs/snapshots/HEAD_DROP_20260810_141828_619259.jpg
2026-08-10T14:18:29,HEAD_DROP,0.1942,0.0,RULE,0.0,/Users/mac/Desktop/drowsiness_detector/logs/snapshots/HEAD_DROP_20260810_141829_622190.jpg
2026-08-10T14:18:29,NO_FACE,0.0,0.0,RULE,0.0,
2026-08-10T14:18:30,HEAD_DROP,0.2205,0.0178,RULE,0.0,/Users/mac/Desktop/drowsiness_detector/logs/snapshots/HEAD_DROP_20260810_141830_157654.jpg
2026-08-10T14:18:31,HEAD_DROP,0.2202,0.0212,RULE,0.0,/Users/mac/Desktop/drowsiness_detector/logs/snapshots/HEAD_DROP_20260810_141831_188008.jpg
2026-08-10T14:18:32,HEAD_DROP,0.2276,0.0,RULE,0.0,/Users/mac/Desktop/drowsiness_detector/logs/snapshots/HEAD_DROP_20260810_141832_217447.jpg
2026-08-10T14:18:33,HEAD_DROP,0.2272,0.0195,RULE,0.0,/Users/mac/Desktop/drowsiness_detector/logs/snapshots/HEAD_DROP_20260810_141833_255174.jpg
2026-08-10T14:18:33,AWAKE,0.2092,0.0327,RULE,0.0,
2026-08-10T14:18:33,NO_FACE,0.0,0.0,RULE,0.0,
2026-08-10T14:18:33,AWAKE,0.2244,0.0605,RULE,0.0,
2026-08-10T14:18:33,NO_FACE,0.0,0.0,RULE,0.0,
2026-08-10T14:18:33,AWAKE,0.2194,0.0196,RULE,0.0,
2026-08-10T14:18:34,AWAKE,0.2605,0.0189,RULE,0.0,
2026-08-10T14:18:35,AWAKE,0.2452,0.0,RULE,0.0,
2026-08-10T14:18:36,NO_FACE,0.0,0.0,RULE,0.0,
2026-08-10T14:18:37,NO_FACE,0.0,0.0,RULE,0.0,
2026-08-10T14:18:37,AWAKE,0.1963,0.0269,RULE,0.0,
2026-08-10T14:18:37,NO_FACE,0.0,0.0,RULE,0.0,
2026-08-10T14:18:38,AWAKE,0.3256,0.0762,RULE,0.0,
2026-08-10T14:18:38,NO_FACE,0.0,0.0,RULE,0.0,
2026-08-10T14:18:38,AWAKE,0.2269,0.0525,RULE,0.0,
2026-08-10T14:18:39,NO_FACE,0.0,0.0,RULE,0.0,
2026-08-10T14:18:39,AWAKE,0.3095,0.0192,RULE,0.0,
2026-08-10T14:18:39,NO_FACE,0.0,0.0,RULE,0.0,
2026-08-10T14:18:39,AWAKE,0.2204,0.0199,RULE,0.0,
2026-08-10T14:18:40,AWAKE,0.2086,0.4003,RULE,0.0,
2026-08-10T14:18:42,AWAKE,0.2209,0.0,RULE,0.0,
2026-08-10T14:18:43,AWAKE,0.2291,0.0,RULE,0.0,
2026-08-10T14:18:44,AWAKE,0.224,0.1154,RULE,0.0,
2026-08-10T14:18:45,AWAKE,0.1361,0.0,RULE,0.0,
2026-08-10T14:18:46,AWAKE,0.2801,0.0,RULE,0.0,
2026-08-10T14:18:46,HEAD_DROP,0.223,0.0,RULE,0.0,/Users/mac/Desktop/drowsiness_detector/logs/snapshots/HEAD_DROP_20260810_141846_645397.jpg
2026-08-10T14:18:47,NO_FACE,0.0,0.0,RULE,0.0,
2026-08-10T14:18:47,HEAD_DROP,0.2211,0.0,RULE,0.0,/Users/mac/Desktop/drowsiness_detector/logs/snapshots/HEAD_DROP_20260810_141847_613597.jpg
2026-08-10T14:18:48,HEAD_DROP,0.2307,0.0,RULE,0.0,/Users/mac/Desktop/drowsiness_detector/logs/snapshots/HEAD_DROP_20260810_141848_648300.jpg
2026-08-10T14:18:49,HEAD_DROP,0.2506,0.0,RULE,0.0,/Users/mac/Desktop/drowsiness_detector/logs/snapshots/HEAD_DROP_20260810_141849_675718.jpg
2026-08-10T14:18:49,AWAKE,0.232,0.0,RULE,0.0,
2026-08-10T14:18:51,AWAKE,0.2223,0.0244,RULE,0.0,
2026-08-10T14:18:52,AWAKE,0.2514,0.0167,RULE,0.0,
2026-08-10T14:18:52,HEAD_DROP,0.2363,0.024,RULE,0.0,/Users/mac/Desktop/drowsiness_detector/logs/snapshots/HEAD_DROP_20260810_141852_143337.jpg
2026-08-10T14:18:53,HEAD_DROP,0.2353,0.0581,RULE,0.0,/Users/mac/Desktop/drowsiness_detector/logs/snapshots/HEAD_DROP_20260810_141853_176157.jpg
2026-08-10T14:18:53,AWAKE,0.2543,0.0,RULE,0.0,
2026-08-10T14:18:54,AWAKE,0.2148,0.0,RULE,0.0,
2026-08-10T14:18:55,AWAKE,0.2599,0.0247,RULE,0.0,
2026-08-10T14:18:56,AWAKE,0.237,0.0491,RULE,0.0,
2026-08-10T14:18:57,AWAKE,0.2683,0.0,RULE,0.0,
2026-08-10T14:18:58,AWAKE,0.2526,0.0357,RULE,0.0,
2026-08-10T14:18:59,AWAKE,0.2366,0.0172,RULE,0.0,
2026-08-10T14:19:00,AWAKE,0.2371,0.0,RULE,0.0,
2026-08-10T14:19:01,HEAD_DROP,0.1993,0.0182,RULE,0.0,/Users/mac/Desktop/drowsiness_detector/logs/snapshots/HEAD_DROP_20260810_141901_539940.jpg
2026-08-10T14:19:02,HEAD_DROP,0.2172,0.0252,RULE,0.0,/Users/mac/Desktop/drowsiness_detector/logs/snapshots/HEAD_DROP_20260810_141902_572723.jpg
2026-08-10T14:19:03,HEAD_DROP,0.2094,0.0,RULE,0.0,/Users/mac/Desktop/drowsiness_detector/logs/snapshots/HEAD_DROP_20260810_141903_605336.jpg
2026-08-10T14:19:04,AWAKE,0.2409,0.0,RULE,0.0,
2026-08-10T14:19:05,AWAKE,0.1854,0.0203,RULE,0.0,
2026-08-10T14:19:05,HEAD_DROP,0.2418,0.0204,RULE,0.0,/Users/mac/Desktop/drowsiness_detector/logs/snapshots/HEAD_DROP_20260810_141905_805081.jpg
2026-08-10T14:19:06,AWAKE,0.2384,0.0,RULE,0.0,
2026-08-10T14:19:07,HEAD_DROP,0.1471,0.0,RULE,0.0,/Users/mac/Desktop/drowsiness_detector/logs/snapshots/HEAD_DROP_20260810_141907_135329.jpg
2026-08-10T14:19:08,HEAD_DROP,0.1349,0.0,RULE,0.0,/Users/mac/Desktop/drowsiness_detector/logs/snapshots/HEAD_DROP_20260810_141908_169337.jpg
2026-08-10T14:19:09,HEAD_DROP,0.1258,0.0199,RULE,0.0,/Users/mac/Desktop/drowsiness_detector/logs/snapshots/HEAD_DROP_20260810_141909_172821.jpg
2026-08-10T14:19:10,HEAD_DROP,0.1154,0.0,RULE,0.0,/Users/mac/Desktop/drowsiness_detector/logs/snapshots/HEAD_DROP_20260810_141910_201363.jpg
2026-08-10T14:19:11,HEAD_DROP,0.1196,0.0,RULE,0.0,/Users/mac/Desktop/drowsiness_detector/logs/snapshots/HEAD_DROP_20260810_141911_201437.jpg
2026-08-10T14:19:12,HEAD_DROP,0.1399,0.0,RULE,0.0,/Users/mac/Desktop/drowsiness_detector/logs/snapshots/HEAD_DROP_20260810_141912_202822.jpg
2026-08-10T14:19:13,HEAD_DROP,0.1327,0.0213,RULE,0.0,/Users/mac/Desktop/drowsiness_detector/logs/snapshots/HEAD_DROP_20260810_141913_202990.jpg
2026-08-10T14:19:13,AWAKE,0.1775,0.0,RULE,0.0,
2026-08-10T14:19:14,AWAKE,0.1251,0.0,RULE,0.0,
2026-08-10T14:19:14,HEAD_DROP,0.1378,0.0,RULE,0.0,/Users/mac/Desktop/drowsiness_detector/logs/snapshots/HEAD_DROP_20260810_141914_734844.jpg
2026-08-10T14:19:15,AWAKE,0.2045,0.0282,RULE,0.0,
2026-08-10T14:19:16,AWAKE,0.1,0.0192,RULE,0.0,
2026-08-10T14:19:17,HEAD_DROP,0.1452,0.0199,RULE,0.0,/Users/mac/Desktop/drowsiness_detector/logs/snapshots/HEAD_DROP_20260810_141917_397296.jpg
2026-08-10T14:19:18,HEAD_DROP,0.1568,0.0208,RULE,0.0,/Users/mac/Desktop/drowsiness_detector/logs/snapshots/HEAD_DROP_20260810_141918_397476.jpg
2026-08-10T14:19:18,AWAKE,0.1336,0.0217,RULE,0.0,
2026-08-10T14:19:19,HEAD_DROP,0.1399,0.0181,RULE,0.0,/Users/mac/Desktop/drowsiness_detector/logs/snapshots/HEAD_DROP_20260810_141919_334158.jpg
2026-08-10T14:19:19,AWAKE,0.1503,0.018,RULE,0.0,
2026-08-10T14:19:20,AWAKE,0.1379,0.0431,RULE,0.0,
2026-08-10T14:19:21,AWAKE,0.1791,0.0189,RULE,0.0,
2026-08-10T14:19:22,AWAKE,0.1767,0.0,RULE,0.0,
2026-08-10T14:19:23,AWAKE,0.1871,0.018,RULE,0.0,
2026-08-10T14:19:24,AWAKE,0.1915,0.0,RULE,0.0,
2026-08-10T14:19:25,AWAKE,0.1444,0.0269,RULE,0.0,
2026-08-10T14:19:25,HEAD_DROP,0.133,0.0,RULE,0.0,/Users/mac/Desktop/drowsiness_detector/logs/snapshots/HEAD_DROP_20260810_141925_529928.jpg
2026-08-10T14:19:26,NO_FACE,0.0,0.0,RULE,0.0,
2026-08-10T14:19:26,HEAD_DROP,0.2238,0.0,RULE,0.0,/Users/mac/Desktop/drowsiness_detector/logs/snapshots/HEAD_DROP_20260810_141926_463179.jpg
2026-08-10T14:19:26,AWAKE,0.1792,0.0597,RULE,0.0,
2026-08-10T14:19:27,NO_FACE,0.0,0.0,RULE,0.0,
2026-08-10T14:19:27,AWAKE,0.2171,0.0,RULE,0.0,
2026-08-10T14:19:27,HEAD_DROP,0.2523,0.0,RULE,0.0,/Users/mac/Desktop/drowsiness_detector/logs/snapshots/HEAD_DROP_20260810_141927_495997.jpg
2026-08-10T14:19:28,AWAKE,0.2532,0.0,RULE,0.0,
2026-08-10T14:19:29,AWAKE,0.2666,0.0,RULE,0.0,
2026-08-10T14:19:30,AWAKE,0.2438,0.0,RULE,0.0,
2026-08-10T14:19:30,HEAD_DROP,0.2382,0.0545,RULE,0.0,/Users/mac/Desktop/drowsiness_detector/logs/snapshots/HEAD_DROP_20260810_141930_759370.jpg
2026-08-10T14:19:30,AWAKE,0.2432,0.0,RULE,0.0,
2026-08-10T14:19:31,AWAKE,0.274,0.0,RULE,0.0,
2026-08-10T14:19:32,HEAD_DROP,0.252,0.0272,RULE,0.0,/Users/mac/Desktop/drowsiness_detector/logs/snapshots/HEAD_DROP_20260810_141932_591352.jpg
2026-08-10T14:19:33,HEAD_DROP,0.2297,0.0272,RULE,0.0,/Users/mac/Desktop/drowsiness_detector/logs/snapshots/HEAD_DROP_20260810_141933_623892.jpg
2026-08-10T14:19:34,HEAD_DROP,0.2587,0.0,RULE,0.0,/Users/mac/Desktop/drowsiness_detector/logs/snapshots/HEAD_DROP_20260810_141934_624532.jpg
2026-08-10T14:19:34,AWAKE,0.257,0.0,RULE,0.0,
2026-08-10T14:19:35,AWAKE,0.2386,0.0,RULE,0.0,
2026-08-10T14:19:36,AWAKE,0.2413,0.0,RULE,0.0,
2026-08-10T14:19:37,AWAKE,0.2412,0.0,RULE,0.0,
2026-08-10T14:19:38,AWAKE,0.213,0.0,RULE,0.0,
2026-08-10T14:19:39,AWAKE,0.3022,0.0,RULE,0.0,
2026-08-10T14:19:40,AWAKE,0.2133,0.0,RULE,0.0,
2026-08-10T14:19:41,AWAKE,0.2322,0.0,RULE,0.0,
2026-08-10T14:19:42,AWAKE,0.1985,0.0,RULE,0.0,
2026-08-10T14:19:43,AWAKE,0.2835,0.0217,RULE,0.0,
2026-08-10T14:19:44,AWAKE,0.201,0.0181,RULE,0.0,
2026-08-10T14:19:45,AWAKE,0.253,0.0,RULE,0.0,
2026-08-10T14:19:46,AWAKE,0.259,0.0,RULE,0.0,
2026-08-10T14:19:48,AWAKE,0.1704,0.0288,RULE,0.0,
2026-08-10T14:19:48,HEAD_DROP,0.2352,0.0276,RULE,0.0,/Users/mac/Desktop/drowsiness_detector/logs/snapshots/HEAD_DROP_20260810_141948_986311.jpg
2026-08-10T14:19:49,AWAKE,0.27,0.03,RULE,0.0,
2026-08-10T14:27:51,AWAKE,0.3126,0.0169,ML,0.9395,
2026-08-10T14:27:52,AWAKE,0.2653,0.0,ML,0.8111,
2026-08-10T14:27:53,AWAKE,0.2157,0.0,ML,0.6746,
2026-08-10T14:27:54,AWAKE,0.1371,0.0142,ML,0.7647,
2026-08-10T14:27:55,AWAKE,0.0825,0.0147,ML,0.9794,
2026-08-10T14:27:55,EYE_WARNING,0.0811,0.0,ML,0.9972,
2026-08-10T14:27:56,EYE_WARNING,0.0842,0.0143,ML,0.994,
2026-08-10T14:27:57,DROWSY_ALERT,0.081,0.0202,ML,0.6904,/Users/mac/Desktop/drowsiness_detector/logs/snapshots/DROWSY_ALERT_20260810_142757_587716.jpg
2026-08-10T14:27:58,AWAKE,0.1749,0.0202,ML,1.0,
2026-08-10T14:27:59,AWAKE,0.3339,0.0158,ML,0.5917,
2026-08-10T14:28:00,AWAKE,0.2886,0.0,ML,0.7633,
2026-08-10T14:28:01,AWAKE,0.2926,0.0,ML,0.5996,
2026-08-10T14:28:02,AWAKE,0.2182,0.0189,ML,0.9306,
2026-08-10T14:28:03,AWAKE,0.2264,0.0,ML,0.591,
2026-08-10T14:28:04,AWAKE,0.3128,0.0,ML,0.897,
2026-08-10T14:28:05,AWAKE,0.2772,0.0,ML,0.7311,
2026-08-10T14:28:06,AWAKE,0.2206,0.0,ML,0.6768,
2026-08-10T14:28:07,AWAKE,0.2399,0.0232,ML,0.6493,
2026-08-10T14:28:08,AWAKE,0.2635,0.0,ML,0.776,
2026-08-10T14:28:09,AWAKE,0.304,0.0164,ML,0.8609,
2026-08-10T14:28:10,AWAKE,0.3077,0.0147,ML,0.5315,
2026-08-10T14:28:11,AWAKE,0.3064,0.0252,ML,0.8184,
2026-08-10T14:28:11,NO_FACE,0.0,0.0,RULE,0.0,
2026-08-10T14:28:12,NO_FACE,0.0,0.0,RULE,0.0,
2026-08-10T14:28:13,NO_FACE,0.0,0.0,RULE,0.0,
2026-08-10T14:28:13,AWAKE,0.2674,0.0192,ML,0.8387,
2026-08-10T14:28:13,NO_FACE,0.0,0.0,RULE,0.0,
2026-08-10T14:28:13,AWAKE,0.2515,0.0185,ML,0.7164,
2026-08-10T14:28:14,NO_FACE,0.0,0.0,RULE,0.0,
2026-08-10T14:28:14,AWAKE,0.2528,0.0185,ML,0.7139,
2026-08-10T14:28:14,NO_FACE,0.0,0.0,RULE,0.0,
2026-08-10T14:28:14,AWAKE,0.2534,0.0189,ML,0.7139,
2026-08-10T14:28:14,NO_FACE,0.0,0.0,RULE,0.0,
2026-08-10T14:28:14,AWAKE,0.2679,0.0175,ML,0.8475,
2026-08-10T14:28:14,NO_FACE,0.0,0.0,RULE,0.0,
2026-08-10T14:28:14,AWAKE,0.2515,0.0189,ML,0.7164,
2026-08-10T14:28:14,NO_FACE,0.0,0.0,RULE,0.0,
2026-08-10T14:28:14,AWAKE,0.2598,0.0185,ML,0.7487,
2026-08-10T14:28:15,AWAKE,0.2845,0.0,ML,0.7792,
2026-08-10T14:28:16,AWAKE,0.291,0.0,ML,0.5231,
2026-08-10T14:28:17,AWAKE,0.2469,0.0172,ML,0.7231,
2026-08-10T14:28:18,AWAKE,0.1571,0.0,ML,0.9891,
2026-08-10T14:28:19,AWAKE,0.2588,0.0,ML,0.8478,
2026-08-10T14:28:20,AWAKE,0.0481,0.0151,ML,0.9961,
2026-08-10T14:28:21,EYE_WARNING,0.0568,0.0156,ML,0.9788,
2026-08-10T14:28:22,EYE_WARNING,0.0643,0.0,ML,1.0,
2026-08-10T14:28:23,DROWSY_ALERT,0.0725,0.0,ML,1.0,/Users/mac/Desktop/drowsiness_detector/logs/snapshots/DROWSY_ALERT_20260810_142823_274181.jpg
2026-08-10T14:28:23,AWAKE,0.1787,0.0,ML,0.9934,
2026-08-10T14:28:24,AWAKE,0.2719,0.0,ML,0.8352,
2026-08-10T14:28:26,AWAKE,0.2268,0.0181,ML,0.9425,
2026-08-10T14:28:26,NO_FACE,0.0,0.0,RULE,0.0,
2026-08-10T14:28:27,NO_FACE,0.0,0.0,RULE,0.0,
2026-08-10T14:28:28,AWAKE,0.3211,0.0901,ML,0.5327,
2026-08-10T14:28:29,AWAKE,0.2512,0.0,ML,0.9664,
2026-08-10T14:28:30,AWAKE,0.2424,0.0282,ML,0.6623,
2026-08-10T14:28:31,AWAKE,0.2654,0.0,ML,0.8111,
2026-08-10T14:28:32,AWAKE,0.2478,0.0199,ML,0.715,
2026-08-10T14:28:33,AWAKE,0.302,0.0147,ML,0.521,
2026-08-10T14:28:34,AWAKE,0.3278,0.0,ML,0.6505,
2026-08-10T14:28:35,AWAKE,0.3189,0.0,ML,0.9009,
2026-08-10T14:28:36,HEAD_DROP,0.3242,0.0145,ML,0.4922,/Users/mac/Desktop/drowsiness_detector/logs/snapshots/HEAD_DROP_20260810_142836_060600.jpg
2026-08-10T14:28:36,AWAKE,0.2907,0.0147,ML,0.6779,
2026-08-10T14:28:37,AWAKE,0.3129,0.0152,ML,0.5363,
2026-08-10T14:28:38,HEAD_DROP,0.3259,0.0,ML,0.8147,/Users/mac/Desktop/drowsiness_detector/logs/snapshots/HEAD_DROP_20260810_142838_095344.jpg
2026-08-10T14:28:38,AWAKE,0.2882,0.0,ML,0.7709,
2026-08-10T14:28:39,AWAKE,0.3082,0.0164,ML,0.8359,
2026-08-10T14:28:40,AWAKE,0.2988,0.0154,ML,0.5573,
2026-08-10T14:28:40,HEAD_DROP,0.309,0.0149,ML,0.5585,/Users/mac/Desktop/drowsiness_detector/logs/snapshots/HEAD_DROP_20260810_142840_965902.jpg
2026-08-10T14:28:41,AWAKE,0.2694,0.0,ML,0.8339,
2026-08-10T14:28:42,AWAKE,0.1085,0.0,ML,0.9851,
2026-08-10T14:28:43,AWAKE,0.2402,0.1771,ML,0.9216,
2026-08-10T14:28:44,AWAKE,0.3017,0.0,ML,0.7979,
2026-08-10T14:28:45,AWAKE,0.3275,0.0925,ML,0.4642,
2026-08-10T14:28:46,AWAKE,0.2777,0.0182,ML,0.8852,
2026-08-10T14:28:47,AWAKE,0.2864,0.0678,ML,0.4098,
2026-08-10T14:28:48,AWAKE,0.3165,0.0,ML,0.9042,
2026-08-10T14:28:50,AWAKE,0.1721,0.0143,ML,0.8349,
2026-08-10T14:28:51,AWAKE,0.2188,0.2598,ML,0.9637,
2026-08-10T14:28:52,AWAKE,0.2815,0.1412,ML,0.8993,
2026-08-10T14:28:53,AWAKE,0.157,0.0604,ML,0.9596,
2026-08-10T14:28:54,AWAKE,0.2938,0.0,ML,0.7262,
2026-08-10T14:28:55,AWAKE,0.2611,0.1271,ML,0.9491,
2026-08-10T14:28:56,AWAKE,0.2969,0.0656,ML,0.6026,
2026-08-10T14:28:57,AWAKE,0.2702,0.0167,ML,0.8181,
2026-08-10T14:28:58,AWAKE,0.3161,0.0518,ML,0.7357,
2026-08-10T14:28:58,HEAD_DROP,0.3043,0.0159,ML,0.6377,/Users/mac/Desktop/drowsiness_detector/logs/snapshots/HEAD_DROP_20260810_142858_656122.jpg
2026-08-10T14:28:59,HEAD_DROP,0.3184,0.0169,ML,0.9236,/Users/mac/Desktop/drowsiness_detector/logs/snapshots/HEAD_DROP_20260810_142859_695175.jpg
2026-08-10T14:29:00,HEAD_DROP,0.31,0.0,ML,0.7537,/Users/mac/Desktop/drowsiness_detector/logs/snapshots/HEAD_DROP_20260810_142900_724810.jpg
2026-08-10T14:29:01,AWAKE,0.2837,0.0,ML,0.7722,
2026-08-10T14:29:02,AWAKE,0.1418,0.0189,ML,0.9517,
2026-08-10T14:29:03,AWAKE,0.1773,0.0199,ML,1.0,
2026-08-10T14:29:03,NO_FACE,0.0,0.0,RULE,0.0,
2026-08-10T14:29:03,AWAKE,0.1672,0.0203,ML,1.0,
2026-08-10T14:29:04,HEAD_DROP,0.1402,0.0,ML,0.8347,/Users/mac/Desktop/drowsiness_detector/logs/snapshots/HEAD_DROP_20260810_142904_491868.jpg
2026-08-10T14:29:05,AWAKE,0.1191,0.0,ML,0.9617,
2026-08-10T14:29:05,NO_FACE,0.0,0.0,RULE,0.0,
2026-08-10T14:29:05,AWAKE,0.1542,0.0,ML,0.9903,
2026-08-10T14:29:06,AWAKE,0.1953,0.0232,ML,0.9927,
2026-08-10T14:29:07,AWAKE,0.1941,0.03,ML,0.9963,
2026-08-10T14:29:08,HEAD_DROP,0.183,0.0,ML,0.8143,/Users/mac/Desktop/drowsiness_detector/logs/snapshots/HEAD_DROP_20260810_142908_082325.jpg
2026-08-10T14:29:09,HEAD_DROP,0.3506,0.0361,ML,0.692,/Users/mac/Desktop/drowsiness_detector/logs/snapshots/HEAD_DROP_20260810_142909_087016.jpg
2026-08-10T14:29:09,AWAKE,0.2801,0.0,ML,0.6676,
2026-08-10T14:29:10,AWAKE,0.1304,0.0217,ML,0.7064,
2026-08-10T14:29:11,AWAKE,0.1509,0.0,ML,0.9934,
2026-08-10T14:29:12,AWAKE,0.3297,0.0962,ML,0.4542,
2026-08-10T14:29:13,AWAKE,0.0959,0.0,ML,0.9995,
2026-08-10T14:29:14,AWAKE,0.1382,0.0,ML,0.8504,
2026-08-10T14:29:15,AWAKE,0.1593,0.062,ML,0.9735,
2026-08-10T14:29:16,HEAD_DROP,0.127,0.0,ML,0.5184,/Users/mac/Desktop/drowsiness_detector/logs/snapshots/HEAD_DROP_20260810_142916_583250.jpg
2026-08-10T14:29:16,AWAKE,0.1106,0.0,ML,0.9988,
2026-08-10T14:29:17,AWAKE,0.1255,0.0,ML,0.5698,
2026-08-10T14:29:18,AWAKE,0.1381,0.0,ML,0.8513,
2026-08-10T14:29:19,HEAD_DROP,0.2225,0.0196,ML,0.9325,/Users/mac/Desktop/drowsiness_detector/logs/snapshots/HEAD_DROP_20260810_142919_086857.jpg
2026-08-10T14:29:19,AWAKE,0.2544,0.0,ML,0.9697,
2026-08-10T14:29:20,AWAKE,0.139,0.0678,ML,0.8829,
2026-08-10T14:29:21,AWAKE,0.1397,0.0535,ML,0.9338,
2026-08-10T14:29:22,AWAKE,0.1307,0.0,ML,0.4959,
2026-08-10T14:29:23,HEAD_DROP,0.1245,0.0185,ML,0.6869,/Users/mac/Desktop/drowsiness_detector/logs/snapshots/HEAD_DROP_20260810_142923_216678.jpg
2026-08-10T14:29:23,AWAKE,0.11,0.0,ML,0.9947,
2026-08-10T14:29:24,AWAKE,0.1839,0.0,ML,0.8384,
2026-08-10T14:29:25,AWAKE,0.1385,0.0,ML,0.8504,
2026-08-10T14:29:26,HEAD_DROP,0.1558,0.0185,ML,0.9969,/Users/mac/Desktop/drowsiness_detector/logs/snapshots/HEAD_DROP_20260810_142926_550244.jpg
2026-08-10T14:29:27,AWAKE,0.2517,0.0,ML,0.9699,
2026-08-10T14:29:28,AWAKE,0.2287,0.0,ML,0.5215,
2026-08-10T14:29:29,AWAKE,0.2238,0.0169,ML,0.941,
2026-08-10T14:29:30,AWAKE,0.2364,0.0,ML,0.8952,
2026-08-10T14:29:31,HEAD_DROP,0.1883,0.0,ML,0.9689,/Users/mac/Desktop/drowsiness_detector/logs/snapshots/HEAD_DROP_20260810_142931_044750.jpg
2026-08-10T14:29:31,AWAKE,0.2167,0.0,ML,0.6746,
2026-08-10T14:29:32,AWAKE,0.1508,0.0,ML,0.9934,
2026-08-10T14:29:32,HEAD_DROP,0.1783,0.0,ML,0.9934,/Users/mac/Desktop/drowsiness_detector/logs/snapshots/HEAD_DROP_20260810_142932_312551.jpg
2026-08-10T14:29:33,HEAD_DROP,0.1783,0.0,ML,0.9934,/Users/mac/Desktop/drowsiness_detector/logs/snapshots/HEAD_DROP_20260810_142933_377509.jpg
2026-08-10T14:29:34,HEAD_DROP,0.1641,0.02,ML,1.0,/Users/mac/Desktop/drowsiness_detector/logs/snapshots/HEAD_DROP_20260810_142934_413012.jpg
2026-08-10T14:29:35,HEAD_DROP,0.1417,0.0,ML,0.8347,/Users/mac/Desktop/drowsiness_detector/logs/snapshots/HEAD_DROP_20260810_142935_487452.jpg
2026-08-10T14:29:36,AWAKE,0.1111,0.0169,ML,0.7022,
2026-08-10T14:29:37,AWAKE,0.1067,0.0566,ML,0.6534,
2026-08-10T14:29:38,AWAKE,0.3052,0.0527,ML,0.7204,
2026-08-10T14:29:39,AWAKE,0.2779,0.0,ML,0.7417,
2026-08-10T14:29:40,AWAKE,0.0805,0.0159,ML,0.8795,
2026-08-10T14:29:40,EYE_WARNING,0.0681,0.0161,ML,0.7475,
2026-08-10T14:29:41,EYE_WARNING,0.0754,0.0232,ML,0.6932,
2026-08-10T14:29:42,DROWSY_ALERT,0.0638,0.0,ML,1.0,/Users/mac/Desktop/drowsiness_detector/logs/snapshots/DROWSY_ALERT_20260810_142942_410094.jpg
2026-08-10T14:29:43,AWAKE,0.1342,0.0,ML,0.7915,
2026-08-10T14:29:44,AWAKE,0.1769,0.0156,ML,0.8902,
2026-08-10T14:29:44,HEAD_DROP,0.176,0.0169,ML,1.0,/Users/mac/Desktop/drowsiness_detector/logs/snapshots/HEAD_DROP_20260810_142944_687785.jpg
2026-08-10T14:29:45,HEAD_DROP,0.1631,0.0236,ML,0.9994,/Users/mac/Desktop/drowsiness_detector/logs/snapshots/HEAD_DROP_20260810_142945_707062.jpg
2026-08-10T14:29:46,HEAD_DROP,0.1307,0.0228,ML,0.7337,/Users/mac/Desktop/drowsiness_detector/logs/snapshots/HEAD_DROP_20260810_142946_770123.jpg
2026-08-10T14:29:47,AWAKE,0.2271,0.0,ML,0.5818,
2026-08-10T14:29:48,AWAKE,0.2979,0.2166,ML,0.919,
2026-08-10T14:29:49,AWAKE,0.0887,0.0158,ML,0.843,
2026-08-10T14:29:50,AWAKE,0.1481,0.0252,ML,0.9907,
2026-08-10T14:29:51,HEAD_DROP,0.1499,0.0,ML,0.9934,/Users/mac/Desktop/drowsiness_detector/logs/snapshots/HEAD_DROP_20260810_142951_034702.jpg
2026-08-10T14:29:52,HEAD_DROP,0.1797,0.0208,ML,1.0,/Users/mac/Desktop/drowsiness_detector/logs/snapshots/HEAD_DROP_20260810_142952_034914.jpg
2026-08-10T14:29:52,AWAKE,0.2675,0.0,ML,0.8075,
2026-08-10T14:29:53,AWAKE,0.3135,0.0,ML,0.9042,
2026-08-10T14:29:54,AWAKE,0.0909,0.0,ML,0.9941,
2026-08-10T14:29:54,EYE_WARNING,0.0728,0.0,ML,1.0,
2026-08-10T14:29:55,EYE_WARNING,0.0863,0.0,ML,0.9438,
2026-08-10T14:29:56,DROWSY_ALERT,0.1178,0.0,ML,0.9617,/Users/mac/Desktop/drowsiness_detector/logs/snapshots/DROWSY_ALERT_20260810_142956_434064.jpg
2026-08-10T14:29:56,AWAKE,0.1614,0.0,ML,0.9934,
2026-08-10T14:29:57,AWAKE,0.1975,0.0,ML,0.9801,
2026-08-10T14:29:58,AWAKE,0.1274,0.0,ML,0.5184,
2026-08-10T14:29:59,AWAKE,0.2661,0.0159,ML,0.9374,
2026-08-10T14:30:00,AWAKE,0.1641,0.0188,ML,1.0,
2026-08-10T14:30:01,AWAKE,0.2005,0.0,ML,0.9677,
2026-08-10T14:30:02,AWAKE,0.1882,0.0174,ML,1.0,
2026-08-10T14:30:03,HEAD_DROP,0.1601,0.0178,ML,1.0,/Users/mac/Desktop/drowsiness_detector/logs/snapshots/HEAD_DROP_20260810_143003_295715.jpg
2026-08-10T14:30:03,AWAKE,0.2203,0.0,ML,0.7122,
2026-08-10T14:30:04,NO_FACE,0.0,0.0,RULE,0.0,
2026-08-10T14:30:04,AWAKE,0.2084,0.0252,ML,0.9519,
2026-08-10T14:30:04,NO_FACE,0.0,0.0,RULE,0.0,
2026-08-10T14:30:04,AWAKE,0.1734,0.0172,ML,1.0,
2026-08-10T14:30:04,NO_FACE,0.0,0.0,RULE,0.0,
2026-08-10T14:30:04,AWAKE,0.2175,0.0,ML,0.7265,
2026-08-10T14:30:05,AWAKE,0.2309,0.0,ML,0.529,
2026-08-10T14:30:06,AWAKE,0.2013,0.0,ML,0.9578,
2026-08-10T14:30:07,AWAKE,0.1767,0.0,ML,0.9934,
2026-08-10T14:30:07,HEAD_DROP,0.1908,0.0,ML,0.9846,/Users/mac/Desktop/drowsiness_detector/logs/snapshots/HEAD_DROP_20260810_143007_763323.jpg
2026-08-10T14:30:08,HEAD_DROP,0.1881,0.0257,ML,0.9994,/Users/mac/Desktop/drowsiness_detector/logs/snapshots/HEAD_DROP_20260810_143008_828155.jpg
2026-08-10T14:30:09,HEAD_DROP,0.1706,0.0196,ML,1.0,/Users/mac/Desktop/drowsiness_detector/logs/snapshots/HEAD_DROP_20260810_143009_830227.jpg
2026-08-10T14:30:10,HEAD_DROP,0.1904,0.0,ML,0.9846,/Users/mac/Desktop/drowsiness_detector/logs/snapshots/HEAD_DROP_20260810_143010_830957.jpg
2026-08-10T14:30:11,AWAKE,0.2758,0.0,ML,0.8161,
2026-08-10T14:30:12,AWAKE,0.1513,0.0,ML,0.9934,
2026-08-10T14:30:13,HEAD_DROP,0.1383,0.0,ML,0.8504,/Users/mac/Desktop/drowsiness_detector/logs/snapshots/HEAD_DROP_20260810_143013_160643.jpg
2026-08-10T14:30:14,HEAD_DROP,0.2583,0.0322,ML,0.4605,/Users/mac/Desktop/drowsiness_detector/logs/snapshots/HEAD_DROP_20260810_143014_190331.jpg
2026-08-10T14:30:14,AWAKE,0.2723,0.0,ML,0.8352,
2026-08-10T14:57:04,AWAKE,0.2479,0.0354,ML,0.4207,
2026-08-10T14:57:05,AWAKE,0.2403,0.0,ML,0.9584,
2026-08-10T14:57:06,AWAKE,0.2129,0.0177,ML,0.9665,
2026-08-10T14:57:07,AWAKE,0.2413,0.0184,ML,0.8597,
2026-08-10T14:57:08,AWAKE,0.2517,0.0408,ML,0.4055,
2026-08-10T14:57:09,AWAKE,0.2254,0.0226,ML,0.7563,
2026-08-10T14:57:10,AWAKE,0.2111,0.2123,ML,0.8531,
2026-08-10T14:57:11,YAWNING,0.2865,0.1822,ML,0.8865,
2026-08-10T14:57:12,AWAKE,0.2732,0.0735,ML,0.5876,
2026-08-10T14:57:13,AWAKE,0.2428,0.0714,ML,0.3879,
2026-08-10T14:57:14,AWAKE,0.1592,0.0,ML,0.9934,
2026-08-10T14:57:15,AWAKE,0.1795,0.2973,ML,0.7439,
2026-08-10T14:57:16,AWAKE,0.1716,0.0191,ML,1.0,
2026-08-10T14:57:17,AWAKE,0.1574,0.1723,ML,0.5712,
2026-08-10T14:57:18,AWAKE,0.2913,0.0234,ML,0.759,
2026-08-10T14:57:19,AWAKE,0.7739,0.3876,ML,0.9311,
2026-08-10T14:57:20,AWAKE,0.6457,0.0221,ML,0.6347,
2026-08-10T14:57:21,AWAKE,0.3038,0.2578,ML,0.9298,
2026-08-10T14:57:22,AWAKE,0.2852,0.013,ML,0.8419,
2026-08-10T14:57:23,AWAKE,0.3113,0.0,ML,0.7667,
2026-08-10T14:57:24,AWAKE,0.2397,0.2322,ML,0.985,
2026-08-10T14:57:25,AWAKE,0.1507,0.0118,ML,0.8349,
2026-08-10T14:57:26,AWAKE,0.2274,0.0624,ML,0.6884,
2026-08-10T14:57:27,AWAKE,0.1879,0.0456,ML,0.9976,
2026-08-10T14:57:28,AWAKE,0.1361,0.0,ML,0.8017,
2026-08-10T14:57:29,AWAKE,0.295,0.027,ML,0.8054,
2026-08-10T14:57:30,NO_FACE,0.0,0.0,RULE,0.0,
2026-08-10T14:57:30,AWAKE,0.1991,0.0135,ML,0.8284,
2026-08-10T14:57:31,AWAKE,0.3028,0.0149,ML,0.548,
2026-08-10T14:57:32,AWAKE,0.2905,0.0,ML,0.5536,
2026-08-10T14:57:33,AWAKE,0.2547,0.1917,ML,0.9588,
2026-08-10T14:57:33,YAWNING,0.2875,0.2128,ML,0.9297,
2026-08-10T14:57:34,AWAKE,0.2904,0.0559,ML,0.5237,
2026-08-10T14:57:35,AWAKE,0.2567,0.0286,ML,0.4834,
2026-08-10T14:57:36,AWAKE,0.2224,0.2119,ML,0.9532,
2026-08-10T14:57:36,YAWNING,0.2389,0.1812,ML,0.9212,
2026-08-10T14:57:37,AWAKE,0.1671,0.1667,ML,0.5619,
2026-08-10T14:57:37,NO_FACE,0.0,0.0,RULE,0.0,
2026-08-10T14:57:37,AWAKE,0.2483,0.3214,ML,0.9998,
2026-08-10T14:57:37,NO_FACE,0.0,0.0,RULE,0.0,
2026-08-10T14:57:37,AWAKE,0.1568,0.1181,ML,0.5769,
2026-08-10T14:57:38,AWAKE,0.1386,0.0156,ML,0.8081,
2026-08-10T14:57:39,NO_FACE,0.0,0.0,RULE,0.0,
2026-08-10T14:57:39,AWAKE,0.2315,0.0147,ML,0.6726,
2026-08-10T14:57:40,AWAKE,0.2924,0.26,ML,0.9298,
2026-08-10T14:57:41,YAWNING,0.2275,0.1288,ML,0.9233,
2026-08-10T14:57:41,AWAKE,0.2394,0.0,ML,0.9536,
2026-08-10T14:57:42,AWAKE,0.1647,0.017,ML,1.0,
2026-08-10T14:57:43,AWAKE,0.1285,0.1092,ML,0.4649,
2026-08-10T14:57:44,AWAKE,0.1548,0.0161,ML,0.9969,
2026-08-10T14:57:45,AWAKE,0.0999,0.0149,ML,0.9971,
2026-08-10T14:57:46,NO_FACE,0.0,0.0,RULE,0.0,
2026-08-10T14:57:46,AWAKE,0.1955,0.0197,ML,0.9933,
2026-08-10T14:57:46,NO_FACE,0.0,0.0,RULE,0.0,
2026-08-10T14:57:46,AWAKE,0.1815,0.0,ML,0.8406,
2026-08-10T14:57:47,AWAKE,0.1294,0.0158,ML,0.5748,
2026-08-10T14:57:48,AWAKE,0.0939,0.167,ML,0.5198,
2026-08-10T14:57:49,AWAKE,0.2972,0.0793,ML,0.5726,
2026-08-10T14:57:50,AWAKE,0.1103,0.0806,ML,0.5898,
2026-08-10T14:57:51,AWAKE,0.1152,0.0,ML,0.9706,
2026-08-10T14:57:52,AWAKE,0.1058,0.0333,ML,0.6584,
2026-08-10T14:57:53,AWAKE,0.0892,0.0491,ML,0.6551,
2026-08-10T14:57:54,AWAKE,0.1107,0.0333,ML,0.6469,
2026-08-10T14:57:55,AWAKE,0.0857,0.0492,ML,0.6403,
2026-08-10T14:57:56,EYE_WARNING,0.0814,0.0689,ML,0.6336,
2026-08-10T14:57:56,AWAKE,0.1382,0.0351,ML,0.9404,
2026-08-10T14:57:57,AWAKE,0.0626,0.05,ML,0.6915,
2026-08-10T14:57:58,EYE_WARNING,0.0944,0.0,ML,0.9995,
2026-08-10T14:57:59,EYE_WARNING,0.0915,0.2547,ML,0.5827,
2026-08-10T14:57:59,DROWSY_ALERT,0.092,0.0,ML,0.9995,/Users/mac/Desktop/drowsiness_detector/logs/snapshots/DROWSY_ALERT_20260810_145759_937029.jpg
2026-08-10T14:58:00,AWAKE,0.1743,0.0,ML,0.9934,
2026-08-10T14:58:01,AWAKE,0.2777,0.0656,ML,0.6366,
2026-08-10T14:58:02,AWAKE,0.0804,0.05,ML,0.6915,
2026-08-10T14:58:02,EYE_WARNING,0.0633,0.0169,ML,0.7485,
2026-08-10T14:58:03,AWAKE,0.1216,0.0339,ML,0.569,
2026-08-10T14:58:04,AWAKE,0.0693,0.0172,ML,0.7342,
2026-08-10T14:58:05,AWAKE,0.1228,0.1408,ML,0.5212,
2026-08-10T14:58:06,AWAKE,0.1106,0.0161,ML,0.7029,
2026-08-10T14:58:06,NO_FACE,0.0,0.0,RULE,0.0,
2026-08-10T14:58:07,AWAKE,0.5199,0.0,ML,0.6505,
2026-08-10T14:58:07,NO_FACE,0.0,0.0,RULE,0.0,
2026-08-10T14:58:07,AWAKE,0.3436,0.0282,ML,0.724,
2026-08-10T14:58:08,AWAKE,0.1372,0.1924,ML,0.6321,
2026-08-10T14:58:09,AWAKE,0.1181,0.0,ML,0.9617,
2026-08-10T14:58:10,AWAKE,0.1256,0.0678,ML,0.6494,
2026-08-10T14:58:11,AWAKE,0.1382,0.0288,ML,0.9448,
2026-08-10T14:58:12,AWAKE,0.2021,0.0,ML,0.9324,
2026-08-10T14:58:13,HEAD_DROP,0.1349,0.0162,ML,0.9101,/Users/mac/Desktop/drowsiness_detector/logs/snapshots/HEAD_DROP_20260810_145813_898046.jpg
2026-08-10T14:58:14,AWAKE,0.0919,0.2659,ML,0.5827,
2026-08-10T14:58:15,AWAKE,0.0762,0.254,ML,0.5505,
2026-08-10T14:58:16,AWAKE,0.1203,0.0142,ML,0.9357,
2026-08-10T14:58:17,AWAKE,0.1578,0.0,ML,0.9934,
2026-08-10T14:58:17,HEAD_DROP,0.1655,0.0156,ML,0.8902,/Users/mac/Desktop/drowsiness_detector/logs/snapshots/HEAD_DROP_20260810_145817_663548.jpg
2026-08-10T14:58:17,AWAKE,0.119,0.0163,ML,0.6528,
2026-08-10T14:58:18,AWAKE,0.1472,0.0151,ML,0.8362,
2026-08-10T14:58:19,AWAKE,0.1839,0.1029,ML,0.5976,
2026-08-10T14:58:20,AWAKE,0.1595,0.0895,ML,0.9376,
2026-08-10T14:58:21,AWAKE,0.1622,0.0,ML,0.9934,
2026-08-10T14:58:22,AWAKE,0.1351,0.2222,ML,0.7202,
2026-08-10T14:58:23,AWAKE,0.1572,0.217,ML,0.6522,
2026-08-10T14:58:24,YAWNING,0.2358,0.3771,ML,0.9987,
2026-08-10T14:58:25,AWAKE,0.2063,0.05,ML,0.9524,
2026-08-10T14:58:26,AWAKE,0.1085,0.0,ML,0.9851,
2026-08-10T14:58:27,AWAKE,0.2199,0.2408,ML,0.9738,
2026-08-10T14:58:28,AWAKE,0.2461,0.1644,ML,0.9292,
2026-08-10T14:58:29,AWAKE,0.1463,0.1767,ML,0.6039,
2026-08-10T14:58:30,AWAKE,0.1995,0.1524,ML,0.7074,
2026-08-10T15:09:23,AWAKE,0.1973,0.0,ML,0.9801,
2026-08-10T15:09:24,AWAKE,0.2341,0.0195,ML,0.9455,
2026-08-10T15:09:25,AWAKE,0.2422,0.0,ML,0.9584,
2026-08-10T15:09:26,AWAKE,0.3026,0.0,ML,0.7449,
2026-08-10T15:09:27,AWAKE,0.2822,0.0184,ML,0.965,
2026-08-10T15:09:28,AWAKE,0.2264,0.0187,ML,0.9425,
2026-08-10T15:09:29,AWAKE,0.2219,0.0178,ML,0.9347,
2026-08-10T15:09:30,AWAKE,0.234,0.0184,ML,0.943,
2026-08-10T15:09:31,AWAKE,0.132,0.0305,ML,0.7883,
2026-08-10T15:09:32,AWAKE,0.1313,0.0,ML,0.5244,
2026-08-10T15:09:33,AWAKE,0.3132,0.0285,ML,0.7336,
2026-08-10T15:09:34,AWAKE,0.2678,0.0,ML,0.8075,
2026-08-10T15:09:35,AWAKE,0.245,0.0201,ML,0.8387,
2026-08-10T15:09:36,AWAKE,0.2866,0.0,ML,0.804,
2026-08-10T15:09:38,AWAKE,0.1272,0.0,ML,0.5184,
2026-08-10T15:09:39,AWAKE,0.1726,0.0282,ML,0.9994,
2026-08-10T15:09:40,AWAKE,0.1377,0.0,ML,0.8488,
2026-08-10T15:09:41,AWAKE,0.1679,0.0392,ML,0.9976,
2026-08-10T15:09:42,AWAKE,0.1832,0.0248,ML,0.9909,
2026-08-10T15:09:43,AWAKE,0.1467,0.0718,ML,0.9188,
2026-08-10T15:09:44,AWAKE,0.1301,0.0744,ML,0.6881,
2026-08-10T15:09:45,AWAKE,0.2426,0.0,ML,0.9584,
2026-08-10T15:09:46,AWAKE,0.151,0.0197,ML,1.0,
2026-08-10T15:09:47,AWAKE,0.1451,0.0,ML,0.986,
2026-08-10T15:09:47,HEAD_DROP,0.1273,0.0,ML,0.5184,/Users/mac/Desktop/drowsiness_detector/logs/snapshots/HEAD_DROP_20260810_150947_891345.jpg
2026-08-10T15:09:48,AWAKE,0.2241,0.0,ML,0.6066,
2026-08-10T15:09:49,AWAKE,0.1408,0.0208,ML,0.9517,
2026-08-10T15:09:49,HEAD_DROP,0.1877,0.0,ML,0.9368,/Users/mac/Desktop/drowsiness_detector/logs/snapshots/HEAD_DROP_20260810_150949_558383.jpg
2026-08-10T15:09:50,AWAKE,0.1266,0.0,ML,0.5184,
2026-08-10T15:09:51,AWAKE,0.2635,0.0,ML,0.776,
2026-08-10T15:09:52,AWAKE,0.1261,0.0272,ML,0.7256,
2026-08-10T15:09:53,AWAKE,0.1265,0.0196,ML,0.7297,
2026-08-10T15:09:54,HEAD_DROP,0.2128,0.0196,ML,0.9672,/Users/mac/Desktop/drowsiness_detector/logs/snapshots/HEAD_DROP_20260810_150954_150491.jpg
2026-08-10T15:09:54,AWAKE,0.2228,0.0,ML,0.6092,
2026-08-10T15:09:55,AWAKE,0.1888,0.0,ML,0.9784,
2026-08-10T15:09:56,AWAKE,0.2083,0.0,ML,0.5803,
2026-08-10T15:09:57,AWAKE,0.2812,0.0184,ML,0.9593,
2026-08-10T15:09:58,AWAKE,0.195,0.0,ML,0.9768,
2026-08-10T15:09:59,AWAKE,0.2074,0.0,ML,0.5542,
2026-08-10T15:10:00,AWAKE,0.1169,0.0,ML,0.9753,
2026-08-10T15:10:01,AWAKE,0.3669,0.0515,ML,0.7025,
2026-08-10T15:10:02,AWAKE,0.3857,0.0243,ML,0.7891,
2026-08-10T15:10:03,AWAKE,0.2942,0.0224,ML,0.6177,
2026-08-10T15:10:04,AWAKE,0.1587,0.0175,ML,1.0,
2026-08-10T15:10:04,NO_FACE,0.0,0.0,RULE,0.0,
2026-08-10T15:10:04,AWAKE,0.1449,0.0187,ML,0.9877,
2026-08-10T15:10:05,AWAKE,0.3198,0.0,ML,0.9009,
2026-08-10T15:10:06,AWAKE,0.172,0.0698,ML,0.956,
2026-08-10T15:10:07,AWAKE,0.1986,0.0192,ML,0.9983,
2026-08-10T15:10:09,AWAKE,0.308,0.0166,ML,0.9618,
2026-08-10T15:10:10,AWAKE,0.1594,0.0,ML,0.9934,
2026-08-10T15:10:11,AWAKE,0.1588,0.0363,ML,0.9976,
2026-08-10T15:10:11,HEAD_DROP,0.1891,0.0182,ML,1.0,/Users/mac/Desktop/drowsiness_detector/logs/snapshots/HEAD_DROP_20260810_151011_179497.jpg
2026-08-10T15:10:11,AWAKE,0.1117,0.0554,ML,0.637,
2026-08-10T15:10:13,AWAKE,0.2394,0.0,ML,0.9536,
2026-08-10T15:10:14,AWAKE,0.4786,0.0504,ML,0.7029,
2026-08-10T15:10:15,AWAKE,0.3251,0.147,ML,0.8803,
2026-08-10T15:10:16,AWAKE,0.3293,0.0199,ML,0.8903,
2026-08-10T15:10:17,AWAKE,0.2792,0.0204,ML,0.9476,
2026-08-10T15:10:18,AWAKE,0.2935,0.0,ML,0.7256,
2026-08-10T15:10:19,AWAKE,0.2441,0.0,ML,0.9558,
2026-08-10T15:10:20,AWAKE,0.2208,0.0,ML,0.6768,
2026-08-10T15:10:21,AWAKE,0.205,0.022,ML,0.9259,
2026-08-10T15:10:22,AWAKE,0.2564,0.0208,ML,0.6004,
2026-08-10T15:10:23,AWAKE,0.1869,0.0476,ML,0.9907,
2026-08-10T15:10:24,HEAD_DROP,0.1564,0.0,ML,0.9903,/Users/mac/Desktop/drowsiness_detector/logs/snapshots/HEAD_DROP_20260810_151024_339204.jpg
2026-08-10T15:10:25,HEAD_DROP,0.1912,0.0189,ML,0.9961,/Users/mac/Desktop/drowsiness_detector/logs/snapshots/HEAD_DROP_20260810_151025_376527.jpg
2026-08-10T15:10:25,AWAKE,0.2422,0.0,ML,0.9584,
2026-08-10T15:10:26,AWAKE,0.2742,0.0,ML,0.8223,
2026-08-10T15:10:27,AWAKE,0.1155,0.0208,ML,0.5933,
2026-08-10T15:10:28,AWAKE,0.2056,0.0,ML,0.6207,
2026-08-10T15:10:29,AWAKE,0.1075,0.0,ML,0.9995,
2026-08-10T15:10:30,EYE_WARNING,0.089,0.0163,ML,0.7111,
2026-08-10T15:10:31,EYE_WARNING,0.0695,0.0,ML,1.0,
2026-08-10T15:10:32,DROWSY_ALERT,0.0936,0.0196,ML,0.6573,/Users/mac/Desktop/drowsiness_detector/logs/snapshots/DROWSY_ALERT_20260810_151032_172804.jpg
2026-08-10T15:10:33,AWAKE,0.1854,0.0,ML,0.7783,
2026-08-10T15:10:34,AWAKE,0.167,0.0,ML,0.9934,
2026-08-10T15:10:35,HEAD_DROP,0.1972,0.0,ML,0.9801,/Users/mac/Desktop/drowsiness_detector/logs/snapshots/HEAD_DROP_20260810_151035_036716.jpg
2026-08-10T15:10:35,AWAKE,0.2063,0.0,ML,0.5676,
2026-08-10T15:10:36,AWAKE,0.128,0.0,ML,0.5191,
2026-08-10T15:10:37,AWAKE,0.1196,0.0,ML,0.9601,
2026-08-10T15:10:38,AWAKE,0.1629,0.0,ML,0.9934,
2026-08-10T15:10:38,HEAD_DROP,0.1461,0.0,ML,0.9934,/Users/mac/Desktop/drowsiness_detector/logs/snapshots/HEAD_DROP_20260810_151038_637085.jpg
2026-08-10T15:10:39,AWAKE,0.1294,0.0,ML,0.5008,
2026-08-10T15:10:40,AWAKE,0.1796,0.0,ML,0.9934,
2026-08-10T15:10:41,AWAKE,0.2368,0.0,ML,0.896,
2026-08-10T15:10:41,NO_FACE,0.0,0.0,RULE,0.0,
2026-08-10T15:10:41,AWAKE,0.2297,0.021,ML,0.8563,
2026-08-10T15:10:41,NO_FACE,0.0,0.0,RULE,0.0,
2026-08-10T15:10:41,AWAKE,0.21,0.0399,ML,0.9015,
2026-08-10T15:10:42,AWAKE,0.1864,0.0211,ML,0.9749,
2026-08-10T15:10:42,NO_FACE,0.0,0.0,RULE,0.0,
2026-08-10T15:10:42,AWAKE,0.1119,0.0,ML,0.9854,
2026-08-10T15:10:43,AWAKE,0.1705,0.0,ML,0.9934,
2026-08-10T15:10:44,AWAKE,0.2557,0.0816,ML,0.5149,
2026-08-10T15:10:45,AWAKE,0.2441,0.0199,ML,0.8353,
2026-08-10T15:10:46,NO_FACE,0.0,0.0,RULE,0.0,
2026-08-10T15:10:46,AWAKE,0.1753,0.0,ML,0.9934,
2026-08-10T15:10:46,NO_FACE,0.0,0.0,RULE,0.0,
2026-08-10T15:10:46,AWAKE,0.1888,0.0192,ML,1.0,
2026-08-10T15:10:46,NO_FACE,0.0,0.0,RULE,0.0,
2026-08-10T15:10:47,AWAKE,0.1901,0.0,ML,0.9845,
2026-08-10T15:10:47,NO_FACE,0.0,0.0,RULE,0.0,
2026-08-10T15:10:47,AWAKE,0.2067,0.0,ML,0.5676,
2026-08-10T15:10:47,NO_FACE,0.0,0.0,RULE,0.0,
2026-08-10T15:10:47,AWAKE,0.2313,0.0237,ML,0.8074,
2026-08-10T15:10:48,NO_FACE,0.0,0.0,RULE,0.0,
2026-08-10T15:10:48,AWAKE,0.1996,0.0,ML,0.9677,
2026-08-10T15:10:48,NO_FACE,0.0,0.0,RULE,0.0,
2026-08-10T15:10:49,NO_FACE,0.0,0.0,RULE,0.0,
2026-08-10T15:10:50,NO_FACE,0.0,0.0,RULE,0.0,
2026-08-10T15:10:51,AWAKE,0.2282,0.0719,ML,0.5843,
2026-08-10T15:10:51,NO_FACE,0.0,0.0,RULE,0.0,
2026-08-10T15:10:52,NO_FACE,0.0,0.0,RULE,0.0,
2026-08-10T15:10:52,AWAKE,0.2062,0.0,ML,0.6207,
2026-08-10T15:10:53,AWAKE,0.2792,0.0213,ML,0.8692,
2026-08-10T15:10:54,AWAKE,0.1956,0.0217,ML,0.9658,
2026-08-10T15:10:55,HEAD_DROP,0.2067,0.0,ML,0.5676,/Users/mac/Desktop/drowsiness_detector/logs/snapshots/HEAD_DROP_20260810_151055_225593.jpg
2026-08-10T15:10:55,AWAKE,0.2238,0.0,ML,0.6066,
2026-08-10T15:10:56,AWAKE,0.2047,0.0204,ML,0.9865,
2026-08-10T15:10:56,HEAD_DROP,0.1881,0.02,ML,1.0,/Users/mac/Desktop/drowsiness_detector/logs/snapshots/HEAD_DROP_20260810_151056_865489.jpg
2026-08-10T15:10:57,AWAKE,0.2482,0.0545,ML,0.3886,
2026-08-11T12:24:27,AWAKE,0.0454,0.0,ML,0.9986,
2026-08-11T12:24:28,AWAKE,0.0836,0.0,ML,0.9488,
2026-08-11T12:24:28,EYE_WARNING,0.0645,0.0,ML,0.9998,
2026-08-11T12:24:29,EYE_WARNING,0.0454,0.0,ML,0.9986,
2026-08-11T12:24:30,DROWSY_ALERT,0.0614,0.0,ML,0.9998,/Users/mac/Desktop/drowsiness_detector/logs/snapshots/DROWSY_ALERT_20260811_122430_016404.jpg
2026-08-11T12:24:31,DROWSY_ALERT,0.0604,0.0,ML,0.9998,/Users/mac/Desktop/drowsiness_detector/logs/snapshots/DROWSY_ALERT_20260811_122431_017422.jpg
2026-08-11T12:24:32,DROWSY_ALERT,0.0609,0.0169,ML,0.9123,/Users/mac/Desktop/drowsiness_detector/logs/snapshots/DROWSY_ALERT_20260811_122432_051908.jpg
2026-08-11T12:24:33,DROWSY_ALERT,0.0685,0.0,ML,0.9998,/Users/mac/Desktop/drowsiness_detector/logs/snapshots/DROWSY_ALERT_20260811_122433_116905.jpg
2026-08-11T12:24:34,DROWSY_ALERT,0.0676,0.0,ML,0.9998,/Users/mac/Desktop/drowsiness_detector/logs/snapshots/DROWSY_ALERT_20260811_122434_175989.jpg
2026-08-11T12:24:35,DROWSY_ALERT,0.0686,0.0,ML,0.9998,/Users/mac/Desktop/drowsiness_detector/logs/snapshots/DROWSY_ALERT_20260811_122435_182292.jpg
2026-08-11T12:24:36,DROWSY_ALERT,0.1009,0.0,ML,0.977,/Users/mac/Desktop/drowsiness_detector/logs/snapshots/DROWSY_ALERT_20260811_122436_212292.jpg
2026-08-11T12:24:36,AWAKE,0.1824,0.0172,ML,0.9382,
2026-08-11T12:24:37,AWAKE,0.1805,0.0169,ML,0.9454,
2026-08-11T12:24:37,HEAD_DROP,0.1576,0.0,ML,0.5935,/Users/mac/Desktop/drowsiness_detector/logs/snapshots/HEAD_DROP_20260811_122437_877821.jpg
2026-08-11T12:24:38,AWAKE,0.2145,0.0242,ML,0.7957,
2026-08-11T12:24:39,AWAKE,0.1743,0.0,ML,0.7257,
2026-08-11T12:24:40,AWAKE,0.1606,0.02,ML,0.7282,
2026-08-11T12:24:41,AWAKE,0.2379,0.0213,ML,0.8261,
2026-08-11T12:24:42,AWAKE,0.2276,0.0,ML,0.9109,
2026-08-11T12:24:43,AWAKE,0.2054,0.0,ML,0.597,
2026-08-11T12:24:44,AWAKE,0.2029,0.0301,ML,0.5963,
2026-08-11T12:24:45,AWAKE,0.2235,0.0,ML,0.9023,
2026-08-11T12:24:46,AWAKE,0.1852,0.1114,ML,0.8255,
2026-08-11T12:24:47,AWAKE,0.2355,0.0,ML,0.9368,
2026-08-11T12:24:48,AWAKE,0.2867,0.0243,ML,0.6603,
2026-08-11T12:24:49,AWAKE,0.2238,0.0,ML,0.9104,
2026-08-11T12:24:50,AWAKE,0.2254,0.0,ML,0.912,
2026-08-11T12:24:51,AWAKE,0.2094,0.0,ML,0.8583,
2026-08-11T12:24:52,AWAKE,0.2671,0.0,ML,0.8792,
2026-08-11T12:24:53,AWAKE,0.2156,0.0,ML,0.8752,
2026-08-11T12:24:54,AWAKE,0.2261,0.02,ML,0.8998,
2026-08-11T12:24:55,AWAKE,0.2276,0.0,ML,0.9109,
2026-08-11T12:24:56,AWAKE,0.2049,0.0,ML,0.5864,
2026-08-11T12:24:58,AWAKE,0.2179,0.0,ML,0.8728,
2026-08-11T12:24:59,AWAKE,0.1941,0.0158,ML,0.9137,
2026-08-11T12:25:00,AWAKE,0.1922,0.0,ML,0.6277,
2026-08-11T12:25:01,AWAKE,0.1455,0.0172,ML,0.7406,
2026-08-11T12:25:02,AWAKE,0.1875,0.0204,ML,0.637,
2026-08-11T12:25:03,AWAKE,0.1784,0.0,ML,0.693,
2026-08-11T12:25:04,AWAKE,0.2171,0.0,ML,0.8617,
2026-08-11T12:25:05,AWAKE,0.1927,0.0,ML,0.5666,
2026-08-11T12:25:06,AWAKE,0.1788,0.02,ML,0.7814,
2026-08-11T12:25:07,AWAKE,0.2059,0.0185,ML,0.7851,
2026-08-11T12:25:08,AWAKE,0.21,0.0,ML,0.8656,
2026-08-11T12:25:09,AWAKE,0.2093,0.0,ML,0.8583,
2026-08-11T12:25:10,AWAKE,0.2216,0.0175,ML,0.6585,
2026-08-11T12:25:11,AWAKE,0.2035,0.0,ML,0.5539,
2026-08-11T12:25:12,AWAKE,0.2165,0.0,ML,0.868,
2026-08-11T12:25:13,AWAKE,0.1876,0.0,ML,0.7061,
2026-08-11T12:25:14,AWAKE,0.1177,0.0,ML,0.8614,
2026-08-11T12:25:15,AWAKE,0.1216,0.0,ML,0.7877,
2026-08-11T12:25:16,AWAKE,0.2277,0.0,ML,0.9109,
2026-08-11T12:25:17,AWAKE,0.2319,0.0175,ML,0.6514,
2026-08-11T12:25:18,AWAKE,0.2614,0.0,ML,0.8551,
2026-08-11T12:25:19,NO_FACE,0.0,0.0,RULE,0.0,
2026-08-11T12:25:19,AWAKE,0.2541,0.0305,ML,0.7708,
2026-08-11T12:25:19,NO_FACE,0.0,0.0,RULE,0.0,
2026-08-11T12:25:19,AWAKE,0.2728,0.1336,ML,0.4527,
2026-08-11T12:25:20,NO_FACE,0.0,0.0,RULE,0.0,
2026-08-11T12:25:20,AWAKE,0.3104,0.0,ML,0.6922,
2026-08-11T12:25:21,AWAKE,0.3461,0.1934,ML,0.6593,
2026-08-11T12:25:22,AWAKE,0.2106,0.023,ML,0.6532,
2026-08-11T12:25:23,AWAKE,0.2819,0.0772,ML,0.831,
2026-08-11T12:25:24,AWAKE,0.1831,0.0579,ML,0.9014,
2026-08-11T12:25:25,AWAKE,0.1785,0.0,ML,0.693,
2026-08-11T12:25:26,AWAKE,0.1979,0.0,ML,0.5253,
2026-08-11T12:25:27,AWAKE,0.1511,0.0,ML,0.5084,
2026-08-11T12:25:28,NO_FACE,0.0,0.0,RULE,0.0,
2026-08-11T12:25:28,AWAKE,0.2058,0.0213,ML,0.5092,
2026-08-11T12:25:29,NO_FACE,0.0,0.0,RULE,0.0,
2026-08-11T12:25:29,AWAKE,0.4702,0.0366,ML,0.8591,
2026-08-11T12:25:30,AWAKE,0.2741,0.0,ML,0.7175,
2026-08-11T12:25:31,AWAKE,0.0164,0.0,ML,0.9864,
2026-08-11T12:25:32,AWAKE,0.1577,0.0659,ML,0.7507,
2026-08-11T12:25:33,AWAKE,0.2581,0.0,ML,0.9186,
2026-08-11T12:25:34,AWAKE,0.2714,0.0181,ML,0.8292,
2026-08-11T12:25:35,AWAKE,0.2695,0.1011,ML,0.712,
2026-08-11T12:25:36,AWAKE,0.2737,0.0745,ML,0.7718,
2026-08-11T12:25:37,AWAKE,0.2417,0.0299,ML,0.8379,
2026-08-11T12:25:38,AWAKE,0.2352,0.0412,ML,0.8936,
2026-08-11T12:25:39,AWAKE,0.2644,0.0172,ML,0.6904,
2026-08-11T12:25:40,AWAKE,0.2177,0.0,ML,0.8728,
2026-08-11T12:25:42,AWAKE,0.2986,0.0,ML,0.688,
2026-08-11T12:25:42,NO_FACE,0.0,0.0,RULE,0.0,
2026-08-11T12:25:42,AWAKE,0.0543,0.0,ML,0.9998,
2026-08-11T12:25:43,AWAKE,0.2542,0.0,ML,0.9345,
2026-08-11T12:25:44,AWAKE,0.2676,0.0,ML,0.8781,
2026-08-11T12:25:45,AWAKE,0.3052,0.0159,ML,0.6261,
2026-08-11T12:25:46,AWAKE,0.2921,0.0193,ML,0.6533,
2026-08-11T12:25:47,AWAKE,0.3267,0.0,ML,0.6978,
2026-08-11T12:25:48,AWAKE,0.293,0.0,ML,0.6847,
2026-08-11T12:25:49,AWAKE,0.2624,0.0,ML,0.8794,
2026-08-11T12:25:50,AWAKE,0.2706,0.0351,ML,0.5793,
2026-08-11T12:25:51,AWAKE,0.2583,0.0,ML,0.9142,
2026-08-11T12:25:52,NO_FACE,0.0,0.0,RULE,0.0,
2026-08-11T12:25:52,AWAKE,0.2378,0.0194,ML,0.9264,
2026-08-11T12:25:53,AWAKE,0.263,0.0182,ML,0.6632,
2026-08-11T12:25:54,AWAKE,0.1708,0.0,ML,0.7508,
2026-08-11T12:25:55,AWAKE,0.2275,0.0185,ML,0.4993,
2026-08-11T12:25:56,AWAKE,0.2256,0.0,ML,0.912,
2026-08-11T12:25:58,AWAKE,0.2648,0.0,ML,0.887,
2026-08-11T12:25:59,AWAKE,0.2458,0.0,ML,0.9392,
2026-08-11T12:26:00,AWAKE,0.2724,0.625,ML,1.0,
2026-08-11T12:26:00,YAWNING,0.1724,1.1089,ML,0.9983,
2026-08-11T12:26:01,YAWNING,0.1592,1.1181,ML,0.99,
2026-08-11T12:26:02,YAWNING,0.1298,0.9639,ML,0.9717,
2026-08-11T12:26:03,YAWNING,0.1288,1.1493,ML,0.9721,
2026-08-11T12:26:04,YAWNING,0.0808,0.7984,ML,0.9881,
2026-08-11T12:26:06,YAWNING,0.0687,1.1213,ML,0.985,
2026-08-11T12:26:07,YAWNING,0.1695,0.9853,ML,0.9938,
2026-08-11T12:26:07,AWAKE,0.176,0.0828,ML,0.8849,
2026-08-11T12:26:08,AWAKE,0.1767,0.0192,ML,0.8081,
2026-08-11T12:26:10,AWAKE,0.1818,0.0,ML,0.6622,
2026-08-11T12:26:11,AWAKE,0.3028,0.2101,ML,0.6358,
2026-08-11T12:26:11,YAWNING,0.258,0.7977,ML,1.0,
2026-08-11T12:26:12,YAWNING,0.2758,0.718,ML,1.0,
2026-08-11T12:26:14,YAWNING,0.2285,0.7047,ML,0.9928,
2026-08-11T12:26:15,YAWNING,0.2634,0.7443,ML,1.0,
2026-08-11T12:26:16,YAWNING,0.27,0.7076,ML,0.9927,
2026-08-11T12:26:17,YAWNING,0.2665,0.7242,ML,0.9934,
2026-08-11T12:26:18,YAWNING,0.2482,0.666,ML,1.0,
2026-08-11T12:26:18,AWAKE,0.2487,0.0833,ML,0.6702,
2026-08-11T12:26:19,AWAKE,0.2395,0.8943,ML,1.0,
2026-08-11T12:26:19,YAWNING,0.2324,0.9323,ML,1.0,
2026-08-11T12:26:20,YAWNING,0.2629,1.2759,ML,1.0,
2026-08-11T12:26:21,YAWNING,0.227,0.9487,ML,0.9973,
2026-08-11T12:26:22,AWAKE,0.2237,0.0351,ML,0.8247,
2026-08-11T12:26:23,AWAKE,0.302,0.0179,ML,0.9122,
2026-08-11T12:26:24,AWAKE,0.2899,0.0137,ML,0.8519,
2026-08-11T12:26:25,AWAKE,0.2816,0.0132,ML,0.8956,
2026-08-11T12:26:26,AWAKE,0.2929,0.0,ML,0.6847,
2026-08-11T12:26:27,AWAKE,0.2714,0.0,ML,0.8426,
2026-08-11T12:26:28,AWAKE,0.2898,0.0,ML,0.6489,
2026-08-11T12:26:29,AWAKE,0.2573,0.0159,ML,0.9102,
2026-08-11T12:26:31,AWAKE,0.0703,0.0,ML,0.9998,
2026-08-11T12:26:31,EYE_WARNING,0.1054,0.0,ML,0.8925,
2026-08-11T12:26:32,EYE_WARNING,0.119,0.0,ML,0.7151,
2026-08-11T12:26:33,AWAKE,0.1405,0.0,ML,0.5731,
2026-08-11T12:26:34,AWAKE,0.1121,0.0,ML,0.9352,
2026-08-11T12:26:35,EYE_WARNING,0.1008,0.0,ML,0.977,
2026-08-11T12:26:36,EYE_WARNING,0.1085,0.0,ML,0.949,
2026-08-11T12:26:36,DROWSY_ALERT,0.081,0.0164,ML,0.9947,/Users/mac/Desktop/drowsiness_detector/logs/snapshots/DROWSY_ALERT_20260811_122636_765157.jpg
2026-08-11T12:26:37,AWAKE,0.1783,0.0,ML,0.6919,
2026-08-11T12:26:38,AWAKE,0.2375,0.0,ML,0.937,
2026-08-11T12:26:39,AWAKE,0.2567,0.0,ML,0.9267,
2026-08-11T12:26:40,AWAKE,0.2708,0.0,ML,0.8782,
2026-08-11T12:26:41,AWAKE,0.2899,0.0267,ML,0.6285,
2026-08-11T12:26:42,AWAKE,0.1654,0.0,ML,0.758,
2026-08-11T12:26:43,HEAD_DROP,0.1559,0.0,ML,0.4723,/Users/mac/Desktop/drowsiness_detector/logs/snapshots/HEAD_DROP_20260811_122643_743777.jpg
2026-08-11T12:26:44,AWAKE,0.2116,0.0,ML,0.8711,
2026-08-11T12:26:45,AWAKE,0.2264,0.0182,ML,0.5952,
2026-08-11T12:26:46,NO_FACE,0.0,0.0,RULE,0.0,
2026-08-11T12:26:46,AWAKE,0.3684,0.041,ML,0.8878,
2026-08-11T12:26:46,NO_FACE,0.0,0.0,RULE,0.0,
2026-08-11T12:26:46,AWAKE,0.2512,0.0782,ML,0.8301,
2026-08-11T12:26:47,AWAKE,0.2212,0.0369,ML,0.8203,
2026-08-11T12:26:48,AWAKE,0.1987,0.0,ML,0.5169,
2026-08-11T12:26:49,AWAKE,0.1959,0.0164,ML,0.9136,
2026-08-11T12:26:50,AWAKE,0.2036,0.0167,ML,0.8326,
2026-08-11T12:26:51,AWAKE,0.2023,0.0,ML,0.5923,
2026-08-11T12:26:52,AWAKE,0.1457,0.0,ML,0.5271,
2026-08-11T12:26:53,AWAKE,0.1522,0.0178,ML,0.7815,
2026-08-11T12:26:54,AWAKE,0.1831,0.0169,ML,0.9535,
2026-08-11T12:26:55,AWAKE,0.2859,0.0,ML,0.5475,
2026-08-11T12:26:56,AWAKE,0.1344,0.0,ML,0.6965,
2026-08-11T12:26:57,AWAKE,0.0756,0.0,ML,0.9998,
2026-08-11T12:26:58,EYE_WARNING,0.0824,0.0,ML,0.9767,
2026-08-11T12:26:58,AWAKE,0.1458,0.0,ML,0.5271,
2026-08-11T12:26:59,AWAKE,0.117,0.0197,ML,0.77,
2026-08-11T12:27:00,AWAKE,0.125,0.0,ML,0.7079,
2026-08-11T12:27:01,AWAKE,0.1365,0.017,ML,0.7307,
2026-08-11T12:27:02,AWAKE,0.1425,0.0,ML,0.5754,
2026-08-11T12:27:04,AWAKE,0.1263,0.0177,ML,0.6465,
2026-08-11T12:27:05,AWAKE,0.1346,0.0,ML,0.6878,
2026-08-11T12:27:06,AWAKE,0.3249,0.0,ML,0.7023,
2026-08-11T12:27:07,AWAKE,0.2843,0.0,ML,0.5221,
2026-08-11T12:27:08,AWAKE,0.2039,0.0175,ML,0.84,
2026-08-11T12:27:09,AWAKE,0.1903,0.0181,ML,0.9289,
2026-08-11T12:27:10,AWAKE,0.2014,0.026,ML,0.6239,
2026-08-11T12:27:11,AWAKE,0.1953,0.0181,ML,0.9081,
2026-08-11T12:27:12,HEAD_DROP,0.2025,0.0188,ML,0.5318,/Users/mac/Desktop/drowsiness_detector/logs/snapshots/HEAD_DROP_20260811_122712_361197.jpg
2026-08-11T12:27:12,AWAKE,0.2075,0.0,ML,0.7029,
2026-08-11T12:27:13,AWAKE,0.1836,0.0248,ML,0.9067,
2026-08-11T12:27:14,AWAKE,0.1753,0.0243,ML,0.7152,
2026-08-11T12:27:15,NO_FACE,0.0,0.0,RULE,0.0,
2026-08-11T12:27:15,AWAKE,0.2178,0.0177,ML,0.667,
2026-08-11T12:27:15,NO_FACE,0.0,0.0,RULE,0.0,
2026-08-11T12:27:16,NO_FACE,0.0,0.0,RULE,0.0,
2026-08-11T12:27:16,AWAKE,0.2386,0.0166,ML,0.5859,
2026-08-11T12:27:17,AWAKE,0.156,0.0,ML,0.496,
2026-08-11T12:27:18,AWAKE,0.1722,0.0,ML,0.7509,
2026-08-11T12:27:19,AWAKE,0.1758,0.0178,ML,0.935,
2026-08-11T12:27:20,HEAD_DROP,0.1687,0.0174,ML,0.9394,/Users/mac/Desktop/drowsiness_detector/logs/snapshots/HEAD_DROP_20260811_122720_091484.jpg
2026-08-11T12:27:21,HEAD_DROP,0.1692,0.0,ML,0.7328,/Users/mac/Desktop/drowsiness_detector/logs/snapshots/HEAD_DROP_20260811_122721_182179.jpg
2026-08-11T12:27:22,HEAD_DROP,0.1634,0.0,ML,0.6424,/Users/mac/Desktop/drowsiness_detector/logs/snapshots/HEAD_DROP_20260811_122722_192453.jpg
2026-08-11T12:27:23,HEAD_DROP,0.1835,0.0,ML,0.7054,/Users/mac/Desktop/drowsiness_detector/logs/snapshots/HEAD_DROP_20260811_122723_223343.jpg
2026-08-11T12:27:24,HEAD_DROP,0.1797,0.0271,ML,0.9099,/Users/mac/Desktop/drowsiness_detector/logs/snapshots/HEAD_DROP_20260811_122724_256922.jpg
2026-08-11T12:27:24,AWAKE,0.0915,0.0,ML,0.9778,
2026-08-11T12:27:25,AWAKE,0.0927,0.0,ML,0.9511,
2026-08-11T12:27:25,EYE_WARNING,0.1185,0.0,ML,0.8095,
2026-08-11T12:27:26,AWAKE,0.1469,0.0,ML,0.5334,
2026-08-11T12:27:27,AWAKE,0.0734,0.0,ML,0.9998,
2026-08-11T12:27:27,EYE_WARNING,0.1146,0.0182,ML,0.7289,
2026-08-11T12:27:28,EYE_WARNING,0.0984,0.0,ML,0.9767,
2026-08-11T12:27:29,DROWSY_ALERT,0.0979,0.0175,ML,0.9101,/Users/mac/Desktop/drowsiness_detector/logs/snapshots/DROWSY_ALERT_20260811_122729_354688.jpg
2026-08-11T12:27:30,DROWSY_ALERT,0.099,0.0,ML,0.9721,/Users/mac/Desktop/drowsiness_detector/logs/snapshots/DROWSY_ALERT_20260811_122730_386930.jpg
2026-08-11T12:27:30,AWAKE,0.1395,0.0,ML,0.5598,
2026-08-11T12:27:32,AWAKE,0.1255,0.0,ML,0.6856,
2026-08-11T12:27:33,AWAKE,0.2938,0.0,ML,0.6873,
2026-08-11T12:27:34,AWAKE,0.3039,0.0,ML,0.6849,
2026-08-11T12:27:35,AWAKE,0.3102,0.0,ML,0.6922,
2026-08-11T12:27:36,AWAKE,0.3013,0.0,ML,0.6864,
2026-08-11T12:27:37,AWAKE,0.2748,0.017,ML,0.8341,
2026-08-11T12:27:38,AWAKE,0.3049,0.0,ML,0.6849,
2026-08-11T12:27:39,AWAKE,0.2998,0.0,ML,0.6864,
2026-08-11T12:27:40,HEAD_DROP,0.3177,0.0173,ML,0.8861,/Users/mac/Desktop/drowsiness_detector/logs/snapshots/HEAD_DROP_20260811_122740_118473.jpg
2026-08-11T12:27:40,AWAKE,0.2152,0.0,ML,0.8752,
2026-08-11T12:27:41,AWAKE,0.1076,0.0,ML,0.8676,
2026-08-11T12:27:42,AWAKE,0.2794,0.0212,ML,0.7408,
2026-08-11T12:27:43,AWAKE,0.2661,0.063,ML,0.786,
2026-08-11T12:27:44,AWAKE,0.2757,0.0185,ML,0.8032,
2026-08-11T12:27:45,AWAKE,0.1994,0.0175,ML,0.846,
2026-08-11T12:27:46,AWAKE,0.2568,0.0247,ML,0.728,
2026-08-11T12:27:47,AWAKE,0.2924,0.0,ML,0.6857,
2026-08-11T12:27:48,AWAKE,0.2708,0.0166,ML,0.7325,
2026-08-11T12:27:49,AWAKE,0.2353,0.0,ML,0.9368,
2026-08-11T12:27:51,AWAKE,0.2637,0.0248,ML,0.641,
2026-08-11T12:27:52,AWAKE,0.3892,0.0502,ML,0.8245,
2026-08-11T12:27:53,AWAKE,0.161,0.0192,ML,0.7638,
2026-08-11T12:27:54,AWAKE,0.1879,0.026,ML,0.9076,
2026-08-11T12:27:55,AWAKE,0.1653,0.0,ML,0.758,
2026-08-11T12:27:56,AWAKE,0.2042,0.0209,ML,0.5582,
2026-08-11T12:27:57,AWAKE,0.1887,0.0329,ML,0.9136,
2026-08-11T12:27:58,AWAKE,0.1141,0.0,ML,0.9076,
2026-08-11T12:27:59,AWAKE,0.1542,0.0216,ML,0.8802,
2026-08-11T12:28:00,AWAKE,0.1744,0.05,ML,0.8687,
2026-08-11T12:28:01,AWAKE,0.1698,0.0217,ML,0.4404,
2026-08-11T12:28:02,AWAKE,0.2506,0.0238,ML,0.7803,
2026-08-11T12:28:03,AWAKE,0.2885,0.0151,ML,0.8333,
2026-08-11T12:28:04,AWAKE,0.1436,0.0159,ML,0.6478,
2026-08-11T15:25:25,AWAKE,0.3173,0.0,ML,0.6771,
2026-08-11T15:25:26,AWAKE,0.2954,0.0,ML,0.6518,
2026-08-11T15:25:28,AWAKE,0.313,0.0,ML,0.67,
2026-08-11T15:25:29,AWAKE,0.2574,0.0128,ML,0.8668,
2026-08-11T15:25:30,AWAKE,0.2444,0.0,ML,0.8781,
2026-08-11T15:25:31,AWAKE,0.0793,0.0135,ML,0.9895,
2026-08-11T15:25:32,AWAKE,0.2507,0.0169,ML,0.5596,
2026-08-11T15:25:33,AWAKE,0.0728,0.0,ML,0.99,
2026-08-11T15:25:34,AWAKE,0.1156,0.0,ML,0.9016,
2026-08-11T15:25:34,EYE_WARNING,0.117,0.0156,ML,0.9241,
2026-08-11T15:25:34,AWAKE,0.2423,0.0667,ML,0.7604,
2026-08-11T15:25:35,AWAKE,0.2452,0.0141,ML,0.8385,
2026-08-11T15:25:36,AWAKE,0.2431,0.0,ML,0.8735,
2026-08-11T15:25:37,AWAKE,0.2651,0.0125,ML,0.8725,
2026-08-11T15:25:38,AWAKE,0.2322,0.0127,ML,0.823,
2026-08-11T15:25:39,AWAKE,0.3172,0.0137,ML,0.591,
2026-08-11T15:25:40,AWAKE,0.3271,0.0142,ML,0.574,
2026-08-11T15:25:42,AWAKE,0.1051,0.0,ML,0.9447,
2026-08-11T15:25:42,EYE_WARNING,0.0916,0.0,ML,0.9849,
2026-08-11T15:25:43,AWAKE,0.172,0.0125,ML,0.6393,
2026-08-11T15:25:44,AWAKE,0.2042,0.0185,ML,0.512,
2026-08-11T15:25:45,AWAKE,0.3121,0.0151,ML,0.6892,
2026-08-11T15:25:46,AWAKE,0.3334,0.0239,ML,0.5746,
2026-08-11T15:25:47,AWAKE,0.4454,0.0554,ML,0.8524,
2026-08-11T15:25:48,AWAKE,0.3556,0.0207,ML,0.769,
2026-08-11T15:25:49,AWAKE,0.3051,0.0735,ML,0.5355,
2026-08-11T15:25:50,AWAKE,0.3479,0.0506,ML,0.8135,
2026-08-11T15:25:51,AWAKE,0.2995,0.0511,ML,0.5877,
2026-08-11T15:25:52,AWAKE,0.3264,0.0316,ML,0.6635,
2026-08-11T15:25:53,AWAKE,0.3419,0.0445,ML,0.679,
2026-08-11T15:25:54,AWAKE,0.3484,0.0,ML,0.599,
2026-08-11T15:25:55,AWAKE,0.3523,0.1247,ML,0.5871,
2026-08-11T15:25:56,AWAKE,0.3032,0.0819,ML,0.5653,
2026-08-11T15:25:57,AWAKE,0.4612,0.0306,ML,0.838,
2026-08-11T15:25:58,AWAKE,0.3306,0.0221,ML,0.5505,
2026-08-11T15:25:59,AWAKE,0.3204,0.0518,ML,0.5811,
2026-08-11T15:26:00,AWAKE,0.4118,0.084,ML,0.8572,
2026-08-11T15:26:00,NO_FACE,0.0,0.0,RULE,0.0,
2026-08-11T15:26:00,AWAKE,0.3508,0.0486,ML,0.8287,
2026-08-11T15:26:01,AWAKE,0.3594,0.0248,ML,0.8299,
2026-08-11T15:26:02,NO_FACE,0.0,0.0,RULE,0.0,
2026-08-11T15:26:03,NO_FACE,0.0,0.0,RULE,0.0,
2026-08-11T15:26:04,NO_FACE,0.0,0.0,RULE,0.0,
2026-08-11T15:26:05,NO_FACE,0.0,0.0,RULE,0.0,
2026-08-11T15:26:06,NO_FACE,0.0,0.0,RULE,0.0,
2026-08-11T15:26:07,AWAKE,0.3478,0.2129,ML,0.6301,
2026-08-11T15:26:08,AWAKE,0.3358,0.2136,ML,0.6786,
2026-08-11T15:26:09,AWAKE,0.4192,0.0508,ML,0.8548,
2026-08-11T15:26:10,AWAKE,0.3783,0.0658,ML,0.8685,
2026-08-11T15:26:11,AWAKE,0.4145,0.1281,ML,0.6302,
2026-08-11T15:26:12,AWAKE,0.3176,0.0978,ML,0.5044,
2026-08-11T15:26:13,AWAKE,0.2625,0.0533,ML,0.7048,
2026-08-11T15:26:14,AWAKE,0.2816,0.0274,ML,0.5743,
2026-08-11T15:26:15,AWAKE,0.0575,0.0132,ML,0.9908,
2026-08-11T15:26:15,EYE_WARNING,0.0624,0.0267,ML,0.6663,
2026-08-11T15:26:16,EYE_WARNING,0.0679,0.027,ML,0.7208,
2026-08-11T15:26:17,DROWSY_ALERT,0.0608,0.0135,ML,0.9883,/Users/mac/Desktop/drowsiness_detector/logs/snapshots/DROWSY_ALERT_20260811_152617_513920.jpg
2026-08-11T15:26:18,DROWSY_ALERT,0.0675,0.0133,ML,0.9956,/Users/mac/Desktop/drowsiness_detector/logs/snapshots/DROWSY_ALERT_20260811_152618_573851.jpg
2026-08-11T15:26:19,DROWSY_ALERT,0.0565,0.0,ML,0.9854,/Users/mac/Desktop/drowsiness_detector/logs/snapshots/DROWSY_ALERT_20260811_152619_578097.jpg
2026-08-11T15:26:20,DROWSY_ALERT,0.0357,0.0277,ML,0.5531,/Users/mac/Desktop/drowsiness_detector/logs/snapshots/DROWSY_ALERT_20260811_152620_642692.jpg
2026-08-11T15:26:21,DROWSY_ALERT,0.107,0.0139,ML,0.7939,/Users/mac/Desktop/drowsiness_detector/logs/snapshots/DROWSY_ALERT_20260811_152621_655537.jpg
2026-08-11T15:26:21,AWAKE,0.1801,0.0194,ML,0.7259,
2026-08-11T15:26:22,AWAKE,0.1019,0.0147,ML,0.9856,
2026-08-11T15:26:23,AWAKE,0.3052,0.0789,ML,0.5299,
2026-08-11T15:26:24,AWAKE,0.2751,0.0,ML,0.7942,
2026-08-11T15:26:26,AWAKE,0.0526,0.0,ML,0.9854,
2026-08-11T15:26:27,AWAKE,0.1663,0.0,ML,0.6746,
2026-08-11T15:26:28,AWAKE,0.2035,0.0,ML,0.7066,
2026-08-11T15:26:29,AWAKE,0.274,0.0145,ML,0.8073,
2026-08-11T15:26:30,AWAKE,0.2981,0.0,ML,0.6527,
2026-08-11T15:26:31,AWAKE,0.3089,0.0201,ML,0.6832,
2026-08-11T15:26:32,AWAKE,0.2551,0.0,ML,0.8824,
2026-08-11T15:26:32,NO_FACE,0.0,0.0,RULE,0.0,
2026-08-11T15:26:33,NO_FACE,0.0,0.0,RULE,0.0,
2026-08-11T15:26:33,AWAKE,0.1867,0.0,ML,0.6795,
2026-08-11T15:26:34,AWAKE,0.2917,0.0199,ML,0.6871,
2026-08-11T15:26:35,AWAKE,0.0267,0.0207,ML,0.8132,
2026-08-11T15:26:36,EYE_WARNING,0.0857,0.0,ML,0.9707,
2026-08-11T15:26:37,EYE_WARNING,0.1203,0.013,ML,0.8237,
2026-08-11T15:26:38,DROWSY_ALERT,0.1292,0.0,ML,0.7043,/Users/mac/Desktop/drowsiness_detector/logs/snapshots/DROWSY_ALERT_20260811_152638_169065.jpg
2026-08-11T15:26:39,DROWSY_ALERT,0.1357,0.0,ML,0.6518,/Users/mac/Desktop/drowsiness_detector/logs/snapshots/DROWSY_ALERT_20260811_152639_235375.jpg
2026-08-11T15:26:40,AWAKE,0.149,0.0185,ML,0.6671,
2026-08-11T15:26:41,AWAKE,0.1183,0.0,ML,0.8136,
2026-08-11T15:26:42,AWAKE,0.2532,0.0,ML,0.8809,
2026-08-11T15:26:43,AWAKE,0.0643,0.0,ML,0.9889,
2026-08-11T15:26:43,EYE_WARNING,0.072,0.0,ML,0.99,
2026-08-11T15:26:44,EYE_WARNING,0.0679,0.0,ML,0.9897,
2026-08-11T15:26:45,DROWSY_ALERT,0.0878,0.0,ML,0.9858,/Users/mac/Desktop/drowsiness_detector/logs/snapshots/DROWSY_ALERT_20260811_152645_496219.jpg
2026-08-11T15:26:46,DROWSY_ALERT,0.1003,0.0138,ML,0.9568,/Users/mac/Desktop/drowsiness_detector/logs/snapshots/DROWSY_ALERT_20260811_152646_528635.jpg
2026-08-11T15:26:47,DROWSY_ALERT,0.1431,0.0,ML,0.5746,/Users/mac/Desktop/drowsiness_detector/logs/snapshots/DROWSY_ALERT_20260811_152647_595045.jpg
2026-08-11T15:26:47,AWAKE,0.1718,0.0,ML,0.6975,
2026-08-11T15:26:48,AWAKE,0.2629,0.0635,ML,0.7045,
2026-08-11T15:26:49,AWAKE,0.4611,0.0,ML,0.823,
2026-08-11T15:26:50,AWAKE,0.4147,0.044,ML,0.8735,
2026-08-11T15:26:51,AWAKE,0.3754,0.0,ML,0.8228,
2026-08-11T15:26:52,AWAKE,0.3324,0.057,ML,0.6611,
2026-08-11T15:26:53,AWAKE,0.1641,0.0262,ML,0.9181,
2026-08-11T15:26:54,AWAKE,0.2296,0.0204,ML,0.7739,
2026-08-11T15:26:55,AWAKE,0.0261,0.0,ML,0.7779,
2026-08-11T15:26:56,AWAKE,0.0893,0.0,ML,0.9858,
2026-08-11T15:26:57,EYE_WARNING,0.0596,0.0,ML,0.9784,
2026-08-11T15:26:57,AWAKE,0.187,0.0263,ML,0.8766,
2026-08-11T15:26:58,AWAKE,0.0943,0.0,ML,0.9663,
2026-08-11T15:26:59,EYE_WARNING,0.0704,0.0,ML,0.9901,
2026-08-11T15:26:59,AWAKE,0.165,0.0,ML,0.7185,
2026-08-11T15:27:00,AWAKE,0.1327,0.03,ML,0.4629,
2026-08-11T15:27:01,AWAKE,0.3111,0.0319,ML,0.5079,
2026-08-11T15:27:03,AWAKE,0.2585,0.0,ML,0.8773,
2026-08-11T15:27:04,AWAKE,0.0689,0.0,ML,0.9901,
2026-08-11T15:27:05,AWAKE,0.2008,0.023,ML,0.5145,
2026-08-11T15:27:06,AWAKE,0.1937,0.0234,ML,0.6149,
2026-08-11T15:27:07,AWAKE,0.2415,0.0,ML,0.8754,
2026-08-11T15:27:08,AWAKE,0.251,0.0189,ML,0.7312,
2026-08-11T15:27:09,AWAKE,0.1514,0.0119,ML,0.5256,
2026-08-11T15:27:10,AWAKE,0.1616,0.0145,ML,0.8495,
2026-08-11T15:27:11,AWAKE,0.3327,0.0135,ML,0.5738,
2026-08-11T15:27:12,AWAKE,0.2273,0.0123,ML,0.815,
2026-08-11T15:27:13,NO_FACE,0.0,0.0,RULE,0.0,
2026-08-11T15:27:14,NO_FACE,0.0,0.0,RULE,0.0,
2026-08-11T15:27:15,NO_FACE,0.0,0.0,RULE,0.0,
2026-08-11T15:27:15,AWAKE,0.2383,0.0,ML,0.8739,
2026-08-11T15:27:16,AWAKE,0.1316,0.0124,ML,0.4866,
2026-08-11T15:27:17,AWAKE,0.2933,0.0,ML,0.651,
2026-08-11T15:27:18,AWAKE,0.2761,0.0,ML,0.735,
2026-08-11T15:27:19,AWAKE,0.303,0.0182,ML,0.8254,
2026-08-11T15:27:20,AWAKE,0.1061,0.0,ML,0.8802,
2026-08-11T16:15:23,AWAKE,0.2966,0.5836,ML,0.964,
2026-08-11T16:15:24,AWAKE,0.3254,0.0132,ML,0.6323,
2026-08-11T16:15:25,HEAD_DROP,0.3343,0.013,ML,0.7608,/Users/mac/Desktop/drowsiness_detector/logs/snapshots/HEAD_DROP_20260811_161525_116551.jpg
2026-08-11T16:15:25,AWAKE,0.3466,0.0,ML,0.5244,
2026-08-11T16:15:26,AWAKE,0.2857,0.0,ML,0.5966,
2026-08-11T16:15:27,YAWNING,0.1539,1.0461,ML,0.995,
2026-08-11T16:15:27,AWAKE,0.1174,0.1847,ML,0.3801,
2026-08-11T16:15:28,AWAKE,0.3287,0.0,ML,0.6735,
2026-08-11T16:15:29,AWAKE,0.3245,0.9082,ML,0.9909,
2026-08-11T16:15:30,AWAKE,0.308,0.1378,ML,0.6881,
2026-08-11T16:15:31,AWAKE,0.3173,1.0495,ML,0.9909,
2026-08-11T16:15:32,AWAKE,0.2664,0.0234,ML,0.6385,
2026-08-11T16:15:33,AWAKE,0.3518,0.0179,ML,0.4997,
2026-08-11T16:15:34,AWAKE,0.256,0.0363,ML,0.5613,
2026-08-11T16:15:35,AWAKE,0.269,0.0322,ML,0.5202,
2026-08-11T16:15:36,AWAKE,0.2622,0.0216,ML,0.6397,
2026-08-11T16:15:37,AWAKE,0.2442,1.0268,ML,0.9981,
2026-08-11T16:15:38,YAWNING,0.2923,1.0007,ML,0.9814,
2026-08-11T16:15:39,YAWNING,0.2428,0.9467,ML,0.9981,
2026-08-11T16:15:39,AWAKE,0.254,0.1071,ML,0.4856,
2026-08-11T16:15:40,AWAKE,0.19,0.9997,ML,0.9975,
2026-08-11T16:15:40,YAWNING,0.2435,1.1575,ML,0.9981,
2026-08-11T16:15:41,AWAKE,0.218,0.094,ML,0.6498,
2026-08-11T16:15:42,AWAKE,0.2098,0.9576,ML,0.9972,
2026-08-11T16:15:43,YAWNING,0.1852,0.9122,ML,1.0,
2026-08-11T16:15:43,AWAKE,0.1525,0.1513,ML,0.8191,
2026-08-11T16:15:44,AWAKE,0.2535,0.5932,ML,0.9977,
2026-08-11T16:15:45,AWAKE,0.2973,0.7459,ML,0.9952,
2026-08-11T16:15:46,YAWNING,0.2083,1.0856,ML,0.9972,
2026-08-11T16:15:47,AWAKE,0.2731,0.0475,ML,0.4968,
2026-08-11T16:15:48,AWAKE,0.2883,0.4323,ML,0.9508,
2026-08-11T16:15:49,YAWNING,0.3116,0.7248,ML,0.9952,
2026-08-11T16:15:49,AWAKE,0.2626,0.0189,ML,0.6747,
2026-08-11T16:15:50,AWAKE,0.094,0.0142,ML,0.9392,
2026-08-11T16:15:51,AWAKE,0.0957,0.0183,ML,0.9124,
2026-08-11T16:15:52,AWAKE,0.246,0.0,ML,0.8807,
2026-08-11T16:15:53,AWAKE,0.3458,0.2735,ML,0.8235,
2026-08-11T16:15:54,AWAKE,0.3656,0.0,ML,0.8205,
2026-08-11T16:15:55,AWAKE,0.3521,0.0125,ML,0.5451,
2026-08-11T16:15:56,AWAKE,0.2989,0.939,ML,0.9952,
2026-08-11T16:15:57,YAWNING,0.3169,1.0329,ML,0.9956,
2026-08-11T16:15:58,YAWNING,0.2844,0.4563,ML,0.994,
2026-08-11T16:15:58,AWAKE,0.2652,0.1396,ML,0.4175,
2026-08-11T16:15:59,AWAKE,0.3135,0.1164,ML,0.6103,
2026-08-11T16:16:00,AWAKE,0.3141,0.1299,ML,0.6462,
2026-08-11T16:16:01,AWAKE,0.3218,0.1148,ML,0.5363,
2026-08-11T16:16:02,AWAKE,0.2614,0.4454,ML,0.9964,
2026-08-11T16:16:03,YAWNING,0.2952,0.4755,ML,0.917,
2026-08-11T16:16:04,YAWNING,0.2495,0.5256,ML,1.0,
2026-08-11T16:16:05,YAWNING,0.3194,0.6372,ML,0.9909,
2026-08-11T16:16:06,YAWNING,0.3273,0.6856,ML,0.9909,
2026-08-11T16:16:06,AWAKE,0.2957,0.0839,ML,0.6033,
2026-08-11T16:16:07,AWAKE,0.3114,0.6393,ML,0.9952,
2026-08-11T16:16:08,YAWNING,0.3081,0.6653,ML,0.9952,
2026-08-11T16:16:08,AWAKE,0.2699,0.0687,ML,0.5612,
2026-08-11T16:16:09,AWAKE,0.231,0.7152,ML,1.0,
2026-08-11T16:16:10,YAWNING,0.2268,0.7632,ML,1.0,
2026-08-11T16:16:10,AWAKE,0.2393,0.1156,ML,0.374,
2026-08-11T16:16:11,AWAKE,0.316,0.2343,ML,0.6954,
2026-08-11T16:16:12,YAWNING,0.3234,0.3984,ML,0.9096,
2026-08-11T16:16:13,YAWNING,0.261,0.3531,ML,0.9967,
2026-08-11T16:16:14,AWAKE,0.2867,0.1803,ML,0.462,
2026-08-11T16:16:15,AWAKE,0.3662,0.0122,ML,0.6551,
2026-08-11T16:16:16,AWAKE,0.0282,0.0164,ML,0.8138,
2026-08-11T16:16:17,EYE_WARNING,0.0482,0.0118,ML,0.8696,
2026-08-11T16:16:18,EYE_WARNING,0.1113,0.0,ML,0.8903,
2026-08-11T16:16:18,AWAKE,0.1387,0.0166,ML,0.6992,
2026-08-11T16:16:19,AWAKE,0.3145,0.0117,ML,0.7723,
2026-08-11T16:16:20,AWAKE,0.0822,0.0,ML,0.985,
2026-08-11T16:16:21,AWAKE,0.0636,0.0,ML,0.9889,
2026-08-11T16:16:22,EYE_WARNING,0.0516,0.0,ML,0.9855,
2026-08-11T16:16:23,EYE_WARNING,0.0497,0.012,ML,0.8763,
2026-08-11T16:16:24,DROWSY_ALERT,0.0497,0.0,ML,0.9058,/Users/mac/Desktop/drowsiness_detector/logs/snapshots/DROWSY_ALERT_20260811_161624_128403.jpg
2026-08-11T16:16:24,AWAKE,0.1791,0.0,ML,0.6787,
2026-08-11T16:16:25,AWAKE,0.1145,0.0,ML,0.7919,
2026-08-11T16:16:26,AWAKE,0.3015,0.6558,ML,0.9952,
2026-08-11T16:16:27,YAWNING,0.1949,0.2165,ML,0.633,
2026-08-11T16:16:27,AWAKE,0.1345,0.1771,ML,0.4966,
2026-08-11T16:16:28,AWAKE,0.3019,0.0242,ML,0.5882,
2026-08-11T16:16:29,AWAKE,0.3529,0.0133,ML,0.5603,
2026-08-11T16:16:30,AWAKE,0.2585,0.0,ML,0.8773,
2026-08-11T16:16:31,AWAKE,0.323,0.0,ML,0.6753,
2026-08-11T16:16:32,AWAKE,0.3365,0.0178,ML,0.7945,
2026-08-11T16:16:33,AWAKE,0.3603,0.0837,ML,0.8586,
2026-08-24T12:20:54,AWAKE,0.2435,0.1385,ML,0.6603,
2026-08-24T12:20:55,AWAKE,0.1654,0.2475,ML,0.5183,
2026-08-24T12:20:56,AWAKE,0.2578,0.2243,ML,0.9747,
2026-08-24T12:20:57,AWAKE,0.1398,0.0333,ML,0.736,
2026-08-24T12:20:58,AWAKE,0.2897,0.0328,ML,0.6716,
2026-08-24T12:21:00,AWAKE,0.0867,0.0,ML,0.9858,
2026-08-24T12:21:00,EYE_WARNING,0.0674,0.0,ML,0.9897,
2026-08-24T12:21:01,EYE_WARNING,0.0598,0.0,ML,0.9784,
2026-08-24T12:21:02,DROWSY_ALERT,0.0536,0.0,ML,0.9854,/Users/mac/Desktop/drowsiness_detector/logs/snapshots/DROWSY_ALERT_20260824_122102_204190.jpg
2026-08-24T12:21:03,DROWSY_ALERT,0.0649,0.0,ML,0.9889,/Users/mac/Desktop/drowsiness_detector/logs/snapshots/DROWSY_ALERT_20260824_122103_270589.jpg
2026-08-24T12:21:03,AWAKE,0.2878,0.2719,ML,0.8425,
2026-08-24T12:21:04,NO_FACE,0.0,0.0,RULE,0.0,
2026-08-24T12:21:04,AWAKE,0.3534,0.2732,ML,0.8108,
2026-08-24T12:21:04,NO_FACE,0.0,0.0,RULE,0.0,
2026-08-24T12:21:04,AWAKE,0.3995,0.25,ML,0.5991,
2026-08-24T12:21:05,AWAKE,0.1574,0.3275,ML,0.9175,
2026-08-24T12:21:06,AWAKE,0.1151,0.0576,ML,0.4625,
2026-08-24T12:21:07,AWAKE,0.1586,0.0,ML,0.5901,
2026-08-24T12:21:08,AWAKE,0.1841,0.0,ML,0.6779,
2026-08-24T12:21:09,AWAKE,0.1989,0.0,ML,0.5455,
2026-08-24T12:21:10,NO_FACE,0.0,0.0,RULE,0.0,
2026-08-24T12:21:10,AWAKE,0.2042,0.0,ML,0.723,
2026-08-24T12:21:10,NO_FACE,0.0,0.0,RULE,0.0,
2026-08-24T12:21:10,AWAKE,0.1905,0.0,ML,0.6823,
2026-08-24T12:21:10,NO_FACE,0.0,0.0,RULE,0.0,
2026-08-24T12:21:10,AWAKE,0.1963,0.0,ML,0.6431,
2026-08-24T12:21:10,NO_FACE,0.0,0.0,RULE,0.0,
2026-08-24T12:21:10,AWAKE,0.2116,0.0,ML,0.8024,
2026-08-24T12:21:10,NO_FACE,0.0,0.0,RULE,0.0,
2026-08-24T12:21:11,AWAKE,0.1968,0.0178,ML,0.8662,
2026-08-24T12:21:12,AWAKE,0.2193,0.0,ML,0.8303,
2026-08-24T12:21:13,AWAKE,0.217,0.0142,ML,0.5229,
2026-08-24T12:21:14,AWAKE,0.3546,0.4368,ML,0.9217,
2026-08-24T12:21:14,NO_FACE,0.0,0.0,RULE,0.0,
2026-08-24T12:21:14,AWAKE,0.3421,0.4447,ML,0.9329,
2026-08-24T12:21:14,YAWNING,0.0705,0.329,ML,0.9502,
2026-08-24T12:21:15,AWAKE,0.0716,0.2093,ML,0.5769,
2026-08-24T12:21:16,NO_FACE,0.0,0.0,RULE,0.0,
2026-08-24T12:21:16,AWAKE,0.2135,0.0,ML,0.807,
2026-08-24T12:21:17,AWAKE,0.1136,0.1321,ML,0.3932,
2026-08-24T12:21:18,AWAKE,0.1547,0.181,ML,0.5317,
2026-08-24T12:21:19,AWAKE,0.1697,0.2192,ML,0.5683,
2026-08-24T12:21:20,AWAKE,0.2494,0.1775,ML,0.9004,
2026-08-24T12:21:21,AWAKE,0.0636,0.0492,ML,0.6285,
2026-08-24T12:21:22,EYE_WARNING,0.0664,0.017,ML,0.9518,
2026-08-24T12:21:23,EYE_WARNING,0.0838,0.0177,ML,0.9395,
2026-08-24T12:21:24,DROWSY_ALERT,0.078,0.0,ML,0.9896,/Users/mac/Desktop/drowsiness_detector/logs/snapshots/DROWSY_ALERT_20260824_122124_324605.jpg
2026-08-24T12:21:25,DROWSY_ALERT,0.0838,0.0,ML,0.985,/Users/mac/Desktop/drowsiness_detector/logs/snapshots/DROWSY_ALERT_20260824_122125_327112.jpg
2026-08-24T12:21:26,DROWSY_ALERT,0.1003,0.0,ML,0.9693,/Users/mac/Desktop/drowsiness_detector/logs/snapshots/DROWSY_ALERT_20260824_122126_394991.jpg
2026-08-24T12:21:27,DROWSY_ALERT,0.0841,0.017,ML,0.9421,/Users/mac/Desktop/drowsiness_detector/logs/snapshots/DROWSY_ALERT_20260824_122127_459783.jpg
2026-08-24T12:21:28,DROWSY_ALERT,0.075,0.0,ML,0.9896,/Users/mac/Desktop/drowsiness_detector/logs/snapshots/DROWSY_ALERT_20260824_122128_523811.jpg
2026-08-24T12:21:29,AWAKE,0.0643,0.0701,ML,0.6052,
2026-08-24T12:21:30,AWAKE,0.1027,0.0168,ML,0.8987,
2026-08-24T12:21:30,EYE_WARNING,0.1078,0.0166,ML,0.7865,
2026-08-24T12:21:31,EYE_WARNING,0.1042,0.017,ML,0.8737,
2026-08-24T12:21:32,DROWSY_ALERT,0.1082,0.0,ML,0.8483,/Users/mac/Desktop/drowsiness_detector/logs/snapshots/DROWSY_ALERT_20260824_122132_020760.jpg
2026-08-24T12:21:32,AWAKE,0.275,0.0769,ML,0.5159,
2026-08-24T12:21:33,AWAKE,0.3725,0.1304,ML,0.6129,
2026-08-24T12:21:34,AWAKE,0.3609,0.3957,ML,0.8696,
2026-08-24T12:21:35,AWAKE,0.2177,0.0269,ML,0.7429,
2026-08-24T12:21:36,AWAKE,0.1507,0.0,ML,0.5572,
2026-08-24T12:21:37,AWAKE,0.2173,0.1903,ML,0.8304,
2026-09-07T12:43:44,AWAKE,0.2839,0.0202,ML,0.6814,
2026-09-07T12:43:45,AWAKE,0.2669,0.0,ML,0.8627,
2026-09-07T12:43:46,AWAKE,0.281,0.0128,ML,0.5192,
2026-09-07T12:43:47,AWAKE,0.0895,0.0,ML,0.9858,
2026-09-07T12:43:47,EYE_WARNING,0.0765,0.0,ML,0.9896,
2026-09-07T12:43:48,EYE_WARNING,0.0987,0.0132,ML,0.975,
2026-09-07T12:43:49,DROWSY_ALERT,0.0905,0.013,ML,0.9635,/Users/mac/Desktop/drowsiness_detector/logs/snapshots/DROWSY_ALERT_20260907_124349_292645.jpg
2026-09-07T12:43:50,AWAKE,0.1601,0.0,ML,0.6224,
2026-09-07T12:43:51,AWAKE,0.2833,0.0191,ML,0.7046,
2026-09-07T12:43:52,AWAKE,0.2776,0.0,ML,0.7243,
2026-09-07T12:43:53,AWAKE,0.317,0.0133,ML,0.6088,
2026-09-07T12:43:53,HEAD_DROP,0.321,0.014,ML,0.5815,/Users/mac/Desktop/drowsiness_detector/logs/snapshots/HEAD_DROP_20260907_124353_855591.jpg
2026-09-07T12:43:54,AWAKE,0.3073,0.0145,ML,0.6665,
2026-09-07T12:43:55,AWAKE,0.3145,0.0133,ML,0.6028,
2026-09-07T12:43:56,AWAKE,0.3108,0.0188,ML,0.7517,
2026-09-07T12:43:57,AWAKE,0.3118,0.027,ML,0.5746,
2026-09-07T12:43:58,AWAKE,0.3014,0.0,ML,0.6533,
2026-09-07T12:43:59,AWAKE,0.1784,0.0135,ML,0.599,
2026-09-07T12:44:00,AWAKE,0.1816,0.0141,ML,0.7935,
2026-09-07T12:44:01,AWAKE,0.1722,0.0139,ML,0.6983,
2026-09-07T12:44:02,AWAKE,0.2484,0.0308,ML,0.699,
2026-09-07T12:44:03,NO_FACE,0.0,0.0,RULE,0.0,
2026-09-07T12:44:03,AWAKE,0.2594,0.0,ML,0.8765,
2026-09-07T12:44:04,AWAKE,0.3315,0.0,ML,0.6758,
2026-09-07T12:44:05,NO_FACE,0.0,0.0,RULE,0.0,
2026-09-07T12:44:05,AWAKE,0.297,0.0644,ML,0.5691,
2026-09-07T12:44:05,NO_FACE,0.0,0.0,RULE,0.0,
2026-09-07T12:44:05,AWAKE,0.2063,0.0268,ML,0.4938,
2026-09-07T12:44:06,AWAKE,0.157,0.081,ML,0.8547,
2026-09-07T12:44:07,AWAKE,0.257,0.0263,ML,0.6907,
2026-09-07T12:44:08,AWAKE,0.1589,0.0,ML,0.6257,
2026-09-07T12:44:09,AWAKE,0.1353,0.0263,ML,0.6971,
2026-09-07T12:44:10,AWAKE,0.1243,0.0,ML,0.6655,
2026-09-07T12:44:11,AWAKE,0.0709,0.027,ML,0.7224,
2026-09-07T12:44:11,EYE_WARNING,0.0697,0.0263,ML,0.7215,
2026-09-07T12:44:12,EYE_WARNING,0.0722,0.0526,ML,0.4614,
2026-09-07T12:44:13,DROWSY_ALERT,0.054,0.0,ML,0.9854,/Users/mac/Desktop/drowsiness_detector/logs/snapshots/DROWSY_ALERT_20260907_124413_480160.jpg
2026-09-07T12:44:14,AWAKE,0.15,0.027,ML,0.7529,
2026-09-07T12:44:15,AWAKE,0.1561,0.0,ML,0.4721,
2026-09-07T12:44:16,AWAKE,0.1573,0.0,ML,0.4867,
2026-09-07T12:44:17,AWAKE,0.2845,0.0,ML,0.568,
2026-09-07T12:44:18,AWAKE,0.309,0.0263,ML,0.5586,
2026-09-07T12:44:19,AWAKE,0.2381,0.0,ML,0.8664,
2026-09-07T12:44:20,AWAKE,0.088,0.856,ML,0.995,
2026-09-07T12:44:21,YAWNING,0.0755,0.8587,ML,0.993,
2026-09-07T12:44:22,YAWNING,0.0859,0.8839,ML,0.995,
2026-09-07T12:44:23,YAWNING,0.037,1.0726,ML,0.9786,
2026-09-07T12:44:24,YAWNING,0.0306,0.7163,ML,0.9821,
2026-09-07T12:44:24,AWAKE,0.0217,0.1425,ML,0.6028,
2026-09-07T12:44:25,AWAKE,0.1397,0.0244,ML,0.5765,
2026-09-07T12:44:26,AWAKE,0.1502,0.6519,ML,1.0,
2026-09-07T12:44:27,YAWNING,0.0905,1.0022,ML,0.99,
2026-09-07T12:44:28,YAWNING,0.0484,0.9421,ML,0.971,
2026-09-07T12:44:28,AWAKE,0.0961,0.1462,ML,0.4809,
2026-09-07T12:44:29,AWAKE,0.2455,0.0,ML,0.879,
2026-09-07T12:44:30,AWAKE,0.0709,0.76,ML,1.0,
2026-09-07T12:44:31,YAWNING,0.0752,0.9177,ML,0.993,
2026-09-07T12:44:31,AWAKE,0.0502,0.125,ML,0.6619,
2026-09-07T12:44:32,AWAKE,0.1792,0.0,ML,0.6787,
2026-09-07T12:44:33,HEAD_DROP,0.185,0.0,ML,0.6893,/Users/mac/Desktop/drowsiness_detector/logs/snapshots/HEAD_DROP_20260907_124433_606399.jpg
2026-09-07T12:44:34,AWAKE,0.0946,0.2232,ML,0.716,
2026-09-07T12:44:35,AWAKE,0.1125,0.0353,ML,0.6144,
2026-09-07T12:44:35,EYE_WARNING,0.1458,0.0,ML,0.5775,
2026-09-07T12:44:36,AWAKE,0.1688,0.081,ML,0.8887,
2026-09-07T12:44:37,AWAKE,0.1981,0.2491,ML,0.5759,
2026-09-07T12:44:38,YAWNING,0.0984,0.7245,ML,0.9904,
2026-09-07T12:44:39,YAWNING,0.0699,0.9765,ML,1.0,
2026-09-07T12:44:40,YAWNING,0.0741,0.8914,ML,0.993,
2026-09-07T12:44:41,YAWNING,0.0425,0.6652,ML,0.9461,
2026-09-07T12:44:42,YAWNING,0.0728,0.2569,ML,0.9033,
2026-09-07T12:44:42,AWAKE,0.0584,0.0682,ML,0.6976,
2026-09-07T12:44:43,AWAKE,0.0888,0.027,ML,0.7324,
2026-09-07T12:44:44,AWAKE,0.142,0.0,ML,0.5729,
2026-09-07T12:44:45,AWAKE,0.1092,0.7795,ML,0.9895,
2026-09-07T12:44:45,YAWNING,0.0738,0.856,ML,0.993,
2026-09-07T12:44:47,YAWNING,0.1051,0.7232,ML,0.9829,
2026-09-07T12:44:47,AWAKE,0.0897,0.0,ML,0.9858,
2026-09-07T12:44:48,AWAKE,0.202,0.0,ML,0.7095,
2026-09-07T12:44:49,AWAKE,0.1074,0.752,ML,0.977,
2026-09-07T12:44:50,YAWNING,0.0861,0.7535,ML,0.995,
2026-09-07T12:44:51,AWAKE,0.0554,0.1053,ML,0.6624,
2026-09-07T12:44:52,AWAKE,0.1101,0.0,ML,0.9124,
2026-09-07T12:44:53,AWAKE,0.2772,0.0,ML,0.7231,
2026-09-07T12:44:54,AWAKE,0.0881,0.027,ML,0.7324,
2026-09-07T12:44:55,NO_FACE,0.0,0.0,RULE,0.0,
2026-09-07T12:44:55,AWAKE,0.2206,0.4135,ML,1.0,
2026-09-07T12:44:56,AWAKE,0.0981,0.0,ML,0.9738,
2026-09-07T12:44:57,AWAKE,0.1088,0.1034,ML,0.5233,
2026-09-07T12:44:58,AWAKE,0.1658,0.0,ML,0.6899,
2026-09-07T12:44:59,AWAKE,0.095,0.0,ML,0.9765,
2026-09-07T12:45:00,AWAKE,0.1268,0.0277,ML,0.5663,
2026-09-07T12:45:01,AWAKE,0.2225,0.0,ML,0.8175,
2026-09-07T12:45:02,AWAKE,0.0979,0.027,ML,0.6604,
2026-09-07T12:45:03,AWAKE,0.076,0.0278,ML,0.7269,
2026-09-07T12:45:04,EYE_WARNING,0.0707,0.027,ML,0.7212,
2026-09-07T12:45:05,EYE_WARNING,0.0767,0.0,ML,0.9896,
2026-09-07T12:45:05,DROWSY_ALERT,0.052,0.027,ML,0.6448,/Users/mac/Desktop/drowsiness_detector/logs/snapshots/DROWSY_ALERT_20260907_124505_991743.jpg
2026-09-07T12:45:07,DROWSY_ALERT,0.0709,0.0278,ML,0.7226,/Users/mac/Desktop/drowsiness_detector/logs/snapshots/DROWSY_ALERT_20260907_124507_025879.jpg
2026-09-07T12:45:08,DROWSY_ALERT,0.0779,0.0,ML,0.9896,/Users/mac/Desktop/drowsiness_detector/logs/snapshots/DROWSY_ALERT_20260907_124508_092117.jpg
2026-09-07T12:45:08,AWAKE,0.1725,0.0,ML,0.698,
2026-09-07T12:45:09,AWAKE,0.2808,0.0161,ML,0.8246,
2026-09-07T12:45:10,AWAKE,0.0761,0.0262,ML,0.7291,
2026-09-07T12:45:11,AWAKE,0.1977,0.0,ML,0.6063,
2026-09-07T12:45:12,AWAKE,0.1868,0.0195,ML,0.6426,
2026-09-07T12:45:12,NO_FACE,0.0,0.0,RULE,0.0,
2026-09-07T12:45:12,AWAKE,0.2,0.0182,ML,0.7435,
2026-09-07T12:45:12,NO_FACE,0.0,0.0,RULE,0.0,
2026-09-07T12:45:13,NO_FACE,0.0,0.0,RULE,0.0,
2026-09-07T12:45:13,AWAKE,0.2334,0.0433,ML,0.7756,
2026-09-07T12:45:13,NO_FACE,0.0,0.0,RULE,0.0,
2026-09-07T12:45:14,NO_FACE,0.0,0.0,RULE,0.0,
2026-09-07T12:45:15,AWAKE,0.1864,0.0257,ML,0.886,
2026-09-07T12:45:16,AWAKE,0.182,0.0,ML,0.6649,
2026-09-07T13:41:00,AWAKE,0.2762,0.0131,ML,0.7535,
2026-09-07T13:41:01,AWAKE,0.2735,0.0,ML,0.7796,
2026-09-07T13:41:02,YAWNING,0.2412,0.6679,ML,0.9981,
2026-09-07T13:41:03,YAWNING,0.1955,0.6529,ML,0.995,
2026-09-07T13:41:04,YAWNING,0.2311,0.6529,ML,1.0,
2026-09-07T13:41:05,YAWNING,0.2286,0.6946,ML,1.0,
2026-09-07T13:41:07,YAWNING,0.2426,0.5,ML,0.9981,
2026-09-07T13:41:07,AWAKE,0.1461,0.1776,ML,0.5235,
2026-09-07T13:41:08,AWAKE,0.2579,0.6251,ML,0.9979,
2026-09-07T13:41:09,YAWNING,0.133,0.806,ML,0.9908,
2026-09-07T13:41:10,AWAKE,0.0339,0.2099,ML,0.5052,
2026-09-07T13:41:11,AWAKE,0.2747,0.0,ML,0.7906,
2026-09-07T13:41:12,AWAKE,0.2584,0.6203,ML,1.0,
2026-09-07T13:41:12,YAWNING,0.2518,0.6292,ML,0.9968,
2026-09-07T13:41:13,YAWNING,0.2548,0.6007,ML,0.996,
2026-09-07T13:41:14,YAWNING,0.0605,0.6344,ML,0.9887,
2026-09-07T13:41:14,AWAKE,0.2446,0.0,ML,0.879,
2026-09-07T13:41:15,AWAKE,0.2325,0.012,ML,0.7679,
2026-09-07T13:41:16,AWAKE,0.107,0.0,ML,0.7366,
2026-09-07T13:41:17,EYE_WARNING,0.0968,0.0,ML,0.9692,
2026-09-07T13:41:18,EYE_WARNING,0.0954,0.0,ML,0.9765,
2026-09-07T13:41:19,DROWSY_ALERT,0.1001,0.0125,ML,0.9331,/Users/mac/Desktop/drowsiness_detector/logs/snapshots/DROWSY_ALERT_20260907_134119_185851.jpg
2026-09-07T13:41:19,AWAKE,0.217,0.0,ML,0.8078,
2026-09-07T13:41:20,AWAKE,0.3038,0.0135,ML,0.5672,
2026-09-07T13:41:21,NO_FACE,0.0,0.0,RULE,0.0,
2026-09-07T13:41:22,AWAKE,0.2002,0.0253,ML,0.7114,
2026-09-07T13:41:22,NO_FACE,0.0,0.0,RULE,0.0,
2026-09-07T13:41:22,AWAKE,0.1877,0.013,ML,0.5562,
2026-09-07T13:41:22,NO_FACE,0.0,0.0,RULE,0.0,
2026-09-07T13:41:22,AWAKE,0.1805,0.0127,ML,0.6288,
2026-09-07T13:41:22,NO_FACE,0.0,0.0,RULE,0.0,
2026-09-07T13:41:22,AWAKE,0.188,0.026,ML,0.8785,
2026-09-07T13:41:22,NO_FACE,0.0,0.0,RULE,0.0,
2026-09-07T13:41:22,AWAKE,0.1533,0.0122,ML,0.5292,
2026-09-07T13:41:22,NO_FACE,0.0,0.0,RULE,0.0,
2026-09-07T13:41:22,AWAKE,0.1677,0.0135,ML,0.6299,
2026-09-07T13:41:23,NO_FACE,0.0,0.0,RULE,0.0,
2026-09-07T13:41:23,AWAKE,0.1578,0.012,ML,0.6521,
2026-09-07T13:41:24,AWAKE,0.1948,0.0,ML,0.6582,
2026-09-07T13:41:25,AWAKE,0.2782,0.0293,ML,0.5904,
2026-09-07T13:41:26,AWAKE,0.2573,0.0191,ML,0.7476,
2026-09-07T13:41:27,AWAKE,0.0808,0.0,ML,0.9896,
2026-09-07T13:41:27,EYE_WARNING,0.0835,0.0,ML,0.9754,
2026-09-07T13:41:28,EYE_WARNING,0.074,0.0,ML,0.9896,
2026-09-07T13:41:29,DROWSY_ALERT,0.07,0.0,ML,0.9901,/Users/mac/Desktop/drowsiness_detector/logs/snapshots/DROWSY_ALERT_20260907_134129_543172.jpg
2026-09-07T13:41:30,AWAKE,0.1555,0.0138,ML,0.6416,
2026-09-07T13:41:30,NO_FACE,0.0,0.0,RULE,0.0,
2026-09-07T13:41:30,AWAKE,0.1798,0.1042,ML,0.9075,
2026-09-07T13:41:31,AWAKE,0.1819,0.1735,ML,0.5782,
2026-09-07T13:41:33,AWAKE,0.0831,0.0,ML,0.985,
2026-09-07T13:41:33,EYE_WARNING,0.1226,0.0,ML,0.858,
2026-09-07T13:41:34,EYE_WARNING,0.1138,0.0256,ML,0.5422,
2026-09-07T13:41:35,DROWSY_ALERT,0.1256,0.0,ML,0.6457,/Users/mac/Desktop/drowsiness_detector/logs/snapshots/DROWSY_ALERT_20260907_134135_241100.jpg
2026-09-07T13:41:36,DROWSY_ALERT,0.1208,0.0,ML,0.8119,/Users/mac/Desktop/drowsiness_detector/logs/snapshots/DROWSY_ALERT_20260907_134136_275660.jpg
2026-09-07T13:41:37,AWAKE,0.1244,0.027,ML,0.6043,
2026-09-07T13:41:38,AWAKE,0.1296,0.0,ML,0.6931,
2026-09-07T13:41:39,AWAKE,0.1274,0.0263,ML,0.5669,
2026-09-07T13:41:40,AWAKE,0.128,0.0,ML,0.6732,
2026-09-07T13:41:41,AWAKE,0.1363,0.0256,ML,0.6766,
2026-09-07T13:41:42,AWAKE,0.1566,0.0,ML,0.4981,
2026-09-07T13:41:43,AWAKE,0.2585,0.0,ML,0.8773,
2026-09-07T13:41:44,AWAKE,0.2466,0.0362,ML,0.5836,
2026-09-07T13:41:45,AWAKE,0.2403,0.0,ML,0.8754,
2026-09-07T13:41:46,AWAKE,0.1342,0.0,ML,0.6743,
2026-09-07T13:41:47,EYE_WARNING,0.1189,0.0,ML,0.7425,
2026-09-07T13:41:48,EYE_WARNING,0.1237,0.0,ML,0.6368,
2026-09-07T13:41:48,AWAKE,0.1343,0.0372,ML,0.7445,
2026-09-07T13:41:49,AWAKE,0.1379,0.0,ML,0.5483,
2026-09-07T13:41:50,EYE_WARNING,0.1416,0.0,ML,0.576,
2026-09-07T13:41:51,EYE_WARNING,0.1381,0.0,ML,0.5456,
2026-09-07T13:41:51,AWAKE,0.1312,0.0263,ML,0.6005,
2026-09-07T13:41:52,AWAKE,0.1324,0.0,ML,0.6264,
2026-09-07T13:41:52,EYE_WARNING,0.1129,0.0,ML,0.8751,
2026-09-07T13:41:53,EYE_WARNING,0.1324,0.0,ML,0.6261,
2026-09-07T13:41:54,DROWSY_ALERT,0.1441,0.0,ML,0.576,/Users/mac/Desktop/drowsiness_detector/logs/snapshots/DROWSY_ALERT_20260907_134154_335406.jpg
2026-09-07T13:41:55,DROWSY_ALERT,0.141,0.0,ML,0.5793,/Users/mac/Desktop/drowsiness_detector/logs/snapshots/DROWSY_ALERT_20260907_134155_336758.jpg
2026-09-07T13:41:56,AWAKE,0.1646,0.0,ML,0.7243,
2026-09-07T13:41:57,AWAKE,0.1927,0.0195,ML,0.5904,
2026-09-07T13:41:58,AWAKE,0.181,0.0146,ML,0.861,
2026-09-07T13:41:58,HEAD_DROP,0.1862,0.0153,ML,0.8764,/Users/mac/Desktop/drowsiness_detector/logs/snapshots/HEAD_DROP_20260907_134158_866792.jpg
2026-09-07T13:41:59,HEAD_DROP,0.1763,0.0148,ML,0.8721,/Users/mac/Desktop/drowsiness_detector/logs/snapshots/HEAD_DROP_20260907_134159_868115.jpg
2026-09-07T13:42:00,HEAD_DROP,0.1631,0.0,ML,0.6836,/Users/mac/Desktop/drowsiness_detector/logs/snapshots/HEAD_DROP_20260907_134200_932443.jpg
2026-09-07T13:42:01,AWAKE,0.1299,0.0,ML,0.6612,
2026-09-07T13:42:02,AWAKE,0.0876,0.2086,ML,0.5739,
2026-09-07T13:42:03,AWAKE,0.1587,0.1162,ML,0.8849,
2026-09-07T13:42:04,AWAKE,0.2301,0.0454,ML,0.787,
2026-09-07T13:53:08,AWAKE,0.2366,0.0147,ML,0.8314,
2026-09-07T13:53:09,AWAKE,0.2055,0.0,ML,0.7539,
2026-09-07T13:53:10,AWAKE,0.2972,0.0,ML,0.7071,
2026-09-07T13:53:11,AWAKE,0.3398,0.0,ML,0.5042,
2026-09-07T13:53:12,AWAKE,0.3269,0.0159,ML,0.6289,
2026-09-07T13:53:13,AWAKE,0.3252,0.0159,ML,0.6377,
2026-09-07T13:53:14,AWAKE,0.26,0.0,ML,0.8471,
2026-09-07T13:53:15,AWAKE,0.2653,0.0,ML,0.833,
2026-09-07T13:53:16,AWAKE,0.2739,0.0,ML,0.8388,
2026-09-07T13:53:17,AWAKE,0.2502,0.0,ML,0.8021,
2026-09-07T13:53:18,AWAKE,0.2601,0.3382,ML,0.759,
2026-09-07T13:53:19,YAWNING,0.1772,0.8137,ML,0.8535,
2026-09-07T13:53:20,YAWNING,0.1841,0.724,ML,0.9907,
2026-09-07T13:53:21,YAWNING,0.2009,0.8486,ML,0.9842,
2026-09-07T13:53:22,YAWNING,0.057,0.7369,ML,0.7725,
2026-09-07T13:53:22,AWAKE,0.0713,0.1539,ML,0.6925,
2026-09-07T13:53:23,AWAKE,0.2158,0.7207,ML,0.7987,
2026-09-07T13:53:24,YAWNING,0.1946,0.9551,ML,0.9914,
2026-09-07T13:53:25,AWAKE,0.0399,0.1,ML,0.5359,
2026-09-07T13:53:26,AWAKE,0.2974,0.0,ML,0.7011,
2026-09-07T13:53:27,AWAKE,0.3128,0.0141,ML,0.9033,
2026-09-07T13:53:27,HEAD_DROP,0.3205,0.0,ML,0.9866,/Users/mac/Desktop/drowsiness_detector/logs/snapshots/HEAD_DROP_20260907_135327_842190.jpg
2026-09-07T13:53:28,HEAD_DROP,0.3062,0.0147,ML,0.9031,/Users/mac/Desktop/drowsiness_detector/logs/snapshots/HEAD_DROP_20260907_135328_874708.jpg
2026-09-07T13:53:29,AWAKE,0.1255,0.0,ML,0.7159,
2026-09-07T13:53:30,AWAKE,0.062,0.0135,ML,0.6434,
2026-09-07T13:53:31,AWAKE,0.074,0.0,ML,0.6557,
2026-09-07T13:53:31,EYE_WARNING,0.076,0.0143,ML,0.6247,
2026-09-07T13:53:32,EYE_WARNING,0.0812,0.0,ML,0.6554,
2026-09-07T13:53:33,DROWSY_ALERT,0.0686,0.0,ML,0.6598,/Users/mac/Desktop/drowsiness_detector/logs/snapshots/DROWSY_ALERT_20260907_135333_037504.jpg
2026-09-07T13:53:33,AWAKE,0.1473,0.0143,ML,0.8925,
2026-09-07T13:53:34,NO_FACE,0.0,0.0,RULE,0.0,
2026-09-07T13:53:34,AWAKE,0.1915,0.0,ML,0.6924,
2026-09-07T13:53:35,NO_FACE,0.0,0.0,RULE,0.0,
2026-09-07T13:53:35,AWAKE,0.162,0.0153,ML,0.7376,
2026-09-07T13:53:36,AWAKE,0.1112,0.0,ML,0.4878,
2026-09-07T13:53:37,HEAD_DROP,0.2066,0.0,ML,0.9808,/Users/mac/Desktop/drowsiness_detector/logs/snapshots/HEAD_DROP_20260907_135337_140516.jpg
2026-09-07T13:53:38,HEAD_DROP,0.1712,0.0,ML,0.98,/Users/mac/Desktop/drowsiness_detector/logs/snapshots/HEAD_DROP_20260907_135338_202012.jpg
2026-09-07T13:53:38,AWAKE,0.0796,0.0811,ML,0.7234,
2026-09-07T13:53:39,AWAKE,0.1749,0.0,ML,0.9799,
2026-09-07T13:53:40,HEAD_DROP,0.1295,0.0,ML,0.7143,/Users/mac/Desktop/drowsiness_detector/logs/snapshots/HEAD_DROP_20260907_135340_237702.jpg
2026-09-07T13:53:41,HEAD_DROP,0.138,0.0,ML,0.8947,/Users/mac/Desktop/drowsiness_detector/logs/snapshots/HEAD_DROP_20260907_135341_300692.jpg
2026-09-07T13:53:42,HEAD_DROP,0.1624,0.0,ML,0.9358,/Users/mac/Desktop/drowsiness_detector/logs/snapshots/HEAD_DROP_20260907_135342_304869.jpg
2026-09-07T13:53:43,AWAKE,0.0994,0.0573,ML,0.6322,
2026-09-07T13:53:44,AWAKE,0.1863,0.0,ML,0.9914,
2026-09-07T13:53:44,HEAD_DROP,0.176,0.0,ML,0.9867,/Users/mac/Desktop/drowsiness_detector/logs/snapshots/HEAD_DROP_20260907_135344_835729.jpg
2026-09-07T13:53:45,HEAD_DROP,0.131,0.0,ML,0.8293,/Users/mac/Desktop/drowsiness_detector/logs/snapshots/HEAD_DROP_20260907_135345_836033.jpg
2026-09-07T13:53:46,HEAD_DROP,0.1253,0.0,ML,0.665,/Users/mac/Desktop/drowsiness_detector/logs/snapshots/HEAD_DROP_20260907_135346_867628.jpg
2026-09-07T13:53:47,HEAD_DROP,0.0922,0.0,ML,0.4815,/Users/mac/Desktop/drowsiness_detector/logs/snapshots/HEAD_DROP_20260907_135347_899631.jpg
2026-09-07T13:53:48,HEAD_DROP,0.1334,0.0,ML,0.8794,/Users/mac/Desktop/drowsiness_detector/logs/snapshots/HEAD_DROP_20260907_135348_907175.jpg
2026-09-07T13:53:49,AWAKE,0.1153,0.1808,ML,0.8071,
2026-09-07T13:53:50,AWAKE,0.2325,0.0,ML,0.8679,
2026-09-07T13:53:51,AWAKE,0.1366,0.054,ML,0.7317,
2026-09-07T13:53:52,AWAKE,0.2588,0.0256,ML,0.5483,
2026-09-07T13:53:53,AWAKE,0.0841,0.0,ML,0.4879,
2026-09-07T13:53:53,HEAD_DROP,0.1231,0.0,ML,0.5751,/Users/mac/Desktop/drowsiness_detector/logs/snapshots/HEAD_DROP_20260907_135353_964127.jpg
2026-09-07T13:53:55,HEAD_DROP,0.1207,0.0,ML,0.5164,/Users/mac/Desktop/drowsiness_detector/logs/snapshots/HEAD_DROP_20260907_135355_030255.jpg
2026-09-07T13:53:55,AWAKE,0.1007,0.19,ML,0.8185,
2026-09-07T13:53:56,AWAKE,0.0843,0.0,ML,0.4853,
2026-09-07T13:53:57,AWAKE,0.2919,0.102,ML,0.6543,
2026-09-07T13:53:58,AWAKE,0.0813,0.0,ML,0.4272,
2026-09-07T13:53:59,EYE_WARNING,0.072,0.0264,ML,0.5864,
2026-09-07T13:53:59,AWAKE,0.108,0.0,ML,0.6019,
2026-09-07T13:54:00,AWAKE,0.111,0.0,ML,0.4867,
2026-09-07T13:54:01,AWAKE,0.1037,0.0,ML,0.4518,
2026-09-07T13:54:01,HEAD_DROP,0.0944,0.0,ML,0.4863,/Users/mac/Desktop/drowsiness_detector/logs/snapshots/HEAD_DROP_20260907_135401_860947.jpg
2026-09-07T13:54:02,HEAD_DROP,0.1201,0.0266,ML,0.4699,/Users/mac/Desktop/drowsiness_detector/logs/snapshots/HEAD_DROP_20260907_135402_894427.jpg
2026-09-07T13:54:03,AWAKE,0.2465,0.1081,ML,0.7005,
2026-09-07T13:54:04,AWAKE,0.0502,0.0256,ML,0.3791,
2026-09-07T13:54:05,HEAD_DROP,0.2807,0.0,ML,0.9428,/Users/mac/Desktop/drowsiness_detector/logs/snapshots/HEAD_DROP_20260907_135405_159533.jpg
2026-09-07T13:54:06,AWAKE,0.0524,0.1601,ML,0.6211,
2026-09-07T13:54:07,AWAKE,0.2909,0.125,ML,0.6753,
2026-09-07T13:54:08,AWAKE,0.0748,0.0976,ML,0.6266,
2026-09-07T13:54:09,AWAKE,0.062,0.1025,ML,0.6405,
2026-09-07T13:54:10,AWAKE,0.0607,0.05,ML,0.469,
2026-09-07T13:54:11,AWAKE,0.0721,0.0749,ML,0.6062,
2026-09-07T13:54:12,AWAKE,0.0801,0.054,ML,0.6405,
2026-09-07T13:54:13,AWAKE,0.0523,0.7315,ML,0.4947,
2026-09-07T13:54:13,YAWNING,0.0441,0.7451,ML,0.5327,
2026-09-07T13:54:14,AWAKE,0.0337,0.5674,ML,0.4525,
2026-09-07T13:54:15,AWAKE,0.0796,0.1596,ML,0.7016,
2026-09-07T13:54:16,AWAKE,0.0576,0.6716,ML,0.4341,
2026-09-07T13:54:16,YAWNING,0.0545,0.6381,ML,0.4341,
2026-09-07T13:54:17,HEAD_DROP,0.0403,0.5708,ML,0.4439,/Users/mac/Desktop/drowsiness_detector/logs/snapshots/HEAD_DROP_20260907_135417_857970.jpg
2026-09-07T13:54:17,AWAKE,0.0448,0.1328,ML,0.6196,
2026-09-07T13:54:19,AWAKE,0.2079,0.0,ML,0.987,
2026-09-07T13:54:19,HEAD_DROP,0.2675,0.0,ML,0.9371,/Users/mac/Desktop/drowsiness_detector/logs/snapshots/HEAD_DROP_20260907_135419_420057.jpg
2026-09-07T13:54:20,HEAD_DROP,0.2698,0.0,ML,0.9365,/Users/mac/Desktop/drowsiness_detector/logs/snapshots/HEAD_DROP_20260907_135420_484034.jpg
2026-09-07T13:54:21,HEAD_DROP,0.25,0.0,ML,0.9449,/Users/mac/Desktop/drowsiness_detector/logs/snapshots/HEAD_DROP_20260907_135421_513725.jpg
2026-09-07T13:54:22,AWAKE,0.1052,0.0769,ML,0.7189,
2026-09-07T13:54:23,AWAKE,0.2741,0.1892,ML,0.7455,
2026-09-07T13:54:24,AWAKE,0.0577,0.122,ML,0.6139,
2026-09-07T13:54:25,AWAKE,0.0536,0.025,ML,0.3974,
2026-09-07T13:54:26,AWAKE,0.2864,0.1949,ML,0.7254,
2026-09-07T13:54:27,AWAKE,0.0804,0.152,ML,0.6796,
2026-09-07T13:54:28,AWAKE,0.0699,0.3077,ML,0.4514,
2026-09-07T13:54:29,AWAKE,0.0665,0.0769,ML,0.5687,
2026-09-07T13:54:30,AWAKE,0.2966,0.1596,ML,0.8352,
2026-09-07T13:54:31,AWAKE,0.0722,0.2194,ML,0.6373,
2026-09-07T13:54:32,AWAKE,0.0424,0.6582,ML,0.4439,
2026-09-07T13:54:32,HEAD_DROP,0.0482,0.703,ML,0.4469,/Users/mac/Desktop/drowsiness_detector/logs/snapshots/HEAD_DROP_20260907_135432_716166.jpg
2026-09-07T13:54:32,YAWNING,0.0639,0.7502,ML,0.7948,
2026-09-07T13:54:33,AWAKE,0.0503,0.2439,ML,0.5641,
2026-09-07T13:54:34,HEAD_DROP,0.1126,0.0,ML,0.4889,/Users/mac/Desktop/drowsiness_detector/logs/snapshots/HEAD_DROP_20260907_135434_007366.jpg
2026-09-07T13:54:35,HEAD_DROP,0.1195,0.0238,ML,0.5136,/Users/mac/Desktop/drowsiness_detector/logs/snapshots/HEAD_DROP_20260907_135435_009833.jpg
2026-09-07T13:54:36,HEAD_DROP,0.1084,0.0,ML,0.4857,/Users/mac/Desktop/drowsiness_detector/logs/snapshots/HEAD_DROP_20260907_135436_013036.jpg
2026-09-07T13:54:37,HEAD_DROP,0.1404,0.0,ML,0.8933,/Users/mac/Desktop/drowsiness_detector/logs/snapshots/HEAD_DROP_20260907_135437_077029.jpg
2026-09-07T13:54:38,HEAD_DROP,0.1788,0.0,ML,0.9837,/Users/mac/Desktop/drowsiness_detector/logs/snapshots/HEAD_DROP_20260907_135438_109986.jpg
2026-09-07T13:54:38,AWAKE,0.242,0.0526,ML,0.7928,
2026-09-07T13:54:39,AWAKE,0.2629,0.0789,ML,0.8466,
2026-09-07T13:54:40,AWAKE,0.0927,0.0512,ML,0.7173,
2026-09-07T13:54:41,AWAKE,0.0588,0.0832,ML,0.6216,
2026-09-07T13:54:42,AWAKE,0.1751,0.0768,ML,0.7077,
2026-09-07T13:54:43,AWAKE,0.0262,0.054,ML,0.4859,
2026-09-07T13:54:44,EYE_WARNING,0.0524,0.0526,ML,0.5079,
2026-09-07T13:54:45,EYE_WARNING,0.0478,0.0256,ML,0.6692,
2026-09-07T13:54:46,DROWSY_ALERT,0.0479,0.0256,ML,0.6642,/Users/mac/Desktop/drowsiness_detector/logs/snapshots/DROWSY_ALERT_20260907_135446_474888.jpg
2026-09-07T13:54:47,AWAKE,0.1971,0.0,ML,0.7675,
2026-09-07T13:54:48,AWAKE,0.1722,0.1584,ML,0.5466,
2026-09-07T13:54:49,AWAKE,0.2033,0.0154,ML,0.9001,
2026-09-07T13:54:49,HEAD_DROP,0.1644,0.0,ML,0.9209,/Users/mac/Desktop/drowsiness_detector/logs/snapshots/HEAD_DROP_20260907_135449_933186.jpg
