ear,mar,pitch_dev,label
0.2836,0.0,0.0,AWAKE
0.2882,0.0,0.0,AWAKE
0.2801,0.0159,0.0,AWAKE
0.2859,0.0,0.0,AWAKE
0.2864,0.0317,0.0,AWAKE
0.2842,0.0635,0.0,AWAKE
0.2868,0.0476,0.0,AWAKE
0.2868,0.0355,0.0,AWAKE
0.2946,0.0317,0.0,AWAKE
0.3003,0.0159,0.0,AWAKE
0.2669,0.0154,0.0,AWAKE
0.2661,0.0156,0.0,AWAKE
0.2654,0.0156,0.0,AWAKE
0.2574,0.0154,0.0,AWAKE
0.2539,0.0156,0.0,AWAKE
0.2582,0.0476,0.0,AWAKE
0.2813,0.0,0.0,AWAKE
0.2845,0.0154,0.0,AWAKE
0.2757,0.0154,0.0,AWAKE
0.2711,0.0156,0.0,AWAKE
0.2734,0.0159,0.0,AWAKE
0.2815,0.0159,0.0,AWAKE
0.2692,0.0156,0.0,AWAKE
0.2782,0.0224,0.0,AWAKE
0.2669,0.0224,0.0,AWAKE
0.2639,0.0159,0.0,AWAKE
0.2681,0.0156,0.0,AWAKE
0.2814,0.0159,0.0,AWAKE
0.267,0.0159,0.0,AWAKE
0.2822,0.0156,0.0,AWAKE
0.2752,0.0,0.0,AWAKE
0.2822,0.0156,0.0,AWAKE
0.2874,0.0156,0.0,AWAKE
0.2755,0.0154,0.0,AWAKE
0.2812,0.0156,0.0,AWAKE
0.2652,0.0,0.0,AWAKE
0.2705,0.0159,0.0,AWAKE
0.2748,0.0156,0.0,AWAKE
0.2631,0.0156,0.0,AWAKE
0.2694,0.0154,0.0,AWAKE
0.2738,0.0156,0.0,AWAKE
0.2828,0.0154,0.0,AWAKE
0.2599,0.0156,0.0,AWAKE
0.2546,0.0156,0.0,AWAKE
0.2548,0.0156,0.0,AWAKE
0.2527,0.0156,0.0,AWAKE
0.2602,0.0154,0.0,AWAKE
0.2489,0.0156,0.0,AWAKE
0.2593,0.0154,0.0,AWAKE
0.2541,0.0154,0.0,AWAKE
0.2588,0.0154,0.0,AWAKE
0.2528,0.0154,0.0,AWAKE
0.2644,0.0156,0.0,AWAKE
0.2679,0.0156,0.0,AWAKE
0.2708,0.0,0.0,AWAKE
0.2673,0.0154,0.0,AWAKE
0.2839,0.0156,0.0,AWAKE
0.2805,0.0154,0.0,AWAKE
0.2679,0.0,0.0,AWAKE
0.2577,0.0154,0.0,AWAKE
0.2593,0.0156,0.0,AWAKE
0.2466,0.0,0.0,AWAKE
0.2542,0.0,0.0,AWAKE
0.2539,0.0,0.0,AWAKE
0.2564,0.0221,0.0,AWAKE
0.2476,0.0221,0.0,AWAKE
0.2583,0.0156,0.0,AWAKE
0.2464,0.0154,0.0,AWAKE
0.2567,0.0156,0.0,AWAKE
0.2518,0.0156,0.0,AWAKE
0.2585,0.0156,0.0,AWAKE
0.2581,0.0156,0.0,AWAKE
0.2645,0.0,0.0,AWAKE
0.2645,0.0156,0.0,AWAKE
0.2752,0.0159,0.0,AWAKE
0.2581,0.0,0.0,AWAKE
0.2653,0.0154,0.0,AWAKE
0.2537,0.0156,0.0,AWAKE
0.2735,0.0156,0.0,AWAKE
0.2531,0.0156,0.0,AWAKE
0.2582,0.0159,0.0,AWAKE
0.2667,0.0156,0.0,AWAKE
0.2608,0.0,0.0,AWAKE
0.2547,0.0,0.0,AWAKE
0.2581,0.0,0.0,AWAKE
0.252,0.0,0.0,AWAKE
0.2403,0.0,0.0,AWAKE
0.2499,0.0154,0.0,AWAKE
0.2619,0.0154,0.0,AWAKE
0.2663,0.0156,0.0,AWAKE
0.266,0.0156,0.0,AWAKE
0.2584,0.0,0.0,AWAKE
0.2541,0.0,0.0,AWAKE
0.2596,0.0,0.0,AWAKE
0.2689,0.0,0.0,AWAKE
0.2659,0.0,0.0,AWAKE
0.2625,0.0154,0.0,AWAKE
0.272,0.0156,0.0,AWAKE
0.2722,0.0152,0.0,AWAKE
0.2592,0.0159,0.0,AWAKE
0.2547,0.0159,0.0,AWAKE
0.268,0.0156,0.0,AWAKE
0.2552,0.0,0.0,AWAKE
0.2635,0.0,0.0,AWAKE
0.2596,0.0,0.0,AWAKE
0.2581,0.0,0.0,AWAKE
0.2553,0.0159,0.0,AWAKE
0.2584,0.0156,0.0,AWAKE
0.2472,0.0,0.0,AWAKE
0.2514,0.0,0.0,AWAKE
0.2617,0.0,0.0,AWAKE
0.2592,0.0154,0.0,AWAKE
0.2623,0.0,0.0,AWAKE
0.2529,0.0,0.0,AWAKE
0.2565,0.0,0.0,AWAKE
0.2781,0.0154,0.0,AWAKE
0.2667,0.0156,0.0,AWAKE
0.2567,0.0,0.0,AWAKE
0.259,0.0154,0.0,AWAKE
0.2699,0.0,0.0,AWAKE
0.2517,0.0154,0.0,AWAKE
0.2646,0.0,0.0,AWAKE
0.2622,0.0,0.0,AWAKE
0.2645,0.0,0.0,AWAKE
0.2547,0.0,0.0,AWAKE
0.2379,0.0,0.0,AWAKE
0.2473,0.0,0.0,AWAKE
0.2494,0.0,0.0,AWAKE
0.2495,0.0154,0.0,AWAKE
0.2626,0.0,0.0,AWAKE
0.256,0.0,0.0,AWAKE
0.2597,0.0,0.0,AWAKE
0.2549,0.0152,0.0,AWAKE
0.2453,0.0,0.0,AWAKE
0.2473,0.0,0.0,AWAKE
0.2643,0.0,0.0,AWAKE
0.2543,0.0,0.0,AWAKE
0.2574,0.0,0.0,AWAKE
0.2493,0.0,0.0,AWAKE
0.2487,0.0154,0.0,AWAKE
0.2566,0.0152,0.0,AWAKE
0.2663,0.0152,0.0,AWAKE
0.2515,0.0154,0.0,AWAKE
0.2753,0.0,0.0,AWAKE
0.2553,0.0,0.0,AWAKE
0.2526,0.0,0.0,AWAKE
0.2505,0.0,0.0,AWAKE
0.259,0.0,0.0,AWAKE
0.2653,0.0,0.0,AWAKE
0.2643,0.0,0.0,AWAKE
0.2717,0.0,0.0,AWAKE
0.255,0.0154,0.0,AWAKE
0.2667,0.0154,0.0,AWAKE
0.2505,0.0154,0.0,AWAKE
0.2659,0.0154,0.0,AWAKE
0.2669,0.0154,0.0,AWAKE
0.2517,0.0,0.0,AWAKE
0.2537,0.0,0.0,AWAKE
0.2558,0.0,0.0,AWAKE
0.2468,0.0,0.0,AWAKE
0.2555,0.0,0.0,AWAKE
0.2474,0.0,0.0,AWAKE
0.2395,0.0,0.0,AWAKE
0.2425,0.0156,0.0,AWAKE
0.2625,0.0156,0.0,AWAKE
0.2558,0.0,0.0,AWAKE
0.2552,0.0,0.0,AWAKE
0.25,0.0635,0.0,AWAKE
0.256,0.0156,0.0,AWAKE
0.2475,0.0,0.0,AWAKE
0.2434,0.0,0.0,AWAKE
0.2607,0.0,0.0,AWAKE
0.2562,0.0,0.0,AWAKE
0.257,0.0,0.0,AWAKE
0.2518,0.0,0.0,AWAKE
0.2527,0.0,0.0,AWAKE
0.2467,0.0,0.0,AWAKE
0.2686,0.0151,0.0,AWAKE
0.2758,0.0,0.0,AWAKE
0.2783,0.0,0.0,AWAKE
0.275,0.0,0.0,AWAKE
0.272,0.0,0.0,AWAKE
0.2656,0.0218,0.0,AWAKE
0.2639,0.0,0.0,AWAKE
0.2703,0.0,0.0,AWAKE
0.2615,0.0,0.0,AWAKE
0.2777,0.0,0.0,AWAKE
0.2751,0.0149,0.0,AWAKE
0.2819,0.0,0.0,AWAKE
0.2676,0.0149,0.0,AWAKE
0.2775,0.0149,0.0,AWAKE
0.2752,0.0149,0.0,AWAKE
0.2779,0.0154,0.0,AWAKE
0.2848,0.0,0.0,AWAKE
0.278,0.0,0.0,AWAKE
0.276,0.0,0.0,AWAKE
0.2772,0.0,0.0,AWAKE
0.2492,0.0,0.0,AWAKE
0.2661,0.0,0.0,AWAKE
0.2792,0.0154,0.0,AWAKE
0.2746,0.0152,0.0,AWAKE
0.2805,0.0149,0.0,AWAKE
0.2686,0.0151,0.0,AWAKE
0.2714,0.0151,0.0,AWAKE
0.2687,0.0154,0.0,AWAKE
0.268,0.0,0.0,AWAKE
0.2648,0.0151,0.0,AWAKE
0.2686,0.0,0.0,AWAKE
0.2585,0.0152,0.0,AWAKE
0.2615,0.0,0.0,AWAKE
0.2477,0.0,0.0,AWAKE
0.2657,0.0149,0.0,AWAKE
0.2759,0.0,0.0,AWAKE
0.2765,0.0,0.0,AWAKE
0.2666,0.0,0.0,AWAKE
0.2728,0.0,0.0,AWAKE
0.2658,0.0,0.0,AWAKE
0.2765,0.0,0.0,AWAKE
0.2797,0.0154,0.0,AWAKE
0.2768,0.0154,0.0,AWAKE
0.2693,0.0,0.0,AWAKE
0.2869,0.0152,0.0,AWAKE
0.2889,0.0,0.0,AWAKE
0.2824,0.0,0.0,AWAKE
0.2833,0.0152,0.0,AWAKE
0.2722,0.0,0.0,AWAKE
0.2732,0.0,0.0,AWAKE
0.2746,0.0,0.0,AWAKE
0.27,0.0,0.0,AWAKE
0.2752,0.0,0.0,AWAKE
0.2818,0.0154,0.0,AWAKE
0.289,0.0,0.0,AWAKE
0.2643,0.0,0.0,AWAKE
0.2631,0.0156,0.0,AWAKE
0.2721,0.0,0.0,AWAKE
0.2703,0.0,0.0,AWAKE
0.2838,0.0,0.0,AWAKE
0.2909,0.0,0.0,AWAKE
0.2894,0.0,0.0,AWAKE
0.2894,0.0,0.0,AWAKE
0.2774,0.0149,0.0,AWAKE
0.2732,0.0,0.0,AWAKE
0.2784,0.0,0.0,AWAKE
0.2927,0.0149,0.0,AWAKE
0.287,0.0,0.0,AWAKE
0.2679,0.0,0.0,AWAKE
0.2868,0.0,0.0,AWAKE
0.2645,0.0,0.0,AWAKE
0.257,0.0,0.0,AWAKE
0.2555,0.0,0.0,AWAKE
0.283,0.0,0.0,AWAKE
0.2777,0.0,0.0,AWAKE
0.256,0.0,0.0,AWAKE
0.2873,0.0,0.0,AWAKE
0.266,0.0154,0.0,AWAKE
0.2691,0.0151,0.0,AWAKE
0.3282,0.0,0.0,AWAKE
0.3144,0.0,0.0,AWAKE
0.3117,0.0,0.0,AWAKE
0.308,0.0,0.0,AWAKE
0.3088,0.0,0.0,AWAKE
0.3031,0.0,0.0,AWAKE
0.2881,0.0,0.0,AWAKE
0.2892,0.0,0.0,AWAKE
0.2959,0.0,0.0,AWAKE
0.3065,0.0,0.0,AWAKE
0.3083,0.0,0.0,AWAKE
0.33,0.0,0.0,AWAKE
0.319,0.0164,0.0,AWAKE
0.2923,0.0,0.0,AWAKE
0.2992,0.0,0.0,AWAKE
0.2888,0.0159,0.0,AWAKE
0.2757,0.0,0.0,AWAKE
0.2779,0.0,0.0,AWAKE
0.2695,0.0,0.0,AWAKE
0.2589,0.0,0.0,AWAKE
0.1035,0.0,0.0,AWAKE
0.086,0.0,0.0,AWAKE
0.0819,0.0,0.0,AWAKE
0.1126,0.0151,0.0,AWAKE
0.1817,0.0,0.0,AWAKE
0.2176,0.0,0.0,AWAKE
0.2315,0.0,0.0,AWAKE
0.2554,0.0,0.0,AWAKE
0.2758,0.0,0.0,AWAKE
0.2888,0.0,0.0,AWAKE
0.2717,0.0154,0.0,AWAKE
0.2824,0.0,0.0,AWAKE
0.2832,0.0,0.0,AWAKE
0.2549,0.0159,0.0,AWAKE
0.2692,0.0,0.0,AWAKE
0.2748,0.0156,0.0,AWAKE
0.2752,0.0,0.0,AWAKE
0.2718,0.0156,0.0,AWAKE
0.2474,0.0221,0.0,AWAKE
0.2473,0.0,0.0,AWAKE
0.2616,0.0,0.0,AWAKE
0.2609,0.0,0.0,AWAKE
0.2578,0.0,0.0,AWAKE
0.2681,0.0308,0.0,AWAKE
0.2645,0.0156,0.0,AWAKE
0.2579,0.0312,0.0,AWAKE
0.2679,0.0156,0.0,AWAKE
0.254,0.0,0.0,AWAKE
0.2673,0.0154,0.0,AWAKE
0.254,0.0,0.0,AWAKE
0.2578,0.0,0.0,AWAKE
0.2744,0.0154,0.0,AWAKE
0.2679,0.0156,0.0,AWAKE
0.2811,0.0,0.0,AWAKE
0.2751,0.0,0.0,AWAKE
0.2717,0.0,0.0,AWAKE
0.2688,0.0,0.0,AWAKE
0.2488,0.0,0.0,AWAKE
0.2641,0.0,0.0,AWAKE
0.2705,0.0,0.0,AWAKE
0.2743,0.0,0.0,AWAKE
0.2682,0.0154,0.0,AWAKE
0.2539,0.0,0.0,AWAKE
0.2508,0.0,0.0,AWAKE
0.2653,0.0154,0.0,AWAKE
0.2587,0.0,0.0,AWAKE
0.2574,0.0,0.0,AWAKE
0.2641,0.0,0.0,AWAKE
0.2702,0.0,0.0,AWAKE
0.278,0.0,0.0,AWAKE
0.266,0.0,0.0,AWAKE
0.2879,0.0,0.0,AWAKE
0.269,0.0,0.0,AWAKE
0.2747,0.0,0.0,AWAKE
0.2684,0.0,0.0,AWAKE
0.2408,0.0154,0.0,AWAKE
0.2354,0.0,0.0,AWAKE
0.2406,0.0,0.0,AWAKE
0.2124,0.0,0.0,AWAKE
0.2221,0.0,0.0,AWAKE
0.2069,0.0,0.0,AWAKE
0.185,0.0,0.0,AWAKE
0.2176,0.0,0.0,AWAKE
0.2301,0.0154,0.0,AWAKE
0.2235,0.0,0.0,AWAKE
0.2097,0.0,0.0,AWAKE
0.2083,0.0,0.0,AWAKE
0.2345,0.0,0.0,AWAKE
0.2538,0.0,0.0,AWAKE
0.2653,0.0,0.0,AWAKE
0.29,0.0,0.0,AWAKE
0.2687,0.0,0.0,AWAKE
0.2551,0.0,0.0,AWAKE
0.2742,0.0,0.0,AWAKE
0.2752,0.0,0.0,AWAKE
0.2644,0.0,0.0,AWAKE
0.2689,0.0156,0.0,AWAKE
0.2623,0.0,0.0,AWAKE
0.2764,0.0,0.0,AWAKE
0.2706,0.0,0.0,AWAKE
0.2714,0.0,0.0,AWAKE
0.2712,0.0,0.0,AWAKE
0.2617,0.0154,0.0,AWAKE
0.2641,0.0,0.0,AWAKE
0.2672,0.0,0.0,AWAKE
0.2599,0.0,0.0,AWAKE
0.2661,0.0,0.0,AWAKE
0.2542,0.0,0.0,AWAKE
0.2586,0.0,0.0,AWAKE
0.2466,0.0,0.0,AWAKE
0.2552,0.0,0.0,AWAKE
0.2436,0.0,0.0,AWAKE
0.2458,0.0,0.0,AWAKE
0.2555,0.0151,0.0,AWAKE
0.2497,0.0,0.0,AWAKE
0.25,0.0,0.0,AWAKE
0.2594,0.0,0.0,AWAKE
0.2434,0.0,0.0,AWAKE
0.2542,0.0,0.0,AWAKE
0.2436,0.0,0.0,AWAKE
0.2639,0.0,0.0,AWAKE
0.2629,0.0151,0.0,AWAKE
0.2587,0.0,0.0,AWAKE
0.2562,0.0156,0.0,AWAKE
0.2499,0.0,0.0,AWAKE
0.2606,0.0,0.0,AWAKE
0.2619,0.0154,0.0,AWAKE
0.2508,0.0156,0.0,AWAKE
0.2533,0.0,0.0,AWAKE
0.2516,0.0,0.0,AWAKE
0.2562,0.0,0.0,AWAKE
0.2403,0.0,0.0,AWAKE
0.2531,0.0,0.0,AWAKE
0.2512,0.0,0.0,AWAKE
0.2704,0.0,0.0,AWAKE
0.2572,0.0151,0.0,AWAKE
0.25,0.0,0.0,AWAKE
0.2519,0.0,0.0,AWAKE
0.2574,0.0,0.0,AWAKE
0.2668,0.0,0.0,AWAKE
0.2545,0.0154,0.0,AWAKE
0.257,0.0154,0.0,AWAKE
0.2579,0.0,0.0,AWAKE
0.2542,0.0,0.0,AWAKE
0.2577,0.0,0.0,AWAKE
0.2587,0.0154,0.0,AWAKE
0.2744,0.0,0.0,AWAKE
0.2555,0.0,0.0,AWAKE
0.2427,0.0,0.0,AWAKE
0.2567,0.0,0.0,AWAKE
0.2595,0.0,0.0,AWAKE
0.2567,0.0,0.0,AWAKE
0.2394,0.0,0.0,AWAKE
0.2469,0.0,0.0,AWAKE
0.2384,0.0,0.0,AWAKE
0.2459,0.0,0.0,AWAKE
0.2492,0.0156,0.0,AWAKE
0.247,0.0151,0.0,AWAKE
0.2395,0.0,0.0,AWAKE
0.233,0.0156,0.0,AWAKE
0.2455,0.0156,0.0,AWAKE
0.249,0.0,0.0,AWAKE
0.0356,0.0,0.0,EYE_CLOSED
0.0518,0.0149,0.0,EYE_CLOSED
0.0468,0.0,0.0,EYE_CLOSED
0.0626,0.0,0.0,EYE_CLOSED
0.0361,0.0,0.0,EYE_CLOSED
0.043,0.0,0.0,EYE_CLOSED
0.0459,0.0,0.0,EYE_CLOSED
0.052,0.0,0.0,EYE_CLOSED
0.0458,0.0,0.0,EYE_CLOSED
0.0424,0.0,0.0,EYE_CLOSED
0.061,0.0,0.0,EYE_CLOSED
0.058,0.0,0.0,EYE_CLOSED
0.052,0.0,0.0,EYE_CLOSED
0.0634,0.0,0.0,EYE_CLOSED
0.0579,0.0,0.0,EYE_CLOSED
0.0595,0.0,0.0,EYE_CLOSED
0.0636,0.0,0.0,EYE_CLOSED
0.0518,0.0,0.0,EYE_CLOSED
0.0573,0.0,0.0,EYE_CLOSED
0.0588,0.0,0.0,EYE_CLOSED
0.0486,0.0,0.0,EYE_CLOSED
0.052,0.0,0.0,EYE_CLOSED
0.0582,0.0,0.0,EYE_CLOSED
0.062,0.0,0.0,EYE_CLOSED
0.0588,0.0,0.0,EYE_CLOSED
0.0579,0.0,0.0,EYE_CLOSED
0.0518,0.0,0.0,EYE_CLOSED
0.0533,0.0,0.0,EYE_CLOSED
0.046,0.0,0.0,EYE_CLOSED
0.0615,0.0,0.0,EYE_CLOSED
0.0721,0.0,0.0,EYE_CLOSED
0.0688,0.0,0.0,EYE_CLOSED
0.0688,0.0,0.0,EYE_CLOSED
0.0668,0.0,0.0,EYE_CLOSED
0.062,0.0,0.0,EYE_CLOSED
0.0573,0.0,0.0,EYE_CLOSED
0.062,0.0,0.0,EYE_CLOSED
0.0697,0.0,0.0,EYE_CLOSED
0.0694,0.0,0.0,EYE_CLOSED
0.0684,0.0,0.0,EYE_CLOSED
0.0877,0.0,0.0,EYE_CLOSED
0.0797,0.0149,0.0,EYE_CLOSED
0.0717,0.0,0.0,EYE_CLOSED
0.0696,0.0,0.0,EYE_CLOSED
0.0861,0.0147,0.0,EYE_CLOSED
0.0692,0.0147,0.0,EYE_CLOSED
0.0799,0.0,0.0,EYE_CLOSED
0.0859,0.0,0.0,EYE_CLOSED
0.0809,0.0147,0.0,EYE_CLOSED
0.0896,0.0,0.0,EYE_CLOSED
0.08,0.0,0.0,EYE_CLOSED
0.0747,0.0147,0.0,EYE_CLOSED
0.0718,0.0,0.0,EYE_CLOSED
0.0572,0.0,0.0,EYE_CLOSED
0.0658,0.0149,0.0,EYE_CLOSED
0.0633,0.0,0.0,EYE_CLOSED
0.0581,0.0,0.0,EYE_CLOSED
0.067,0.0,0.0,EYE_CLOSED
0.0647,0.0,0.0,EYE_CLOSED
0.0687,0.0149,0.0,EYE_CLOSED
0.0582,0.0,0.0,EYE_CLOSED
0.0628,0.0,0.0,EYE_CLOSED
0.0738,0.0,0.0,EYE_CLOSED
0.0676,0.0,0.0,EYE_CLOSED
0.0668,0.0,0.0,EYE_CLOSED
0.0576,0.0,0.0,EYE_CLOSED
0.0688,0.0149,0.0,EYE_CLOSED
0.0773,0.0149,0.0,EYE_CLOSED
0.0728,0.0,0.0,EYE_CLOSED
0.0688,0.0,0.0,EYE_CLOSED
0.058,0.0149,0.0,EYE_CLOSED
0.0643,0.0,0.0,EYE_CLOSED
0.063,0.0,0.0,EYE_CLOSED
0.0591,0.0,0.0,EYE_CLOSED
0.0676,0.0,0.0,EYE_CLOSED
0.0725,0.0147,0.0,EYE_CLOSED
0.0673,0.0145,0.0,EYE_CLOSED
0.0634,0.0147,0.0,EYE_CLOSED
0.061,0.0,0.0,EYE_CLOSED
0.0628,0.0149,0.0,EYE_CLOSED
0.0627,0.0,0.0,EYE_CLOSED
0.0727,0.0,0.0,EYE_CLOSED
0.0729,0.0149,0.0,EYE_CLOSED
0.0874,0.0,0.0,EYE_CLOSED
0.071,0.0,0.0,EYE_CLOSED
0.0725,0.0151,0.0,EYE_CLOSED
0.0727,0.0149,0.0,EYE_CLOSED
0.0979,0.0,0.0,EYE_CLOSED
0.0776,0.0147,0.0,EYE_CLOSED
0.0707,0.0,0.0,EYE_CLOSED
0.0789,0.0149,0.0,EYE_CLOSED
0.0602,0.0,0.0,EYE_CLOSED
0.0632,0.0,0.0,EYE_CLOSED
0.0595,0.0147,0.0,EYE_CLOSED
0.0535,0.0149,0.0,EYE_CLOSED
0.0694,0.0149,0.0,EYE_CLOSED
0.0564,0.0,0.0,EYE_CLOSED
0.0572,0.0,0.0,EYE_CLOSED
0.0579,0.0,0.0,EYE_CLOSED
0.0707,0.0,0.0,EYE_CLOSED
0.0706,0.0,0.0,EYE_CLOSED
0.058,0.0,0.0,EYE_CLOSED
0.0692,0.0,0.0,EYE_CLOSED
0.0697,0.0151,0.0,EYE_CLOSED
0.0798,0.0,0.0,EYE_CLOSED
0.0576,0.0,0.0,EYE_CLOSED
0.0669,0.0,0.0,EYE_CLOSED
0.0925,0.0,0.0,EYE_CLOSED
0.0847,0.0,0.0,EYE_CLOSED
0.0733,0.0,0.0,EYE_CLOSED
0.0573,0.0151,0.0,EYE_CLOSED
0.0801,0.0,0.0,EYE_CLOSED
0.074,0.0,0.0,EYE_CLOSED
0.0693,0.0,0.0,EYE_CLOSED
0.0706,0.0,0.0,EYE_CLOSED
0.0668,0.0,0.0,EYE_CLOSED
0.0706,0.0,0.0,EYE_CLOSED
0.0777,0.0,0.0,EYE_CLOSED
0.0827,0.0,0.0,EYE_CLOSED
0.0633,0.0,0.0,EYE_CLOSED
0.0517,0.0,0.0,EYE_CLOSED
0.0548,0.0149,0.0,EYE_CLOSED
0.0631,0.0,0.0,EYE_CLOSED
0.0715,0.0151,0.0,EYE_CLOSED
0.0851,0.0,0.0,EYE_CLOSED
0.0802,0.0149,0.0,EYE_CLOSED
0.0728,0.0149,0.0,EYE_CLOSED
0.0675,0.0149,0.0,EYE_CLOSED
0.058,0.0,0.0,EYE_CLOSED
0.0697,0.0,0.0,EYE_CLOSED
0.0675,0.0,0.0,EYE_CLOSED
0.069,0.0,0.0,EYE_CLOSED
0.0688,0.0149,0.0,EYE_CLOSED
0.0733,0.0,0.0,EYE_CLOSED
0.0625,0.0,0.0,EYE_CLOSED
0.0936,0.0149,0.0,EYE_CLOSED
0.0747,0.0147,0.0,EYE_CLOSED
0.0733,0.0211,0.0,EYE_CLOSED
0.0679,0.0,0.0,EYE_CLOSED
0.0796,0.0,0.0,EYE_CLOSED
0.0873,0.0149,0.0,EYE_CLOSED
0.0749,0.0151,0.0,EYE_CLOSED
0.0795,0.0,0.0,EYE_CLOSED
0.0625,0.0,0.0,EYE_CLOSED
0.0743,0.0,0.0,EYE_CLOSED
0.0854,0.0,0.0,EYE_CLOSED
0.088,0.0,0.0,EYE_CLOSED
0.1073,0.0,0.0,EYE_CLOSED
0.0978,0.0151,0.0,EYE_CLOSED
0.0819,0.0147,0.0,EYE_CLOSED
0.0692,0.0,0.0,EYE_CLOSED
0.0678,0.0,0.0,EYE_CLOSED
0.0611,0.0149,0.0,EYE_CLOSED
0.0737,0.0149,0.0,EYE_CLOSED
0.0642,0.0,0.0,EYE_CLOSED
0.0775,0.0,0.0,EYE_CLOSED
0.0642,0.0,0.0,EYE_CLOSED
0.0704,0.0,0.0,EYE_CLOSED
0.0642,0.0,0.0,EYE_CLOSED
0.0686,0.0,0.0,EYE_CLOSED
0.0821,0.0,0.0,EYE_CLOSED
0.0832,0.0,0.0,EYE_CLOSED
0.0921,0.0147,0.0,EYE_CLOSED
0.0756,0.0,0.0,EYE_CLOSED
0.0705,0.0,0.0,EYE_CLOSED
0.0873,0.0,0.0,EYE_CLOSED
0.0811,0.0,0.0,EYE_CLOSED
0.0975,0.0,0.0,EYE_CLOSED
0.102,0.0149,0.0,EYE_CLOSED
0.1043,0.0151,0.0,EYE_CLOSED
0.0974,0.0149,0.0,EYE_CLOSED
0.1071,0.0,0.0,EYE_CLOSED
0.0821,0.0152,0.0,EYE_CLOSED
0.0983,0.0,0.0,EYE_CLOSED
0.1064,0.0151,0.0,EYE_CLOSED
0.0935,0.0,0.0,EYE_CLOSED
0.0976,0.0,0.0,EYE_CLOSED
0.1041,0.0,0.0,EYE_CLOSED
0.0746,0.0,0.0,EYE_CLOSED
0.0852,0.0,0.0,EYE_CLOSED
0.0699,0.0152,0.0,EYE_CLOSED
0.0686,0.0,0.0,EYE_CLOSED
0.0836,0.0149,0.0,EYE_CLOSED
0.0964,0.0149,0.0,EYE_CLOSED
0.09,0.0,0.0,EYE_CLOSED
0.0839,0.0,0.0,EYE_CLOSED
0.0999,0.0149,0.0,EYE_CLOSED
0.1043,0.0147,0.0,EYE_CLOSED
0.0892,0.0,0.0,EYE_CLOSED
0.0986,0.0,0.0,EYE_CLOSED
0.1117,0.0,0.0,EYE_CLOSED
0.0931,0.0,0.0,EYE_CLOSED
0.0893,0.0,0.0,EYE_CLOSED
0.1053,0.0147,0.0,EYE_CLOSED
0.0933,0.0147,0.0,EYE_CLOSED
0.1006,0.0,0.0,EYE_CLOSED
0.1034,0.0,0.0,EYE_CLOSED
0.0885,0.0,0.0,EYE_CLOSED
0.1226,0.0147,0.0,EYE_CLOSED
0.1251,0.0,0.0,EYE_CLOSED
0.111,0.0,0.0,EYE_CLOSED
0.1424,0.0,0.0,EYE_CLOSED
0.1058,0.0,0.0,EYE_CLOSED
0.0958,0.0,0.0,EYE_CLOSED
0.1292,0.0,0.0,EYE_CLOSED
0.1004,0.0,0.0,EYE_CLOSED
0.0847,0.0,0.0,EYE_CLOSED
0.0833,0.0,0.0,EYE_CLOSED
0.0818,0.0,0.0,EYE_CLOSED
0.0906,0.0,0.0,EYE_CLOSED
0.0999,0.0,0.0,EYE_CLOSED
0.0736,0.0,0.0,EYE_CLOSED
0.0897,0.0,0.0,EYE_CLOSED
0.0669,0.0,0.0,EYE_CLOSED
0.0832,0.0,0.0,EYE_CLOSED
0.0872,0.0,0.0,EYE_CLOSED
0.0832,0.0,0.0,EYE_CLOSED
0.0809,0.0,0.0,EYE_CLOSED
0.0938,0.0,0.0,EYE_CLOSED
0.1053,0.0149,0.0,EYE_CLOSED
0.0863,0.0,0.0,EYE_CLOSED
0.0809,0.0,0.0,EYE_CLOSED
0.0676,0.0,0.0,EYE_CLOSED
0.0809,0.0,0.0,EYE_CLOSED
0.0972,0.0,0.0,EYE_CLOSED
0.0888,0.0,0.0,EYE_CLOSED
0.1087,0.0,0.0,EYE_CLOSED
0.0908,0.0,0.0,EYE_CLOSED
0.095,0.0,0.0,EYE_CLOSED
0.0989,0.0151,0.0,EYE_CLOSED
0.1126,0.0,0.0,EYE_CLOSED
0.1139,0.0,0.0,EYE_CLOSED
0.1088,0.0,0.0,EYE_CLOSED
0.1043,0.0152,0.0,EYE_CLOSED
0.0935,0.0,0.0,EYE_CLOSED
0.0939,0.0149,0.0,EYE_CLOSED
0.0872,0.0,0.0,EYE_CLOSED
0.0938,0.0,0.0,EYE_CLOSED
0.0935,0.0151,0.0,EYE_CLOSED
0.0819,0.0,0.0,EYE_CLOSED
0.0896,0.0,0.0,EYE_CLOSED
0.0831,0.0,0.0,EYE_CLOSED
0.0725,0.0,0.0,EYE_CLOSED
0.0629,0.0,0.0,EYE_CLOSED
0.0862,0.0,0.0,EYE_CLOSED
0.0787,0.0,0.0,EYE_CLOSED
0.0919,0.0,0.0,EYE_CLOSED
0.095,0.0,0.0,EYE_CLOSED
0.0877,0.0,0.0,EYE_CLOSED
0.0747,0.0,0.0,EYE_CLOSED
0.0917,0.0,0.0,EYE_CLOSED
0.0916,0.0,0.0,EYE_CLOSED
0.0789,0.0,0.0,EYE_CLOSED
0.0905,0.0147,0.0,EYE_CLOSED
0.0884,0.0,0.0,EYE_CLOSED
0.0865,0.0,0.0,EYE_CLOSED
0.0859,0.0,0.0,EYE_CLOSED
0.0747,0.0,0.0,EYE_CLOSED
0.0792,0.0,0.0,EYE_CLOSED
0.0811,0.0,0.0,EYE_CLOSED
0.0767,0.0,0.0,EYE_CLOSED
0.084,0.0,0.0,EYE_CLOSED
0.0961,0.0,0.0,EYE_CLOSED
0.0897,0.0147,0.0,EYE_CLOSED
0.0768,0.0,0.0,EYE_CLOSED
0.0844,0.0,0.0,EYE_CLOSED
0.0639,0.0149,0.0,EYE_CLOSED
0.0753,0.0,0.0,EYE_CLOSED
0.0921,0.0,0.0,EYE_CLOSED
0.0778,0.0,0.0,EYE_CLOSED
0.0735,0.0,0.0,EYE_CLOSED
0.0505,0.0208,0.0,EYE_CLOSED
0.0637,0.0,0.0,EYE_CLOSED
0.07,0.0152,0.0,EYE_CLOSED
0.072,0.0,0.0,EYE_CLOSED
0.0737,0.0,0.0,EYE_CLOSED
0.0658,0.0,0.0,EYE_CLOSED
0.0595,0.0147,0.0,EYE_CLOSED
0.0647,0.0,0.0,EYE_CLOSED
0.0658,0.0,0.0,EYE_CLOSED
0.0834,0.0,0.0,EYE_CLOSED
0.0729,0.0,0.0,EYE_CLOSED
0.0733,0.0149,0.0,EYE_CLOSED
0.0571,0.0,0.0,EYE_CLOSED
0.0667,0.0,0.0,EYE_CLOSED
0.0616,0.0,0.0,EYE_CLOSED
0.0631,0.0,0.0,EYE_CLOSED
0.0707,0.0,0.0,EYE_CLOSED
0.0712,0.0,0.0,EYE_CLOSED
0.0507,0.0149,0.0,EYE_CLOSED
0.0668,0.0,0.0,EYE_CLOSED
0.0714,0.0,0.0,EYE_CLOSED
0.1163,0.0,0.0,EYE_CLOSED
0.0608,0.0,0.0,EYE_CLOSED
0.0702,0.0,0.0,EYE_CLOSED
0.0638,0.0152,0.0,EYE_CLOSED
0.0612,0.0,0.0,EYE_CLOSED
0.0555,0.0,0.0,EYE_CLOSED
0.0586,0.0,0.0,EYE_CLOSED
0.0984,0.0,0.0,EYE_CLOSED
0.0809,0.0,0.0,EYE_CLOSED
0.0887,0.0,0.0,EYE_CLOSED
0.0729,0.0,0.0,EYE_CLOSED
0.1103,0.0,0.0,EYE_CLOSED
0.0798,0.0154,0.0,EYE_CLOSED
0.0808,0.0,0.0,EYE_CLOSED
0.0831,0.0154,0.0,EYE_CLOSED
0.0886,0.0,0.0,EYE_CLOSED
0.091,0.0,0.0,EYE_CLOSED
0.0746,0.0,0.0,EYE_CLOSED
0.0596,0.0,0.0,EYE_CLOSED
0.0757,0.0,0.0,EYE_CLOSED
0.0589,0.0,0.0,EYE_CLOSED
0.094,0.0156,0.0,EYE_CLOSED
0.105,0.0,0.0,EYE_CLOSED
0.0886,0.0,0.0,EYE_CLOSED
0.1103,0.0,0.0,EYE_CLOSED
0.1051,0.0,0.0,EYE_CLOSED
0.101,0.0,0.0,EYE_CLOSED
0.0965,0.0,0.0,EYE_CLOSED
0.0868,0.0,0.0,EYE_CLOSED
0.0951,0.0,0.0,EYE_CLOSED
0.1006,0.0156,0.0,EYE_CLOSED
0.0962,0.0159,0.0,EYE_CLOSED
0.104,0.0,0.0,EYE_CLOSED
0.0854,0.0,0.0,EYE_CLOSED
0.0999,0.0,0.0,EYE_CLOSED
0.0909,0.0156,0.0,EYE_CLOSED
0.1004,0.0154,0.0,EYE_CLOSED
0.0901,0.0,0.0,EYE_CLOSED
0.0831,0.0,0.0,EYE_CLOSED
0.065,0.0,0.0,EYE_CLOSED
0.0635,0.0,0.0,EYE_CLOSED
0.0756,0.0,0.0,EYE_CLOSED
0.0896,0.0,0.0,EYE_CLOSED
0.0843,0.0,0.0,EYE_CLOSED
0.0819,0.0156,0.0,EYE_CLOSED
0.0787,0.0,0.0,EYE_CLOSED
0.0925,0.0,0.0,EYE_CLOSED
0.1002,0.0,0.0,EYE_CLOSED
0.0756,0.0,0.0,EYE_CLOSED
0.0993,0.0,0.0,EYE_CLOSED
0.1012,0.0,0.0,EYE_CLOSED
0.0927,0.0,0.0,EYE_CLOSED
0.0629,0.0152,0.0,EYE_CLOSED
0.0709,0.0,0.0,EYE_CLOSED
0.0777,0.0,0.0,EYE_CLOSED
0.0697,0.0156,0.0,EYE_CLOSED
0.0932,0.0,0.0,EYE_CLOSED
0.0884,0.0,0.0,EYE_CLOSED
0.0905,0.0,0.0,EYE_CLOSED
0.0931,0.0,0.0,EYE_CLOSED
0.0894,0.0,0.0,EYE_CLOSED
0.0655,0.0,0.0,EYE_CLOSED
0.0884,0.0,0.0,EYE_CLOSED
0.092,0.0156,0.0,EYE_CLOSED
0.0906,0.0,0.0,EYE_CLOSED
0.0988,0.0,0.0,EYE_CLOSED
0.0913,0.0,0.0,EYE_CLOSED
0.0968,0.0,0.0,EYE_CLOSED
0.1028,0.0,0.0,EYE_CLOSED
0.0942,0.0,0.0,EYE_CLOSED
0.0843,0.0,0.0,EYE_CLOSED
0.0703,0.0,0.0,EYE_CLOSED
0.1003,0.0151,0.0,EYE_CLOSED
0.0874,0.0,0.0,EYE_CLOSED
0.1103,0.0,0.0,EYE_CLOSED
0.0868,0.0,0.0,EYE_CLOSED
0.0887,0.0,0.0,EYE_CLOSED
0.0675,0.0,0.0,EYE_CLOSED
0.0809,0.0,0.0,EYE_CLOSED
0.0865,0.0,0.0,EYE_CLOSED
0.0809,0.0,0.0,EYE_CLOSED
0.0809,0.0,0.0,EYE_CLOSED
0.0816,0.0,0.0,EYE_CLOSED
0.1043,0.0,0.0,EYE_CLOSED
0.1026,0.0,0.0,EYE_CLOSED
0.0977,0.0,0.0,EYE_CLOSED
0.1168,0.0,0.0,EYE_CLOSED
0.1107,0.0154,0.0,EYE_CLOSED
0.0917,0.0156,0.0,EYE_CLOSED
0.0906,0.0156,0.0,EYE_CLOSED
0.0882,0.0,0.0,EYE_CLOSED
0.1053,0.0,0.0,EYE_CLOSED
0.0978,0.0,0.0,EYE_CLOSED
0.086,0.0,0.0,EYE_CLOSED
0.0968,0.0156,0.0,EYE_CLOSED
0.1109,0.0,0.0,EYE_CLOSED
0.1091,0.0,0.0,EYE_CLOSED
0.0816,0.0,0.0,EYE_CLOSED
0.0746,0.0152,0.0,EYE_CLOSED
0.1028,0.0,0.0,EYE_CLOSED
0.0839,0.0,0.0,EYE_CLOSED
0.1042,0.0,0.0,EYE_CLOSED
0.1053,0.0,0.0,EYE_CLOSED
0.1012,0.0,0.0,EYE_CLOSED
0.0787,0.0,0.0,EYE_CLOSED
0.0853,0.0,0.0,EYE_CLOSED
0.0852,0.0,0.0,EYE_CLOSED
0.0872,0.0,0.0,EYE_CLOSED
0.1001,0.0,0.0,EYE_CLOSED
0.0968,0.0152,0.0,EYE_CLOSED
0.1029,0.0149,0.0,EYE_CLOSED
0.0883,0.0152,0.0,EYE_CLOSED
0.0908,0.0,0.0,EYE_CLOSED
0.0895,0.0,0.0,EYE_CLOSED
0.0978,0.0,0.0,EYE_CLOSED
0.0883,0.0,0.0,EYE_CLOSED
0.0965,0.0,0.0,EYE_CLOSED
0.0729,0.0,0.0,EYE_CLOSED
0.0991,0.0151,0.0,EYE_CLOSED
0.0885,0.0,0.0,EYE_CLOSED
0.0803,0.0,0.0,EYE_CLOSED
0.0928,0.0149,0.0,EYE_CLOSED
0.1057,0.0,0.0,EYE_CLOSED
0.0841,0.0,0.0,EYE_CLOSED
0.0873,0.0,0.0,EYE_CLOSED
0.0932,0.0,0.0,EYE_CLOSED
0.0975,0.0,0.0,EYE_CLOSED
0.0851,0.0,0.0,EYE_CLOSED
0.1066,0.0152,0.0,EYE_CLOSED
0.0968,0.0152,0.0,EYE_CLOSED
0.1125,0.0151,0.0,EYE_CLOSED
0.0856,0.0,0.0,EYE_CLOSED
0.1094,0.0,0.0,EYE_CLOSED
0.111,0.0152,0.0,EYE_CLOSED
0.0928,0.0152,0.0,EYE_CLOSED
0.0914,0.0,0.0,EYE_CLOSED
0.1073,0.0,0.0,EYE_CLOSED
0.111,0.0154,0.0,EYE_CLOSED
0.0982,0.0,0.0,EYE_CLOSED
0.0988,0.0,0.0,EYE_CLOSED
0.0908,0.0149,0.0,EYE_CLOSED
0.0938,0.0,0.0,EYE_CLOSED
0.0938,0.0,0.0,EYE_CLOSED
0.0884,0.0,0.0,EYE_CLOSED
0.0924,0.0,0.0,EYE_CLOSED
0.1094,0.0,0.0,EYE_CLOSED
0.1167,0.0,0.0,EYE_CLOSED
0.1154,0.0154,0.0,EYE_CLOSED
0.1163,0.0,0.0,EYE_CLOSED
0.103,0.0,0.0,EYE_CLOSED
0.1184,0.0,0.0,EYE_CLOSED
0.1133,0.0,0.0,EYE_CLOSED
0.1103,0.0,0.0,EYE_CLOSED
0.1019,0.0,0.0,EYE_CLOSED
0.1221,0.0154,0.0,EYE_CLOSED
0.1099,0.0,0.0,EYE_CLOSED
0.2301,0.4226,0.0,YAWNING
0.2416,0.4569,0.0,YAWNING
0.2448,0.5359,0.0,YAWNING
0.2429,0.6822,0.0,YAWNING
0.243,0.7084,0.0,YAWNING
0.246,0.6567,0.0,YAWNING
0.2544,0.6969,0.0,YAWNING
0.2642,0.703,0.0,YAWNING
0.2436,0.7503,0.0,YAWNING
0.2573,0.807,0.0,YAWNING
0.2542,0.807,0.0,YAWNING
0.2363,0.8232,0.0,YAWNING
0.2491,0.8334,0.0,YAWNING
0.2566,0.849,0.0,YAWNING
0.2578,0.8671,0.0,YAWNING
0.2425,0.8659,0.0,YAWNING
0.2506,0.8989,0.0,YAWNING
0.2543,0.8672,0.0,YAWNING
0.2353,0.8644,0.0,YAWNING
0.2408,0.8962,0.0,YAWNING
0.2312,0.9021,0.0,YAWNING
0.246,0.8853,0.0,YAWNING
0.2333,0.7904,0.0,YAWNING
0.2333,0.8093,0.0,YAWNING
0.2424,0.7905,0.0,YAWNING
0.2556,0.807,0.0,YAWNING
0.2524,0.8194,0.0,YAWNING
0.2457,0.833,0.0,YAWNING
0.2357,0.7501,0.0,YAWNING
0.2356,0.7706,0.0,YAWNING
0.2578,0.7501,0.0,YAWNING
0.245,0.7386,0.0,YAWNING
0.2446,0.7538,0.0,YAWNING
0.2385,0.7499,0.0,YAWNING
0.249,0.7904,0.0,YAWNING
0.2535,0.7741,0.0,YAWNING
0.2516,0.758,0.0,YAWNING
0.2455,0.8032,0.0,YAWNING
0.261,0.7581,0.0,YAWNING
0.2546,0.7705,0.0,YAWNING
0.2415,0.8001,0.0,YAWNING
0.239,0.7832,0.0,YAWNING
0.2449,0.7869,0.0,YAWNING
0.2479,0.7618,0.0,YAWNING
0.2382,0.8028,0.0,YAWNING
0.2382,0.8307,0.0,YAWNING
0.2482,0.7999,0.0,YAWNING
0.2517,0.8033,0.0,YAWNING
0.2482,0.762,0.0,YAWNING
0.2745,0.7654,0.0,YAWNING
0.2496,0.7655,0.0,YAWNING
0.2554,0.6867,0.0,YAWNING
0.2365,0.7014,0.0,YAWNING
0.2616,0.706,0.0,YAWNING
0.2604,0.7205,0.0,YAWNING
0.2542,0.6969,0.0,YAWNING
0.2506,0.6971,0.0,YAWNING
0.2484,0.686,0.0,YAWNING
0.2405,0.7004,0.0,YAWNING
0.2288,0.72,0.0,YAWNING
0.2433,0.7753,0.0,YAWNING
0.2371,0.8158,0.0,YAWNING
0.2359,0.8599,0.0,YAWNING
0.264,0.764,0.0,YAWNING
0.2309,0.8669,0.0,YAWNING
0.2498,0.8108,0.0,YAWNING
0.2634,0.6995,0.0,YAWNING
0.2457,0.7212,0.0,YAWNING
0.2448,0.6935,0.0,YAWNING
0.229,0.7286,0.0,YAWNING
0.2357,0.7142,0.0,YAWNING
0.2249,0.6901,0.0,YAWNING
0.2358,0.7037,0.0,YAWNING
0.233,0.7138,0.0,YAWNING
0.2268,0.68,0.0,YAWNING
0.2373,0.7136,0.0,YAWNING
0.2384,0.7285,0.0,YAWNING
0.2404,0.6899,0.0,YAWNING
0.2343,0.6666,0.0,YAWNING
0.2349,0.6851,0.0,YAWNING
0.2437,0.6852,0.0,YAWNING
0.2367,0.6623,0.0,YAWNING
0.2486,0.6432,0.0,YAWNING
0.232,0.6484,0.0,YAWNING
0.2335,0.6812,0.0,YAWNING
0.2391,0.7102,0.0,YAWNING
0.2475,0.7613,0.0,YAWNING
0.2671,0.7247,0.0,YAWNING
0.2465,0.7354,0.0,YAWNING
0.2551,0.7999,0.0,YAWNING
0.256,0.7576,0.0,YAWNING
0.2421,0.7848,0.0,YAWNING
0.2505,0.781,0.0,YAWNING
0.2672,0.826,0.0,YAWNING
0.2494,0.7999,0.0,YAWNING
0.2671,0.8251,0.0,YAWNING
0.2412,0.7909,0.0,YAWNING
0.2633,0.8522,0.0,YAWNING
0.2608,0.9039,0.0,YAWNING
0.2575,0.9334,0.0,YAWNING
0.2555,0.9988,0.0,YAWNING
0.2486,0.9672,0.0,YAWNING
0.0831,1.0346,0.0,YAWNING
0.0601,1.0503,0.0,YAWNING
0.1077,0.9826,0.0,YAWNING
0.1572,1.0326,0.0,YAWNING
0.2037,0.8701,0.0,YAWNING
0.1998,0.8413,0.0,YAWNING
0.2189,0.8578,0.0,YAWNING
0.2294,0.8578,0.0,YAWNING
0.2243,0.7996,0.0,YAWNING
0.2437,0.7187,0.0,YAWNING
0.2377,0.7074,0.0,YAWNING
0.2558,0.6566,0.0,YAWNING
0.2502,0.6512,0.0,YAWNING
0.2558,0.5941,0.0,YAWNING
0.2428,0.565,0.0,YAWNING
0.2426,0.5443,0.0,YAWNING
0.2428,0.5294,0.0,YAWNING
0.2581,0.5221,0.0,YAWNING
0.2474,0.4205,0.0,YAWNING
0.2529,0.3428,0.0,YAWNING
0.2516,0.2754,0.0,YAWNING
0.2646,0.2005,0.0,YAWNING
0.2641,0.1268,0.0,YAWNING
0.2599,0.0676,0.0,YAWNING
0.2577,0.125,0.0,YAWNING
0.2487,0.0311,0.0,YAWNING
0.2406,0.0676,0.0,YAWNING
0.2396,0.08,0.0,YAWNING
0.2525,0.0811,0.0,YAWNING
0.2525,0.1081,0.0,YAWNING
0.2484,0.1224,0.0,YAWNING
0.2527,0.1649,0.0,YAWNING
0.2525,0.2226,0.0,YAWNING
0.2575,0.2781,0.0,YAWNING
0.2576,0.4364,0.0,YAWNING
0.2598,0.471,0.0,YAWNING
0.2606,0.5281,0.0,YAWNING
0.2584,0.6078,0.0,YAWNING
0.2481,0.6228,0.0,YAWNING
0.2398,0.6818,0.0,YAWNING
0.2545,0.7269,0.0,YAWNING
0.2484,0.7115,0.0,YAWNING
0.256,0.7269,0.0,YAWNING
0.2464,0.7422,0.0,YAWNING
0.2524,0.7813,0.0,YAWNING
0.2615,0.7654,0.0,YAWNING
0.2617,0.7655,0.0,YAWNING
0.232,0.7966,0.0,YAWNING
0.2482,0.7649,0.0,YAWNING
0.2502,0.8218,0.0,YAWNING
0.2553,0.7577,0.0,YAWNING
0.2508,0.7579,0.0,YAWNING
0.2516,0.8049,0.0,YAWNING
0.2508,0.7927,0.0,YAWNING
0.2478,0.7331,0.0,YAWNING
0.2419,0.781,0.0,YAWNING
0.2359,0.7955,0.0,YAWNING
0.2487,0.7962,0.0,YAWNING
0.2495,0.8118,0.0,YAWNING
0.2534,0.843,0.0,YAWNING
0.2517,0.8563,0.0,YAWNING
0.2517,0.9647,0.0,YAWNING
0.2437,0.8842,0.0,YAWNING
0.2109,0.9645,0.0,YAWNING
0.1357,0.9155,0.0,YAWNING
0.1253,0.9818,0.0,YAWNING
0.1905,0.8843,0.0,YAWNING
0.2255,0.8835,0.0,YAWNING
0.23,0.884,0.0,YAWNING
0.2516,0.9011,0.0,YAWNING
0.2485,0.949,0.0,YAWNING
0.2556,0.8693,0.0,YAWNING
0.2436,0.9169,0.0,YAWNING
0.2448,0.9014,0.0,YAWNING
0.2459,0.9662,0.0,YAWNING
0.2507,0.9667,0.0,YAWNING
0.2475,1.0329,0.0,YAWNING
0.248,0.9655,0.0,YAWNING
0.2613,0.9322,0.0,YAWNING
0.2633,0.951,0.0,YAWNING
0.2533,0.8545,0.0,YAWNING
0.2587,0.7388,0.0,YAWNING
0.2592,0.769,0.0,YAWNING
0.2658,0.7563,0.0,YAWNING
0.2623,0.712,0.0,YAWNING
0.2606,0.7383,0.0,YAWNING
0.2605,0.7174,0.0,YAWNING
0.2642,0.7797,0.0,YAWNING
0.2549,0.807,0.0,YAWNING
0.2647,0.7833,0.0,YAWNING
0.2712,0.7563,0.0,YAWNING
0.2762,0.7481,0.0,YAWNING
0.2734,0.7259,0.0,YAWNING
0.2674,0.6472,0.0,YAWNING
0.2577,0.6344,0.0,YAWNING
0.2699,0.6757,0.0,YAWNING
0.257,0.6566,0.0,YAWNING
0.2697,0.6923,0.0,YAWNING
0.268,0.7119,0.0,YAWNING
0.255,0.743,0.0,YAWNING
0.2712,0.7396,0.0,YAWNING
0.2737,0.6893,0.0,YAWNING
0.2636,0.6888,0.0,YAWNING
0.2627,0.7119,0.0,YAWNING
0.2693,0.7356,0.0,YAWNING
0.2639,0.7497,0.0,YAWNING
0.2501,0.7288,0.0,YAWNING
0.2408,0.7735,0.0,YAWNING
0.2436,0.808,0.0,YAWNING
0.2478,0.8632,0.0,YAWNING
0.2527,0.8029,0.0,YAWNING
0.2247,0.83,0.0,YAWNING
0.1336,0.8267,0.0,YAWNING
0.1124,0.769,0.0,YAWNING
0.1605,0.7532,0.0,YAWNING
0.1994,0.7236,0.0,YAWNING
0.2184,0.7498,0.0,YAWNING
0.2254,0.7229,0.0,YAWNING
0.2294,0.6964,0.0,YAWNING
0.2293,0.7229,0.0,YAWNING
0.2411,0.7009,0.0,YAWNING
0.2427,0.686,0.0,YAWNING
0.2394,0.6864,0.0,YAWNING
0.2472,0.6711,0.0,YAWNING
0.2358,0.691,0.0,YAWNING
0.2355,0.7013,0.0,YAWNING
0.2455,0.6859,0.0,YAWNING
0.2302,0.6413,0.0,YAWNING
0.2436,0.6713,0.0,YAWNING
0.2481,0.6323,0.0,YAWNING
0.2378,0.6415,0.0,YAWNING
0.2544,0.6031,0.0,YAWNING
0.2301,0.6119,0.0,YAWNING
0.2304,0.6027,0.0,YAWNING
0.2315,0.5793,0.0,YAWNING
0.2229,0.6029,0.0,YAWNING
0.2403,0.6027,0.0,YAWNING
0.2216,0.5938,0.0,YAWNING
0.2178,0.6176,0.0,YAWNING
0.2262,0.6121,0.0,YAWNING
0.2326,0.6031,0.0,YAWNING
0.2323,0.6319,0.0,YAWNING
0.2208,0.627,0.0,YAWNING
0.2331,0.6417,0.0,YAWNING
0.2276,0.6117,0.0,YAWNING
0.24,0.6209,0.0,YAWNING
0.2268,0.6363,0.0,YAWNING
0.1422,0.6822,0.0,YAWNING
0.0861,0.7501,0.0,YAWNING
0.091,0.7899,0.0,YAWNING
0.1453,0.7337,0.0,YAWNING
0.1949,0.7625,0.0,YAWNING
0.2339,0.703,0.0,YAWNING
0.2496,0.7142,0.0,YAWNING
0.228,0.6983,0.0,YAWNING
0.2441,0.727,0.0,YAWNING
0.2512,0.7463,0.0,YAWNING
0.2518,0.7144,0.0,YAWNING
0.2537,0.7342,0.0,YAWNING
0.2457,0.7741,0.0,YAWNING
0.2599,0.7769,0.0,YAWNING
0.2494,0.774,0.0,YAWNING
0.2611,0.7992,0.0,YAWNING
0.2454,0.7654,0.0,YAWNING
0.2699,0.7617,0.0,YAWNING
0.2426,0.73,0.0,YAWNING
0.2556,0.7337,0.0,YAWNING
0.2546,0.753,0.0,YAWNING
0.2647,0.7485,0.0,YAWNING
0.2607,0.7641,0.0,YAWNING
0.2575,0.7641,0.0,YAWNING
0.2668,0.7372,0.0,YAWNING
0.2508,0.7648,0.0,YAWNING
0.2575,0.7377,0.0,YAWNING
0.2617,0.7452,0.0,YAWNING
0.2466,0.7377,0.0,YAWNING
0.2526,0.761,0.0,YAWNING
0.2569,0.7493,0.0,YAWNING
0.2759,0.7649,0.0,YAWNING
0.269,0.7289,0.0,YAWNING
0.2489,0.7186,0.0,YAWNING
0.2566,0.7493,0.0,YAWNING
0.2517,0.7771,0.0,YAWNING
0.2574,0.7769,0.0,YAWNING
0.2544,0.7859,0.0,YAWNING
0.2479,0.8088,0.0,YAWNING
0.2446,0.8246,0.0,YAWNING
0.2609,0.7771,0.0,YAWNING
0.259,0.7929,0.0,YAWNING
0.2606,0.7774,0.0,YAWNING
0.2496,0.8088,0.0,YAWNING
0.249,0.7799,0.0,YAWNING
0.2528,0.7532,0.0,YAWNING
0.26,0.7417,0.0,YAWNING
0.2546,0.6859,0.0,YAWNING
0.2584,0.6469,0.0,YAWNING
0.2574,0.5943,0.0,YAWNING
0.2616,0.5081,0.0,YAWNING
0.2541,0.3574,0.0,YAWNING
0.2556,0.2353,0.0,YAWNING
0.2496,0.172,0.0,YAWNING
0.2394,0.125,0.0,YAWNING
0.2619,0.0548,0.0,YAWNING
0.2524,0.1127,0.0,YAWNING
0.2543,0.0845,0.0,YAWNING
0.2496,0.0959,0.0,YAWNING
0.2505,0.0972,0.0,YAWNING
0.2547,0.0982,0.0,YAWNING
0.2503,0.1578,0.0,YAWNING
0.2522,0.2059,0.0,YAWNING
0.2515,0.2677,0.0,YAWNING
0.2676,0.3574,0.0,YAWNING
0.2453,0.3832,0.0,YAWNING
0.2486,0.4503,0.0,YAWNING
0.2595,0.514,0.0,YAWNING
0.2545,0.5815,0.0,YAWNING
0.2554,0.5666,0.0,YAWNING
0.2552,0.5964,0.0,YAWNING
0.2392,0.651,0.0,YAWNING
0.2418,0.6706,0.0,YAWNING
0.2465,0.6811,0.0,YAWNING
0.2572,0.7019,0.0,YAWNING
0.2558,0.6912,0.0,YAWNING
0.2452,0.7225,0.0,YAWNING
0.2538,0.7287,0.0,YAWNING
0.2517,0.7328,0.0,YAWNING
0.2439,0.7728,0.0,YAWNING
0.2563,0.8045,0.0,YAWNING
0.2384,0.8076,0.0,YAWNING
0.2401,0.779,0.0,YAWNING
0.2434,0.8121,0.0,YAWNING
0.2417,0.813,0.0,YAWNING
0.2371,0.8546,0.0,YAWNING
0.2476,0.8532,0.0,YAWNING
0.2375,0.8844,0.0,YAWNING
0.2533,0.8388,0.0,YAWNING
0.2504,0.823,0.0,YAWNING
0.2471,0.7982,0.0,YAWNING
0.2454,0.8106,0.0,YAWNING
0.2427,0.8115,0.0,YAWNING
0.2513,0.8402,0.0,YAWNING
0.2511,0.836,0.0,YAWNING
0.2542,0.8102,0.0,YAWNING
0.2423,0.8071,0.0,YAWNING
0.2513,0.8054,0.0,YAWNING
0.2352,0.821,0.0,YAWNING
0.2493,0.8376,0.0,YAWNING
0.2442,0.8234,0.0,YAWNING
0.2532,0.7777,0.0,YAWNING
0.2434,0.7804,0.0,YAWNING
0.2554,0.6769,0.0,YAWNING
0.2555,0.6912,0.0,YAWNING
0.2531,0.651,0.0,YAWNING
0.2556,0.6613,0.0,YAWNING
0.2498,0.6259,0.0,YAWNING
0.2482,0.6259,0.0,YAWNING
0.2609,0.5737,0.0,YAWNING
0.2501,0.6176,0.0,YAWNING
0.2527,0.6319,0.0,YAWNING
0.262,0.6417,0.0,YAWNING
0.2548,0.6172,0.0,YAWNING
0.2432,0.6077,0.0,YAWNING
0.2429,0.6461,0.0,YAWNING
0.2404,0.6562,0.0,YAWNING
0.2426,0.6413,0.0,YAWNING
0.2459,0.6176,0.0,YAWNING
0.2485,0.6411,0.0,YAWNING
0.2426,0.6206,0.0,YAWNING
0.2552,0.651,0.0,YAWNING
0.2475,0.651,0.0,YAWNING
0.2535,0.6766,0.0,YAWNING
0.2445,0.692,0.0,YAWNING
0.2476,0.6612,0.0,YAWNING
0.2501,0.6764,0.0,YAWNING
0.2686,0.691,0.0,YAWNING
0.268,0.6813,0.0,YAWNING
0.2616,0.6756,0.0,YAWNING
0.2623,0.701,0.0,YAWNING
0.2737,0.691,0.0,YAWNING
0.2571,0.691,0.0,YAWNING
0.2653,0.6262,0.0,YAWNING
0.2625,0.6352,0.0,YAWNING
0.2534,0.6508,0.0,YAWNING
0.2653,0.6451,0.0,YAWNING
0.2457,0.6655,0.0,YAWNING
0.2463,0.6451,0.0,YAWNING
0.2427,0.6449,0.0,YAWNING
0.2562,0.6361,0.0,YAWNING
0.2494,0.6258,0.0,YAWNING
0.243,0.6408,0.0,YAWNING
0.2391,0.6173,0.0,YAWNING
0.2381,0.6115,0.0,YAWNING
0.2399,0.6605,0.0,YAWNING
0.2444,0.6764,0.0,YAWNING
0.2565,0.6662,0.0,YAWNING
0.3007,0.0351,0.0,HEAD_DROP
0.2861,0.0175,0.0,HEAD_DROP
0.2634,0.0,0.0,HEAD_DROP
0.2598,0.0175,0.0,HEAD_DROP
0.2643,0.0,0.0,HEAD_DROP
0.2734,0.0,0.0,HEAD_DROP
0.2776,0.0,0.0,HEAD_DROP
0.2582,0.0,0.0,HEAD_DROP
0.2638,0.0,0.0,HEAD_DROP
0.2608,0.0,0.0,HEAD_DROP
0.2671,0.0236,0.0,HEAD_DROP
0.2825,0.0248,0.0,HEAD_DROP
0.2774,0.0545,0.0,HEAD_DROP
0.2835,0.0345,0.0,HEAD_DROP
0.2823,0.0,0.0,HEAD_DROP
0.2947,0.0526,0.0,HEAD_DROP
0.2789,0.0,0.0,HEAD_DROP
0.2957,0.0,0.0,HEAD_DROP
0.279,0.0239,0.0,HEAD_DROP
0.2797,0.0172,0.0,HEAD_DROP
0.2735,0.0,0.0,HEAD_DROP
0.2902,0.0,0.0,HEAD_DROP
0.2885,0.0,0.0,HEAD_DROP
0.2608,0.0,0.0,HEAD_DROP
0.2811,0.0,0.0,HEAD_DROP
0.2613,0.0,0.0,HEAD_DROP
0.2627,0.0,0.0,HEAD_DROP
0.2682,0.0179,0.0,HEAD_DROP
0.2755,0.0,0.0,HEAD_DROP
0.2821,0.0179,0.0,HEAD_DROP
0.3016,0.0,0.0,HEAD_DROP
0.285,0.0172,0.0,HEAD_DROP
0.2782,0.0,0.0,HEAD_DROP
0.2744,0.0,0.0,HEAD_DROP
0.2768,0.0,0.0,HEAD_DROP
0.271,0.0182,0.0,HEAD_DROP
0.2485,0.0257,0.0,HEAD_DROP
0.2649,0.0421,0.0,HEAD_DROP
0.282,0.0,0.0,HEAD_DROP
0.2552,0.0,0.0,HEAD_DROP
0.2662,0.0,0.0,HEAD_DROP
0.2614,0.0,0.0,HEAD_DROP
0.2833,0.0,0.0,HEAD_DROP
0.2774,0.039,0.0,HEAD_DROP
0.2862,0.0188,0.0,HEAD_DROP
0.2822,0.0164,0.0,HEAD_DROP
0.2614,0.0,0.0,HEAD_DROP
0.2752,0.0333,0.0,HEAD_DROP
0.2727,0.0367,0.0,HEAD_DROP
0.2342,0.0,0.0,HEAD_DROP
0.2128,0.0167,0.0,HEAD_DROP
0.1624,0.0161,0.0,HEAD_DROP
0.1455,0.036,0.0,HEAD_DROP
0.1623,0.0239,0.0,HEAD_DROP
0.1575,0.0169,0.0,HEAD_DROP
0.167,0.051,0.0,HEAD_DROP
0.2006,0.0,0.0,HEAD_DROP
0.2261,0.02,0.0,HEAD_DROP
0.2449,0.0169,0.0,HEAD_DROP
0.238,0.0169,0.0,HEAD_DROP
0.2814,0.0,0.0,HEAD_DROP
0.2789,0.0167,0.0,HEAD_DROP
0.2699,0.0175,0.0,HEAD_DROP
0.2916,0.0159,0.0,HEAD_DROP
0.269,0.0,0.0,HEAD_DROP
0.2767,0.0232,0.0,HEAD_DROP
0.2724,0.0169,0.0,HEAD_DROP
0.2958,0.05,0.0,HEAD_DROP
0.2863,0.0333,0.0,HEAD_DROP
0.2824,0.0172,0.0,HEAD_DROP
0.2939,0.024,0.0,HEAD_DROP
0.2817,0.0494,0.0,HEAD_DROP
0.2823,0.0517,0.0,HEAD_DROP
0.2679,0.0323,0.0,HEAD_DROP
0.288,0.0373,0.0,HEAD_DROP
0.2852,0.0159,0.0,HEAD_DROP
0.2924,0.0178,0.0,HEAD_DROP
0.2854,0.0167,0.0,HEAD_DROP
0.2989,0.0968,0.0,HEAD_DROP
0.2894,0.0161,0.0,HEAD_DROP
0.3006,0.0167,0.0,HEAD_DROP
0.2798,0.0492,0.0,HEAD_DROP
0.2858,0.0479,0.0,HEAD_DROP
0.2817,0.0211,0.0,HEAD_DROP
0.2576,0.0454,0.0,HEAD_DROP
0.1907,0.0,0.0,HEAD_DROP
0.2073,0.0164,0.0,HEAD_DROP
0.2125,0.0164,0.0,HEAD_DROP
0.1596,0.0666,0.0,HEAD_DROP
0.1661,0.0,0.0,HEAD_DROP
0.1796,0.0192,0.0,HEAD_DROP
0.1894,0.0,0.0,HEAD_DROP
0.1673,0.024,0.0,HEAD_DROP
0.1984,0.0,0.0,HEAD_DROP
0.1891,0.0182,0.0,HEAD_DROP
0.1734,0.0,0.0,HEAD_DROP
0.1617,0.0164,0.0,HEAD_DROP
0.1734,0.0167,0.0,HEAD_DROP
0.1695,0.0,0.0,HEAD_DROP
0.1516,0.0,0.0,HEAD_DROP
0.1644,0.0,0.0,HEAD_DROP
0.1578,0.0,0.0,HEAD_DROP
0.1703,0.0,0.0,HEAD_DROP
0.1393,0.0,0.0,HEAD_DROP
0.1652,0.0172,0.0,HEAD_DROP
0.1654,0.0,0.0,HEAD_DROP
0.175,0.0,0.0,HEAD_DROP
0.1682,0.0847,0.0,HEAD_DROP
0.1674,0.0,0.0,HEAD_DROP
0.1732,0.0655,0.0,HEAD_DROP
0.1628,0.0172,0.0,HEAD_DROP
0.1608,0.0167,0.0,HEAD_DROP
0.1565,0.0161,0.0,HEAD_DROP
0.1582,0.0232,0.0,HEAD_DROP
0.1496,0.0164,0.0,HEAD_DROP
0.1662,0.0161,0.0,HEAD_DROP
0.1597,0.0,0.0,HEAD_DROP
0.1601,0.0,0.0,HEAD_DROP
0.1764,0.0,0.0,HEAD_DROP
0.2234,0.0,0.0,HEAD_DROP
0.1929,0.0182,0.0,HEAD_DROP
0.1797,0.0,0.0,HEAD_DROP
0.2,0.0196,0.0,HEAD_DROP
0.1804,0.0,0.0,HEAD_DROP
0.1872,0.0,0.0,HEAD_DROP
0.1691,0.0,0.0,HEAD_DROP
0.1705,0.0,0.0,HEAD_DROP
0.1525,0.0178,0.0,HEAD_DROP
0.1862,0.0196,0.0,HEAD_DROP
0.1729,0.0301,0.0,HEAD_DROP
0.1602,0.0277,0.0,HEAD_DROP
0.1927,0.0314,0.0,HEAD_DROP
0.2299,0.0204,0.0,HEAD_DROP
0.2042,0.0,0.0,HEAD_DROP
0.179,0.0196,0.0,HEAD_DROP
0.1866,0.0192,0.0,HEAD_DROP
0.1805,0.0,0.0,HEAD_DROP
0.1959,0.0,0.0,HEAD_DROP
0.2016,0.0182,0.0,HEAD_DROP
0.1898,0.0,0.0,HEAD_DROP
0.1995,0.0232,0.0,HEAD_DROP
0.217,0.0,0.0,HEAD_DROP
0.1883,0.02,0.0,HEAD_DROP
0.1638,0.0208,0.0,HEAD_DROP
0.1675,0.0,0.0,HEAD_DROP
0.1756,0.0,0.0,HEAD_DROP
0.1898,0.0,0.0,HEAD_DROP
0.1928,0.0,0.0,HEAD_DROP
0.1895,0.0224,0.0,HEAD_DROP
0.2077,0.0221,0.0,HEAD_DROP
0.1676,0.0476,0.0,HEAD_DROP
0.1698,0.0517,0.0,HEAD_DROP
0.1844,0.0232,0.0,HEAD_DROP
0.1808,0.0159,0.0,HEAD_DROP
0.185,0.0317,0.0,HEAD_DROP
0.1582,0.0167,0.0,HEAD_DROP
0.1728,0.0,0.0,HEAD_DROP
0.1568,0.0,0.0,HEAD_DROP
0.1586,0.0,0.0,HEAD_DROP
0.1517,0.0236,0.0,HEAD_DROP
0.1565,0.0,0.0,HEAD_DROP
0.1565,0.0833,0.0,HEAD_DROP
0.1694,0.0655,0.0,HEAD_DROP
0.1566,0.1111,0.0,HEAD_DROP
0.173,0.0328,0.0,HEAD_DROP
0.1674,0.0317,0.0,HEAD_DROP
0.1715,0.0322,0.0,HEAD_DROP
0.1864,0.0159,0.0,HEAD_DROP
0.1794,0.0361,0.0,HEAD_DROP
0.1939,0.0156,0.0,HEAD_DROP
0.1881,0.0161,0.0,HEAD_DROP
0.1889,0.0154,0.0,HEAD_DROP
0.1824,0.0,0.0,HEAD_DROP
0.1956,0.0461,0.0,HEAD_DROP
0.1697,0.0218,0.0,HEAD_DROP
0.1759,0.0151,0.0,HEAD_DROP
0.1711,0.0154,0.0,HEAD_DROP
0.1741,0.0317,0.0,HEAD_DROP
0.1899,0.0518,0.0,HEAD_DROP
0.175,0.0182,0.0,HEAD_DROP
0.1678,0.0164,0.0,HEAD_DROP
0.1854,0.0164,0.0,HEAD_DROP
0.1877,0.0159,0.0,HEAD_DROP
0.1708,0.0161,0.0,HEAD_DROP
0.1727,0.0,0.0,HEAD_DROP
0.1816,0.0156,0.0,HEAD_DROP
0.1687,0.0164,0.0,HEAD_DROP
0.1611,0.1929,0.0,HEAD_DROP
0.216,0.0517,0.0,HEAD_DROP
0.2627,0.0399,0.0,HEAD_DROP
0.2651,0.0,0.0,HEAD_DROP
0.2968,0.0179,0.0,HEAD_DROP
0.3217,0.0179,0.0,HEAD_DROP
0.3311,0.0175,0.0,HEAD_DROP
0.3088,0.0,0.0,HEAD_DROP
0.3292,0.0,0.0,HEAD_DROP
0.3001,0.0,0.0,HEAD_DROP
0.3016,0.0,0.0,HEAD_DROP
0.3288,0.0,0.0,HEAD_DROP
0.3212,0.0,0.0,HEAD_DROP
0.3115,0.0,0.0,HEAD_DROP
0.3096,0.0172,0.0,HEAD_DROP
0.3148,0.0,0.0,HEAD_DROP
0.3258,0.0,0.0,HEAD_DROP
0.3155,0.0,0.0,HEAD_DROP
0.3167,0.0,0.0,HEAD_DROP
0.3178,0.0,0.0,HEAD_DROP
0.3158,0.0,0.0,HEAD_DROP
0.3037,0.0169,0.0,HEAD_DROP
0.3124,0.0167,0.0,HEAD_DROP
0.3129,0.0159,0.0,HEAD_DROP
0.3153,0.0221,0.0,HEAD_DROP
0.3173,0.0221,0.0,HEAD_DROP
0.3036,0.0,0.0,HEAD_DROP
0.3086,0.0,0.0,HEAD_DROP
0.3158,0.0,0.0,HEAD_DROP
0.323,0.0,0.0,HEAD_DROP
0.3242,0.0,0.0,HEAD_DROP
0.3209,0.0,0.0,HEAD_DROP
0.3159,0.0,0.0,HEAD_DROP
0.3241,0.0,0.0,HEAD_DROP
0.3128,0.0,0.0,HEAD_DROP
0.3128,0.0,0.0,HEAD_DROP
0.3011,0.0,0.0,HEAD_DROP
0.3036,0.0,0.0,HEAD_DROP
0.2977,0.0,0.0,HEAD_DROP
0.3103,0.0,0.0,HEAD_DROP
0.315,0.0,0.0,HEAD_DROP
0.323,0.0167,0.0,HEAD_DROP
0.3046,0.0167,0.0,HEAD_DROP
0.3018,0.0169,0.0,HEAD_DROP
0.313,0.0172,0.0,HEAD_DROP
0.3121,0.0,0.0,HEAD_DROP
0.3134,0.0,0.0,HEAD_DROP
0.312,0.0169,0.0,HEAD_DROP
0.2908,0.0,0.0,HEAD_DROP
0.3139,0.0,0.0,HEAD_DROP
0.3038,0.0,0.0,HEAD_DROP
0.2986,0.0,0.0,HEAD_DROP
0.3104,0.0,0.0,HEAD_DROP
0.3013,0.0,0.0,HEAD_DROP
0.3079,0.0,0.0,HEAD_DROP
0.2897,0.0,0.0,HEAD_DROP
0.2882,0.0,0.0,HEAD_DROP
0.305,0.0,0.0,HEAD_DROP
0.3071,0.0175,0.0,HEAD_DROP
0.2866,0.0175,0.0,HEAD_DROP
0.2884,0.0179,0.0,HEAD_DROP
0.293,0.0172,0.0,HEAD_DROP
0.2814,0.0,0.0,HEAD_DROP
0.2733,0.0527,0.0,HEAD_DROP
0.2312,0.0,0.0,HEAD_DROP
0.1733,0.0,0.0,HEAD_DROP
0.1383,0.0,0.0,HEAD_DROP
0.1371,0.0,0.0,HEAD_DROP
0.1393,0.0,0.0,HEAD_DROP
0.1438,0.019,0.0,HEAD_DROP
0.1251,0.0205,0.0,HEAD_DROP
0.1239,0.0,0.0,HEAD_DROP
0.137,0.0,0.0,HEAD_DROP
0.1457,0.0,0.0,HEAD_DROP
0.1748,0.059,0.0,HEAD_DROP
0.1945,0.0187,0.0,HEAD_DROP
0.1334,0.0194,0.0,HEAD_DROP
0.1394,0.0207,0.0,HEAD_DROP
0.1422,0.0275,0.0,HEAD_DROP
0.1476,0.0269,0.0,HEAD_DROP
0.1546,0.0,0.0,HEAD_DROP
0.1468,0.0,0.0,HEAD_DROP
0.1494,0.0188,0.0,HEAD_DROP
0.1484,0.0191,0.0,HEAD_DROP
0.1452,0.0,0.0,HEAD_DROP
0.1426,0.0,0.0,HEAD_DROP
0.1611,0.0,0.0,HEAD_DROP
0.1594,0.0,0.0,HEAD_DROP
0.1263,0.0188,0.0,HEAD_DROP
0.1634,0.0,0.0,HEAD_DROP
0.1619,0.0,0.0,HEAD_DROP
0.1602,0.0,0.0,HEAD_DROP
0.179,0.0195,0.0,HEAD_DROP
0.1877,0.0,0.0,HEAD_DROP
0.2066,0.0655,0.0,HEAD_DROP
0.2024,0.0416,0.0,HEAD_DROP
0.1823,0.0,0.0,HEAD_DROP
0.1823,0.0,0.0,HEAD_DROP
0.1984,0.0791,0.0,HEAD_DROP
0.1724,0.0,0.0,HEAD_DROP
0.2012,0.0244,0.0,HEAD_DROP
0.2005,0.0232,0.0,HEAD_DROP
0.2055,0.02,0.0,HEAD_DROP
0.2075,0.0,0.0,HEAD_DROP
0.1889,0.0,0.0,HEAD_DROP
0.2084,0.0208,0.0,HEAD_DROP
0.1998,0.0,0.0,HEAD_DROP
0.1931,0.0,0.0,HEAD_DROP
0.1963,0.0,0.0,HEAD_DROP
0.1546,0.0,0.0,HEAD_DROP
0.1712,0.0217,0.0,HEAD_DROP
0.176,0.0,0.0,HEAD_DROP
0.1806,0.0212,0.0,HEAD_DROP
0.1749,0.0212,0.0,HEAD_DROP
0.1717,0.0212,0.0,HEAD_DROP
0.1741,0.0203,0.0,HEAD_DROP
0.1871,0.0,0.0,HEAD_DROP
0.1651,0.02,0.0,HEAD_DROP
0.1742,0.0,0.0,HEAD_DROP
0.1775,0.0,0.0,HEAD_DROP
0.1746,0.0226,0.0,HEAD_DROP
0.1798,0.0,0.0,HEAD_DROP
0.174,0.0,0.0,HEAD_DROP
0.1866,0.0,0.0,HEAD_DROP
0.1892,0.0,0.0,HEAD_DROP
0.1951,0.0221,0.0,HEAD_DROP
0.1739,0.0,0.0,HEAD_DROP
0.1739,0.0,0.0,HEAD_DROP
0.1748,0.02,0.0,HEAD_DROP
0.1712,0.0,0.0,HEAD_DROP
0.1894,0.0,0.0,HEAD_DROP
0.1737,0.0,0.0,HEAD_DROP
0.1797,0.0208,0.0,HEAD_DROP
0.1814,0.0195,0.0,HEAD_DROP
0.1902,0.0,0.0,HEAD_DROP
0.1886,0.0,0.0,HEAD_DROP
0.1667,0.0,0.0,HEAD_DROP
0.1886,0.0,0.0,HEAD_DROP
0.1652,0.0204,0.0,HEAD_DROP
0.1837,0.0192,0.0,HEAD_DROP
0.1783,0.0,0.0,HEAD_DROP
0.1659,0.0,0.0,HEAD_DROP
0.1837,0.0,0.0,HEAD_DROP
0.168,0.0192,0.0,HEAD_DROP
0.1678,0.0,0.0,HEAD_DROP
0.1838,0.0,0.0,HEAD_DROP
0.1847,0.0,0.0,HEAD_DROP
0.1844,0.0188,0.0,HEAD_DROP
0.1693,0.0,0.0,HEAD_DROP
0.1652,0.0185,0.0,HEAD_DROP
0.1897,0.0261,0.0,HEAD_DROP
0.1576,0.0,0.0,HEAD_DROP
0.1736,0.0188,0.0,HEAD_DROP
0.1665,0.0185,0.0,HEAD_DROP
0.1679,0.0175,0.0,HEAD_DROP
0.1612,0.0182,0.0,HEAD_DROP
0.1685,0.0,0.0,HEAD_DROP
0.1735,0.0,0.0,HEAD_DROP
0.1734,0.0,0.0,HEAD_DROP
0.1615,0.0,0.0,HEAD_DROP
0.1841,0.0204,0.0,HEAD_DROP
0.1708,0.0199,0.0,HEAD_DROP
0.1769,0.02,0.0,HEAD_DROP
0.1589,0.0192,0.0,HEAD_DROP
0.1651,0.0,0.0,HEAD_DROP
0.1602,0.0196,0.0,HEAD_DROP
0.168,0.0,0.0,HEAD_DROP
0.1586,0.0188,0.0,HEAD_DROP
0.1544,0.0,0.0,HEAD_DROP
0.1561,0.0,0.0,HEAD_DROP
0.1654,0.0,0.0,HEAD_DROP
0.1662,0.0,0.0,HEAD_DROP
0.1449,0.0,0.0,HEAD_DROP
0.1631,0.0,0.0,HEAD_DROP
0.1686,0.0192,0.0,HEAD_DROP
0.152,0.0,0.0,HEAD_DROP
0.1618,0.0,0.0,HEAD_DROP
0.1676,0.0,0.0,HEAD_DROP
0.145,0.0,0.0,HEAD_DROP
0.1549,0.0,0.0,HEAD_DROP
0.1594,0.0,0.0,HEAD_DROP
0.1577,0.0192,0.0,HEAD_DROP
0.1653,0.0188,0.0,HEAD_DROP
0.1526,0.0185,0.0,HEAD_DROP
0.1587,0.0,0.0,HEAD_DROP
0.1859,0.0208,0.0,HEAD_DROP
0.1626,0.0,0.0,HEAD_DROP
0.1722,0.0,0.0,HEAD_DROP
0.1681,0.0196,0.0,HEAD_DROP
0.1648,0.0,0.0,HEAD_DROP
0.1677,0.0,0.0,HEAD_DROP
0.1838,0.0272,0.0,HEAD_DROP
0.1625,0.0,0.0,HEAD_DROP
0.166,0.0,0.0,HEAD_DROP
0.1703,0.0196,0.0,HEAD_DROP
0.1735,0.0,0.0,HEAD_DROP
0.1764,0.0,0.0,HEAD_DROP
0.172,0.0,0.0,HEAD_DROP
0.1779,0.0,0.0,HEAD_DROP
0.1765,0.0,0.0,HEAD_DROP
0.1719,0.0,0.0,HEAD_DROP
0.1926,0.0196,0.0,HEAD_DROP
0.2014,0.0,0.0,HEAD_DROP
0.178,0.0,0.0,HEAD_DROP
0.175,0.0,0.0,HEAD_DROP
0.1549,0.0,0.0,HEAD_DROP
0.1611,0.0196,0.0,HEAD_DROP
0.1639,0.0188,0.0,HEAD_DROP
0.1711,0.0,0.0,HEAD_DROP
0.1768,0.0283,0.0,HEAD_DROP
0.1759,0.0192,0.0,HEAD_DROP
0.2013,0.0,0.0,HEAD_DROP
0.1874,0.0192,0.0,HEAD_DROP
0.2209,0.0185,0.0,HEAD_DROP
0.2096,0.0192,0.0,HEAD_DROP
0.2343,0.0,0.0,HEAD_DROP
0.2667,0.0,0.0,HEAD_DROP
0.2513,0.0172,0.0,HEAD_DROP
0.2562,0.0,0.0,HEAD_DROP
0.2726,0.0,0.0,HEAD_DROP
0.2659,0.0178,0.0,HEAD_DROP
0.2647,0.0188,0.0,HEAD_DROP
0.2601,0.0272,0.0,HEAD_DROP
0.2789,0.0,0.0,HEAD_DROP
0.2685,0.0,0.0,HEAD_DROP
0.2677,0.0,0.0,HEAD_DROP
0.2578,0.0,0.0,HEAD_DROP
0.2735,0.0,0.0,HEAD_DROP
0.2594,0.0,0.0,HEAD_DROP
0.2995,0.0,0.0,HEAD_DROP
0.2826,0.0192,0.0,HEAD_DROP
0.2833,0.0,0.0,HEAD_DROP
0.2856,0.0175,0.0,HEAD_DROP
0.261,0.0159,0.0,AWAKE
0.2699,0.0159,0.0,AWAKE
0.2736,0.0224,0.0,AWAKE
0.2683,0.0154,0.0,AWAKE
0.2777,0.0154,0.0,AWAKE
0.2768,0.0154,0.0,AWAKE
0.2892,0.0156,0.0,AWAKE
0.2607,0.0,0.0,AWAKE
0.2612,0.0156,0.0,AWAKE
0.2439,0.0159,0.0,AWAKE
0.2736,0.0312,0.0,AWAKE
0.253,0.0312,0.0,AWAKE
0.268,0.0156,0.0,AWAKE
0.2604,0.0,0.0,AWAKE
0.2629,0.0,0.0,AWAKE
0.2619,0.0,0.0,AWAKE
0.2687,0.0,0.0,AWAKE
0.274,0.0,0.0,AWAKE
0.2541,0.0156,0.0,AWAKE
0.2622,0.0,0.0,AWAKE
0.2621,0.0,0.0,AWAKE
0.2709,0.0,0.0,AWAKE
0.2594,0.0,0.0,AWAKE
0.2671,0.0156,0.0,AWAKE
0.2584,0.0156,0.0,AWAKE
0.2691,0.0156,0.0,AWAKE
0.2571,0.0224,0.0,AWAKE
0.2652,0.0476,0.0,AWAKE
0.2754,0.0476,0.0,AWAKE
0.2616,0.0312,0.0,AWAKE
0.2485,0.0323,0.0,AWAKE
0.2674,0.0492,0.0,AWAKE
0.2608,0.0484,0.0,AWAKE
0.268,0.0469,0.0,AWAKE
0.2581,0.0312,0.0,AWAKE
0.2625,0.0154,0.0,AWAKE
0.2715,0.0,0.0,AWAKE
0.2532,0.0625,0.0,AWAKE
0.268,0.0344,0.0,AWAKE
0.2629,0.0606,0.0,AWAKE
0.2603,0.0454,0.0,AWAKE
0.2544,0.0303,0.0,AWAKE
0.2591,0.0454,0.0,AWAKE
0.2481,0.0312,0.0,AWAKE
0.271,0.0154,0.0,AWAKE
0.2714,0.0462,0.0,AWAKE
0.2667,0.0312,0.0,AWAKE
0.2654,0.0317,0.0,AWAKE
0.2775,0.0625,0.0,AWAKE
0.2916,0.0635,0.0,AWAKE
0.2787,0.0312,0.0,AWAKE
0.2758,0.0156,0.0,AWAKE
0.2576,0.0781,0.0,AWAKE
0.2576,0.0634,0.0,AWAKE
0.2696,0.0468,0.0,AWAKE
0.2632,0.0624,0.0,AWAKE
0.2671,0.0614,0.0,AWAKE
0.2639,0.0643,0.0,AWAKE
0.2753,0.0494,0.0,AWAKE
0.2657,0.078,0.0,AWAKE
0.2746,0.0781,0.0,AWAKE
0.263,0.0952,0.0,AWAKE
0.2703,0.0952,0.0,AWAKE
0.2627,0.0784,0.0,AWAKE
0.2667,0.111,0.0,AWAKE
0.2668,0.0793,0.0,AWAKE
0.2722,0.0624,0.0,AWAKE
0.2729,0.0795,0.0,AWAKE
0.2725,0.0615,0.0,AWAKE
0.2757,0.0307,0.0,AWAKE
0.2818,0.0769,0.0,AWAKE
0.2884,0.0461,0.0,AWAKE
0.3019,0.0,0.0,AWAKE
0.3035,0.0151,0.0,AWAKE
0.3033,0.0308,0.0,AWAKE
0.3002,0.0151,0.0,AWAKE
0.303,0.0454,0.0,AWAKE
0.3015,0.0308,0.0,AWAKE
0.3112,0.0298,0.0,AWAKE
0.2975,0.0149,0.0,AWAKE
0.3102,0.0154,0.0,AWAKE
0.3165,0.0,0.0,AWAKE
0.3302,0.0298,0.0,AWAKE
0.3363,0.0211,0.0,AWAKE
0.3141,0.0,0.0,AWAKE
0.3139,0.0,0.0,AWAKE
0.3222,0.0151,0.0,AWAKE
0.3027,0.0,0.0,AWAKE
0.3056,0.0,0.0,AWAKE
0.3114,0.0,0.0,AWAKE
0.312,0.0152,0.0,AWAKE
0.304,0.0151,0.0,AWAKE
0.3256,0.0,0.0,AWAKE
0.3046,0.0151,0.0,AWAKE
0.3193,0.0152,0.0,AWAKE
0.3125,0.0,0.0,AWAKE
0.3073,0.0151,0.0,AWAKE
0.3083,0.0,0.0,AWAKE
0.3236,0.0211,0.0,AWAKE
0.3106,0.0151,0.0,AWAKE
0.3037,0.0,0.0,AWAKE
0.3046,0.0,0.0,AWAKE
0.292,0.0149,0.0,AWAKE
0.3013,0.0154,0.0,AWAKE
0.2851,0.0,0.0,AWAKE
0.2766,0.0,0.0,AWAKE
0.2748,0.0,0.0,AWAKE
0.2673,0.0,0.0,AWAKE
0.2613,0.0151,0.0,AWAKE
0.2583,0.0,0.0,AWAKE
0.2548,0.0151,0.0,AWAKE
0.2624,0.0,0.0,AWAKE
0.2553,0.0,0.0,AWAKE
0.2564,0.0,0.0,AWAKE
0.2636,0.0,0.0,AWAKE
0.2584,0.0151,0.0,AWAKE
0.2586,0.0151,0.0,AWAKE
0.2584,0.0,0.0,AWAKE
0.2645,0.0154,0.0,AWAKE
0.2643,0.0,0.0,AWAKE
0.2626,0.0,0.0,AWAKE
0.2606,0.0,0.0,AWAKE
0.2631,0.0,0.0,AWAKE
0.2331,0.0,0.0,AWAKE
0.1327,0.0,0.0,AWAKE
0.0857,0.0,0.0,AWAKE
0.1415,0.0,0.0,AWAKE
0.1965,0.0,0.0,AWAKE
0.2218,0.0,0.0,AWAKE
0.2273,0.0,0.0,AWAKE
0.2587,0.0,0.0,AWAKE
0.243,0.0,0.0,AWAKE
0.2627,0.0,0.0,AWAKE
0.2567,0.0151,0.0,AWAKE
0.2526,0.0,0.0,AWAKE
0.2597,0.0,0.0,AWAKE
0.2585,0.0154,0.0,AWAKE
0.2642,0.0,0.0,AWAKE
0.2647,0.0,0.0,AWAKE
0.2642,0.0,0.0,AWAKE
0.2754,0.0,0.0,AWAKE
0.2607,0.0,0.0,AWAKE
0.2543,0.0149,0.0,AWAKE
0.2513,0.0,0.0,AWAKE
0.264,0.0,0.0,AWAKE
0.2481,0.0151,0.0,AWAKE
0.2642,0.0,0.0,AWAKE
0.272,0.0,0.0,AWAKE
0.265,0.0,0.0,AWAKE
0.2678,0.0,0.0,AWAKE
0.268,0.0,0.0,AWAKE
0.274,0.0151,0.0,AWAKE
0.2745,0.0,0.0,AWAKE
0.2654,0.0,0.0,AWAKE
0.2543,0.0151,0.0,AWAKE
0.2534,0.0154,0.0,AWAKE
0.2589,0.0,0.0,AWAKE
0.2621,0.0154,0.0,AWAKE
0.2528,0.0,0.0,AWAKE
0.2676,0.0,0.0,AWAKE
0.2696,0.0,0.0,AWAKE
0.2516,0.0,0.0,AWAKE
0.2535,0.0,0.0,AWAKE
0.2618,0.0,0.0,AWAKE
0.2488,0.0151,0.0,AWAKE
0.2514,0.0,0.0,AWAKE
0.2528,0.0,0.0,AWAKE
0.2532,0.0,0.0,AWAKE
0.2703,0.0,0.0,AWAKE
0.2502,0.0,0.0,AWAKE
0.2498,0.0156,0.0,AWAKE
0.2528,0.0,0.0,AWAKE
0.2407,0.0,0.0,AWAKE
0.2451,0.0,0.0,AWAKE
0.2527,0.0154,0.0,AWAKE
0.2491,0.0154,0.0,AWAKE
0.271,0.0,0.0,AWAKE
0.2549,0.0,0.0,AWAKE
0.2598,0.0,0.0,AWAKE
0.2562,0.0,0.0,AWAKE
0.2713,0.0,0.0,AWAKE
0.2766,0.0161,0.0,AWAKE
0.2589,0.0161,0.0,AWAKE
0.2727,0.0,0.0,AWAKE
0.2517,0.0149,0.0,AWAKE
0.2627,0.0,0.0,AWAKE
0.256,0.0,0.0,AWAKE
0.2649,0.0143,0.0,AWAKE
0.2676,0.0139,0.0,AWAKE
0.2598,0.0143,0.0,AWAKE
0.2718,0.0,0.0,AWAKE
0.2713,0.0,0.0,AWAKE
0.2765,0.0139,0.0,AWAKE
0.2668,0.0139,0.0,AWAKE
0.2691,0.0196,0.0,AWAKE
0.2627,0.0143,0.0,AWAKE
0.2632,0.0,0.0,AWAKE
0.262,0.0141,0.0,AWAKE
0.2519,0.0,0.0,AWAKE
0.2479,0.0139,0.0,AWAKE
0.2551,0.0139,0.0,AWAKE
0.2485,0.0,0.0,AWAKE
0.2526,0.0,0.0,AWAKE
0.2447,0.0139,0.0,AWAKE
0.2492,0.0,0.0,AWAKE
0.2705,0.0,0.0,AWAKE
0.2601,0.0139,0.0,AWAKE
0.2549,0.0141,0.0,AWAKE
0.2506,0.0137,0.0,AWAKE
0.2637,0.0,0.0,AWAKE
0.2407,0.0,0.0,AWAKE
0.2539,0.0,0.0,AWAKE
0.2601,0.0139,0.0,AWAKE
0.2493,0.0199,0.0,AWAKE
0.2625,0.0,0.0,AWAKE
0.2538,0.0139,0.0,AWAKE
0.2562,0.0,0.0,AWAKE
0.2505,0.0139,0.0,AWAKE
0.2547,0.0,0.0,AWAKE
0.2483,0.0196,0.0,AWAKE
0.2496,0.0141,0.0,AWAKE
0.2498,0.0145,0.0,AWAKE
0.2526,0.0,0.0,AWAKE
0.2616,0.0139,0.0,AWAKE
0.2665,0.0,0.0,AWAKE
0.2642,0.0,0.0,AWAKE
0.2442,0.0,0.0,AWAKE
0.2555,0.0141,0.0,AWAKE
0.2628,0.0,0.0,AWAKE
0.2613,0.0202,0.0,AWAKE
0.2605,0.0199,0.0,AWAKE
0.2448,0.0202,0.0,AWAKE
0.2475,0.0,0.0,AWAKE
0.2524,0.0,0.0,AWAKE
0.2508,0.0141,0.0,AWAKE
0.2468,0.0,0.0,AWAKE
0.2458,0.0,0.0,AWAKE
0.2531,0.0,0.0,AWAKE
0.2465,0.0141,0.0,AWAKE
0.2517,0.0,0.0,AWAKE
0.2498,0.0,0.0,AWAKE
0.2475,0.0143,0.0,AWAKE
0.2586,0.0,0.0,AWAKE
0.2591,0.0,0.0,AWAKE
0.2505,0.014,0.0,AWAKE
0.2477,0.0,0.0,AWAKE
0.2653,0.0,0.0,AWAKE
0.248,0.0,0.0,AWAKE
0.261,0.0,0.0,AWAKE
0.2595,0.0145,0.0,AWAKE
0.2659,0.0,0.0,AWAKE
0.2662,0.0,0.0,AWAKE
0.2692,0.0,0.0,AWAKE
0.2624,0.0,0.0,AWAKE
0.2737,0.0142,0.0,AWAKE
0.2613,0.0,0.0,AWAKE
0.2548,0.0,0.0,AWAKE
0.2589,0.0,0.0,AWAKE
0.2622,0.0,0.0,AWAKE
0.2629,0.0,0.0,AWAKE
0.2597,0.0,0.0,AWAKE
0.2634,0.0156,0.0,AWAKE
0.2647,0.0,0.0,AWAKE
0.2772,0.0,0.0,AWAKE
0.2818,0.0,0.0,AWAKE
0.2681,0.0,0.0,AWAKE
0.2724,0.0,0.0,AWAKE
0.2499,0.0,0.0,AWAKE
0.2718,0.0,0.0,AWAKE
0.2666,0.0,0.0,AWAKE
0.2748,0.0,0.0,AWAKE
0.2765,0.0,0.0,AWAKE
0.2671,0.0211,0.0,AWAKE
0.276,0.0149,0.0,AWAKE
0.2788,0.0,0.0,AWAKE
0.2735,0.0,0.0,AWAKE
0.2686,0.0,0.0,AWAKE
0.2645,0.0,0.0,AWAKE
0.2769,0.0,0.0,AWAKE
0.2681,0.0,0.0,AWAKE
0.2594,0.0151,0.0,AWAKE
0.2557,0.0151,0.0,AWAKE
0.2628,0.0,0.0,AWAKE
0.2577,0.0151,0.0,AWAKE
0.2519,0.0,0.0,AWAKE
0.2506,0.0154,0.0,AWAKE
0.2621,0.0,0.0,AWAKE
0.2592,0.0156,0.0,AWAKE
0.2607,0.0,0.0,AWAKE
0.2734,0.0,0.0,AWAKE
0.2709,0.0,0.0,AWAKE
0.2705,0.0,0.0,AWAKE
0.2564,0.0,0.0,AWAKE
0.26,0.0,0.0,AWAKE
0.2601,0.0,0.0,AWAKE
0.26,0.0151,0.0,AWAKE
0.2625,0.0,0.0,AWAKE
0.2424,0.0154,0.0,AWAKE
0.2574,0.0,0.0,AWAKE
0.2589,0.0,0.0,AWAKE
0.2589,0.0,0.0,AWAKE
0.2681,0.0,0.0,AWAKE
0.2655,0.0,0.0,AWAKE
0.2702,0.0149,0.0,AWAKE
0.2703,0.0,0.0,AWAKE
0.264,0.0,0.0,AWAKE
0.2541,0.0,0.0,AWAKE
0.2567,0.0,0.0,AWAKE
0.2575,0.0,0.0,AWAKE
0.2565,0.0,0.0,AWAKE
0.265,0.0,0.0,AWAKE
0.2554,0.0147,0.0,AWAKE
0.2653,0.0,0.0,AWAKE
0.2558,0.0151,0.0,AWAKE
0.2654,0.0,0.0,AWAKE
0.2666,0.0,0.0,AWAKE
0.2667,0.0151,0.0,AWAKE
0.2687,0.0,0.0,AWAKE
0.264,0.0,0.0,AWAKE
0.2648,0.0151,0.0,AWAKE
0.2582,0.0149,0.0,AWAKE
0.2536,0.0149,0.0,AWAKE
0.2569,0.0,0.0,AWAKE
0.2582,0.0,0.0,AWAKE
0.2514,0.0,0.0,AWAKE
0.2528,0.0,0.0,AWAKE
0.2542,0.0,0.0,AWAKE
0.2447,0.0,0.0,AWAKE
0.2636,0.0,0.0,AWAKE
0.2526,0.0,0.0,AWAKE
0.2457,0.0,0.0,AWAKE
0.2512,0.0,0.0,AWAKE
0.2629,0.0,0.0,AWAKE
0.2505,0.0,0.0,AWAKE
0.2548,0.0149,0.0,AWAKE
0.2431,0.0,0.0,AWAKE
0.2623,0.0,0.0,AWAKE
0.2563,0.0,0.0,AWAKE
0.2615,0.0,0.0,AWAKE
0.2548,0.0149,0.0,AWAKE
0.2688,0.0,0.0,AWAKE
0.2689,0.0149,0.0,AWAKE
0.2584,0.0151,0.0,AWAKE
0.2433,0.0151,0.0,AWAKE
0.2611,0.0,0.0,AWAKE
0.2528,0.0,0.0,AWAKE
0.2545,0.0149,0.0,AWAKE
0.2581,0.0,0.0,AWAKE
0.2502,0.0147,0.0,AWAKE
0.2443,0.0,0.0,AWAKE
0.2584,0.0,0.0,AWAKE
0.2562,0.0,0.0,AWAKE
0.261,0.0,0.0,AWAKE
0.2577,0.0,0.0,AWAKE
0.2472,0.0,0.0,AWAKE
0.2611,0.0,0.0,AWAKE
0.252,0.0,0.0,AWAKE
0.2526,0.0,0.0,AWAKE
0.2474,0.0,0.0,AWAKE
0.2539,0.0,0.0,AWAKE
0.2412,0.0,0.0,AWAKE
0.2656,0.0147,0.0,AWAKE
0.2533,0.0,0.0,AWAKE
0.2472,0.0149,0.0,AWAKE
0.238,0.0,0.0,AWAKE
0.241,0.0,0.0,AWAKE
0.2479,0.0,0.0,AWAKE
0.2603,0.0,0.0,AWAKE
0.2547,0.0,0.0,AWAKE
0.25,0.0145,0.0,AWAKE
0.2499,0.0,0.0,AWAKE
0.2592,0.0,0.0,AWAKE
0.2679,0.0147,0.0,AWAKE
0.2473,0.0145,0.0,AWAKE
0.2539,0.0139,0.0,AWAKE
0.251,0.0,0.0,AWAKE
0.2453,0.0,0.0,AWAKE
0.2526,0.0,0.0,AWAKE
0.2685,0.0145,0.0,AWAKE
0.257,0.0,0.0,AWAKE
0.2557,0.0,0.0,AWAKE
0.2451,0.0,0.0,AWAKE
0.2607,0.0143,0.0,AWAKE
0.2668,0.0,0.0,AWAKE
0.2698,0.0,0.0,AWAKE
0.2597,0.0,0.0,AWAKE
0.2521,0.0,0.0,AWAKE
0.2652,0.0199,0.0,AWAKE
0.2631,0.0,0.0,AWAKE
0.2687,0.0139,0.0,AWAKE
0.2814,0.0135,0.0,AWAKE
0.2663,0.0135,0.0,AWAKE
0.2482,0.0135,0.0,AWAKE
0.2463,0.0,0.0,AWAKE
0.2658,0.0,0.0,AWAKE
0.2666,0.0133,0.0,AWAKE
0.2643,0.0,0.0,AWAKE
0.2674,0.0,0.0,AWAKE
0.2614,0.0131,0.0,AWAKE
0.2573,0.0133,0.0,AWAKE
0.2617,0.0133,0.0,AWAKE
0.2677,0.0135,0.0,AWAKE
0.2568,0.0137,0.0,AWAKE
0.269,0.0141,0.0,AWAKE
0.2722,0.0137,0.0,AWAKE
0.2902,0.0139,0.0,AWAKE
0.262,0.0143,0.0,AWAKE
0.2557,0.0,0.0,AWAKE
0.2609,0.0202,0.0,AWAKE
0.2547,0.0143,0.0,AWAKE
0.2673,0.0,0.0,AWAKE
0.261,0.0141,0.0,AWAKE
0.2637,0.0143,0.0,AWAKE
0.2692,0.0329,0.0,AWAKE
0.2598,0.0,0.0,AWAKE
0.2677,0.0151,0.0,AWAKE
0.2539,0.0,0.0,AWAKE
0.2485,0.0151,0.0,AWAKE
0.2199,0.0,0.0,AWAKE
0.2113,0.0,0.0,AWAKE
0.23,0.0,0.0,AWAKE
0.2343,0.0,0.0,AWAKE
0.2293,0.0151,0.0,AWAKE
0.224,0.0156,0.0,AWAKE
0.2112,0.0154,0.0,AWAKE
0.2312,0.0159,0.0,AWAKE
0.2243,0.0,0.0,AWAKE
0.2069,0.0161,0.0,AWAKE
0.2278,0.0,0.0,AWAKE
0.2128,0.0,0.0,AWAKE
0.2099,0.0159,0.0,AWAKE
0.209,0.0,0.0,AWAKE
0.2335,0.0,0.0,AWAKE
0.2282,0.0,0.0,AWAKE
0.2304,0.0166,0.0,AWAKE
0.2358,0.0,0.0,AWAKE
0.198,0.0166,0.0,AWAKE
0.2166,0.0,0.0,AWAKE
0.2571,0.0,0.0,AWAKE
0.2695,0.0164,0.0,AWAKE
0.2464,0.0,0.0,AWAKE
0.3057,0.0,0.0,AWAKE
0.2756,0.0,0.0,AWAKE
0.2755,0.0333,0.0,AWAKE
0.2743,0.0159,0.0,AWAKE
0.2587,0.0,0.0,AWAKE
0.2646,0.0,0.0,AWAKE
0.2579,0.0,0.0,AWAKE
0.2508,0.0,0.0,AWAKE
0.2651,0.0,0.0,AWAKE
0.2835,0.0,0.0,AWAKE
0.2651,0.0161,0.0,AWAKE
0.2757,0.0224,0.0,AWAKE
0.2744,0.0,0.0,AWAKE
0.2802,0.0,0.0,AWAKE
0.2726,0.0,0.0,AWAKE
0.2861,0.0164,0.0,AWAKE
0.2785,0.0,0.0,AWAKE
0.2709,0.0159,0.0,AWAKE
0.2737,0.0161,0.0,AWAKE
0.2754,0.0,0.0,AWAKE
0.2851,0.0,0.0,AWAKE
0.2595,0.0,0.0,AWAKE
0.0992,0.0224,0.0,AWAKE
0.1371,0.0159,0.0,AWAKE
0.2056,0.0,0.0,AWAKE
0.2383,0.0159,0.0,AWAKE
0.26,0.0156,0.0,AWAKE
0.2561,0.0,0.0,AWAKE
0.2587,0.0159,0.0,AWAKE
0.2786,0.0161,0.0,AWAKE
0.2757,0.0,0.0,AWAKE
0.2634,0.0156,0.0,AWAKE
0.2714,0.0151,0.0,AWAKE
0.2781,0.0,0.0,AWAKE
0.2839,0.0308,0.0,AWAKE
0.2753,0.0151,0.0,AWAKE
0.2815,0.0,0.0,AWAKE
0.2864,0.0,0.0,AWAKE
0.2748,0.0,0.0,AWAKE
0.292,0.0208,0.0,AWAKE
0.3015,0.0,0.0,AWAKE
0.2943,0.0,0.0,AWAKE
0.2882,0.0,0.0,AWAKE
0.2707,0.0,0.0,AWAKE
0.2627,0.0,0.0,AWAKE
0.2681,0.0298,0.0,AWAKE
0.2724,0.0,0.0,AWAKE
0.2746,0.0,0.0,AWAKE
0.2787,0.0,0.0,AWAKE
0.2638,0.0,0.0,AWAKE
0.2691,0.0,0.0,AWAKE
0.2852,0.0,0.0,AWAKE
0.2764,0.0,0.0,AWAKE
0.2804,0.0,0.0,AWAKE
0.2682,0.0147,0.0,AWAKE
0.2653,0.0,0.0,AWAKE
0.2647,0.0,0.0,AWAKE
0.2733,0.0149,0.0,AWAKE
0.2716,0.0,0.0,AWAKE
0.2764,0.0,0.0,AWAKE
0.2837,0.0149,0.0,AWAKE
0.2832,0.0149,0.0,AWAKE
0.2742,0.0149,0.0,AWAKE
0.2567,0.0147,0.0,AWAKE
0.2474,0.0208,0.0,AWAKE
0.2627,0.0145,0.0,AWAKE
0.2516,0.0,0.0,AWAKE
0.2526,0.0147,0.0,AWAKE
0.2711,0.0,0.0,AWAKE
0.2793,0.0147,0.0,AWAKE
0.2545,0.0147,0.0,AWAKE
0.2836,0.0,0.0,AWAKE
0.2684,0.0,0.0,AWAKE
0.2649,0.0,0.0,AWAKE
0.2667,0.0,0.0,AWAKE
0.2654,0.0,0.0,AWAKE
0.2667,0.0145,0.0,AWAKE
0.2605,0.0,0.0,AWAKE
0.2653,0.0,0.0,AWAKE
0.2698,0.0145,0.0,AWAKE
0.2625,0.0145,0.0,AWAKE
0.2597,0.0,0.0,AWAKE
0.2733,0.0,0.0,AWAKE
0.274,0.0145,0.0,AWAKE
0.2662,0.0,0.0,AWAKE
0.273,0.0,0.0,AWAKE
0.2641,0.0,0.0,AWAKE
0.2696,0.0149,0.0,AWAKE
0.2659,0.0,0.0,AWAKE
0.2687,0.0149,0.0,AWAKE
0.2453,0.0,0.0,AWAKE
0.2743,0.0147,0.0,AWAKE
0.2571,0.0,0.0,AWAKE
0.2645,0.0,0.0,AWAKE
0.2695,0.0,0.0,AWAKE
0.2743,0.0147,0.0,AWAKE
0.2762,0.0205,0.0,AWAKE
0.2719,0.0145,0.0,AWAKE
0.277,0.0147,0.0,AWAKE
0.2642,0.0435,0.0,AWAKE
0.2685,0.0149,0.0,AWAKE
0.2648,0.0294,0.0,AWAKE
0.2744,0.0145,0.0,AWAKE
0.279,0.0145,0.0,AWAKE
0.2649,0.0,0.0,AWAKE
0.2589,0.0147,0.0,AWAKE
0.2739,0.0147,0.0,AWAKE
0.2612,0.0147,0.0,AWAKE
0.2707,0.0,0.0,AWAKE
0.2721,0.0145,0.0,AWAKE
0.2711,0.0,0.0,AWAKE
0.2677,0.0147,0.0,AWAKE
0.279,0.0,0.0,AWAKE
0.273,0.0,0.0,AWAKE
0.2595,0.0,0.0,AWAKE
0.2624,0.0147,0.0,AWAKE
0.2639,0.0211,0.0,AWAKE
0.2736,0.0,0.0,AWAKE
0.2685,0.0,0.0,AWAKE
0.2608,0.0,0.0,AWAKE
0.2566,0.0,0.0,AWAKE
0.2603,0.0,0.0,AWAKE
0.2567,0.0,0.0,AWAKE
0.2641,0.0,0.0,AWAKE
0.2649,0.0,0.0,AWAKE
0.2613,0.0,0.0,AWAKE
0.2609,0.0,0.0,AWAKE
0.261,0.0137,0.0,AWAKE
0.2655,0.0139,0.0,AWAKE
0.273,0.0,0.0,AWAKE
0.2822,0.0,0.0,AWAKE
0.2866,0.0135,0.0,AWAKE
0.2928,0.0,0.0,AWAKE
0.2849,0.0131,0.0,AWAKE
0.2821,0.0,0.0,AWAKE
0.2781,0.0,0.0,AWAKE
0.2772,0.0,0.0,AWAKE
0.2951,0.0,0.0,AWAKE
0.2808,0.0,0.0,AWAKE
0.2778,0.0122,0.0,AWAKE
0.2747,0.0,0.0,AWAKE
0.273,0.0,0.0,AWAKE
0.2854,0.0,0.0,AWAKE
0.2737,0.0,0.0,AWAKE
0.2876,0.0,0.0,AWAKE
0.2828,0.0,0.0,AWAKE
0.2816,0.0,0.0,AWAKE
0.2736,0.0,0.0,AWAKE
0.2725,0.0,0.0,AWAKE
0.2766,0.0114,0.0,AWAKE
0.2851,0.0,0.0,AWAKE
0.2757,0.0,0.0,AWAKE
0.2831,0.0114,0.0,AWAKE
0.2724,0.0,0.0,AWAKE
0.267,0.0112,0.0,AWAKE
0.2709,0.0,0.0,AWAKE
0.2748,0.0112,0.0,AWAKE
0.2633,0.0112,0.0,AWAKE
0.269,0.0,0.0,AWAKE
0.2798,0.0,0.0,AWAKE
0.2675,0.0,0.0,AWAKE
0.2719,0.0,0.0,AWAKE
0.2802,0.0,0.0,AWAKE
0.276,0.0,0.0,AWAKE
0.2827,0.0,0.0,AWAKE
0.2832,0.0,0.0,AWAKE
0.2635,0.0,0.0,AWAKE
0.2841,0.0112,0.0,AWAKE
0.2755,0.0113,0.0,AWAKE
0.2778,0.0,0.0,AWAKE
0.2754,0.0,0.0,AWAKE
0.2763,0.0113,0.0,AWAKE
0.2774,0.0111,0.0,AWAKE
0.2775,0.0113,0.0,AWAKE
0.2761,0.0113,0.0,AWAKE
0.272,0.0,0.0,AWAKE
0.2723,0.0,0.0,AWAKE
0.278,0.0112,0.0,AWAKE
0.2701,0.0111,0.0,AWAKE
0.2716,0.0113,0.0,AWAKE
0.2706,0.0,0.0,AWAKE
0.2676,0.0,0.0,AWAKE
0.27,0.0112,0.0,AWAKE
0.2549,0.0155,0.0,AWAKE
0.2649,0.0,0.0,AWAKE
0.2554,0.0,0.0,AWAKE
0.2691,0.0111,0.0,AWAKE
0.269,0.0,0.0,AWAKE
0.2688,0.0,0.0,AWAKE
0.2754,0.0113,0.0,AWAKE
0.2651,0.0,0.0,AWAKE
0.2797,0.0113,0.0,AWAKE
0.2758,0.0113,0.0,AWAKE
0.2788,0.0113,0.0,AWAKE
0.2774,0.0113,0.0,AWAKE
0.2775,0.0111,0.0,AWAKE
0.2671,0.0112,0.0,AWAKE
0.2645,0.0111,0.0,AWAKE
0.2668,0.0,0.0,AWAKE
0.2615,0.0113,0.0,AWAKE
0.269,0.0,0.0,AWAKE
0.2738,0.0,0.0,AWAKE
0.2616,0.0,0.0,AWAKE
0.26,0.0112,0.0,AWAKE
0.27,0.0,0.0,AWAKE
0.2756,0.0,0.0,AWAKE
0.2763,0.0,0.0,AWAKE
0.283,0.0113,0.0,AWAKE
0.2701,0.0,0.0,AWAKE
0.2623,0.0,0.0,AWAKE
0.2643,0.0,0.0,AWAKE
0.2718,0.0,0.0,AWAKE
0.2594,0.0,0.0,AWAKE
0.2639,0.0,0.0,AWAKE
0.2638,0.0,0.0,AWAKE
0.2764,0.0113,0.0,AWAKE
0.2744,0.011,0.0,AWAKE
0.2728,0.0113,0.0,AWAKE
0.2692,0.0,0.0,AWAKE
0.2746,0.0,0.0,AWAKE
0.272,0.0113,0.0,AWAKE
0.2729,0.0111,0.0,AWAKE
0.0693,0.0,0.0,EYE_CLOSED
0.0747,0.0154,0.0,EYE_CLOSED
0.0862,0.0221,0.0,EYE_CLOSED
0.0658,0.0154,0.0,EYE_CLOSED
0.0763,0.0,0.0,EYE_CLOSED
0.0859,0.0,0.0,EYE_CLOSED
0.0706,0.0,0.0,EYE_CLOSED
0.0975,0.0,0.0,EYE_CLOSED
0.0919,0.0154,0.0,EYE_CLOSED
0.0944,0.0,0.0,EYE_CLOSED
0.0827,0.0,0.0,EYE_CLOSED
0.0961,0.0,0.0,EYE_CLOSED
0.0929,0.0,0.0,EYE_CLOSED
0.0826,0.0,0.0,EYE_CLOSED
0.0877,0.0,0.0,EYE_CLOSED
0.0811,0.0,0.0,EYE_CLOSED
0.0915,0.0,0.0,EYE_CLOSED
0.0962,0.0,0.0,EYE_CLOSED
0.1008,0.0154,0.0,EYE_CLOSED
0.0857,0.0156,0.0,EYE_CLOSED
0.095,0.0,0.0,EYE_CLOSED
0.095,0.0,0.0,EYE_CLOSED
0.1192,0.0,0.0,EYE_CLOSED
0.0886,0.0,0.0,EYE_CLOSED
0.0924,0.0,0.0,EYE_CLOSED
0.09,0.0,0.0,EYE_CLOSED
0.1169,0.0,0.0,EYE_CLOSED
0.1075,0.0,0.0,EYE_CLOSED
0.0905,0.0,0.0,EYE_CLOSED
0.0909,0.0,0.0,EYE_CLOSED
0.0912,0.0,0.0,EYE_CLOSED
0.0905,0.0,0.0,EYE_CLOSED
0.0877,0.0,0.0,EYE_CLOSED
0.0918,0.0,0.0,EYE_CLOSED
0.1004,0.0,0.0,EYE_CLOSED
0.1088,0.0,0.0,EYE_CLOSED
0.0974,0.0,0.0,EYE_CLOSED
0.0966,0.0,0.0,EYE_CLOSED
0.1002,0.0,0.0,EYE_CLOSED
0.0877,0.0,0.0,EYE_CLOSED
0.0996,0.0,0.0,EYE_CLOSED
0.128,0.0154,0.0,EYE_CLOSED
0.0845,0.0151,0.0,EYE_CLOSED
0.0974,0.0,0.0,EYE_CLOSED
0.0847,0.0,0.0,EYE_CLOSED
0.0918,0.0,0.0,EYE_CLOSED
0.0991,0.0,0.0,EYE_CLOSED
0.0781,0.0,0.0,EYE_CLOSED
0.0839,0.0156,0.0,EYE_CLOSED
0.074,0.0,0.0,EYE_CLOSED
0.0747,0.0,0.0,EYE_CLOSED
0.0921,0.0156,0.0,EYE_CLOSED
0.0877,0.0,0.0,EYE_CLOSED
0.1004,0.0,0.0,EYE_CLOSED
0.0664,0.0,0.0,EYE_CLOSED
0.0975,0.0,0.0,EYE_CLOSED
0.1024,0.0156,0.0,EYE_CLOSED
0.113,0.0156,0.0,EYE_CLOSED
0.1153,0.0156,0.0,EYE_CLOSED
0.1156,0.0,0.0,EYE_CLOSED
0.1064,0.0,0.0,EYE_CLOSED
0.0976,0.0159,0.0,EYE_CLOSED
0.0889,0.0,0.0,EYE_CLOSED
0.0917,0.0,0.0,EYE_CLOSED
0.0755,0.0,0.0,EYE_CLOSED
0.085,0.0156,0.0,EYE_CLOSED
0.0849,0.0,0.0,EYE_CLOSED
0.0804,0.0,0.0,EYE_CLOSED
0.1014,0.0,0.0,EYE_CLOSED
0.1045,0.0,0.0,EYE_CLOSED
0.0796,0.0156,0.0,EYE_CLOSED
0.0778,0.0,0.0,EYE_CLOSED
0.093,0.0,0.0,EYE_CLOSED
0.0895,0.0,0.0,EYE_CLOSED
0.1072,0.0,0.0,EYE_CLOSED
0.0828,0.0,0.0,EYE_CLOSED
0.0788,0.0156,0.0,EYE_CLOSED
0.088,0.0,0.0,EYE_CLOSED
0.0808,0.0,0.0,EYE_CLOSED
0.0819,0.0,0.0,EYE_CLOSED
0.0686,0.0156,0.0,EYE_CLOSED
0.0869,0.0,0.0,EYE_CLOSED
0.0819,0.0,0.0,EYE_CLOSED
0.0988,0.0,0.0,EYE_CLOSED
0.096,0.0,0.0,EYE_CLOSED
0.0966,0.0,0.0,EYE_CLOSED
0.096,0.0159,0.0,EYE_CLOSED
0.0889,0.0159,0.0,EYE_CLOSED
0.0848,0.0159,0.0,EYE_CLOSED
0.0807,0.0156,0.0,EYE_CLOSED
0.0987,0.0,0.0,EYE_CLOSED
0.1126,0.0,0.0,EYE_CLOSED
0.0883,0.0154,0.0,EYE_CLOSED
0.0699,0.0154,0.0,EYE_CLOSED
0.0821,0.0156,0.0,EYE_CLOSED
0.0866,0.0,0.0,EYE_CLOSED
0.0821,0.0,0.0,EYE_CLOSED
0.0878,0.0,0.0,EYE_CLOSED
0.0975,0.0,0.0,EYE_CLOSED
0.0966,0.0,0.0,EYE_CLOSED
0.0841,0.0,0.0,EYE_CLOSED
0.087,0.0159,0.0,EYE_CLOSED
0.0817,0.0,0.0,EYE_CLOSED
0.0775,0.0159,0.0,EYE_CLOSED
0.0838,0.0161,0.0,EYE_CLOSED
0.0882,0.0,0.0,EYE_CLOSED
0.0827,0.0,0.0,EYE_CLOSED
0.1008,0.0,0.0,EYE_CLOSED
0.0902,0.0,0.0,EYE_CLOSED
0.0982,0.0,0.0,EYE_CLOSED
0.0955,0.0,0.0,EYE_CLOSED
0.1007,0.0154,0.0,EYE_CLOSED
0.1004,0.0,0.0,EYE_CLOSED
0.0995,0.0154,0.0,EYE_CLOSED
0.0889,0.0,0.0,EYE_CLOSED
0.0896,0.0,0.0,EYE_CLOSED
0.0884,0.0,0.0,EYE_CLOSED
0.0871,0.0,0.0,EYE_CLOSED
0.0901,0.0156,0.0,EYE_CLOSED
0.082,0.0,0.0,EYE_CLOSED
0.0919,0.0,0.0,EYE_CLOSED
0.0573,0.0,0.0,EYE_CLOSED
0.0702,0.0156,0.0,EYE_CLOSED
0.0687,0.0156,0.0,EYE_CLOSED
0.0853,0.0,0.0,EYE_CLOSED
0.0808,0.0,0.0,EYE_CLOSED
0.0876,0.0,0.0,EYE_CLOSED
0.0816,0.0,0.0,EYE_CLOSED
0.0781,0.0,0.0,EYE_CLOSED
0.0898,0.0,0.0,EYE_CLOSED
0.0933,0.0159,0.0,EYE_CLOSED
0.0796,0.0,0.0,EYE_CLOSED
0.094,0.0161,0.0,EYE_CLOSED
0.0778,0.0,0.0,EYE_CLOSED
0.095,0.0,0.0,EYE_CLOSED
0.1015,0.0228,0.0,EYE_CLOSED
0.1079,0.0161,0.0,EYE_CLOSED
0.0953,0.0,0.0,EYE_CLOSED
0.1059,0.0156,0.0,EYE_CLOSED
0.0788,0.0,0.0,EYE_CLOSED
0.0877,0.0,0.0,EYE_CLOSED
0.0834,0.0156,0.0,EYE_CLOSED
0.0977,0.0159,0.0,EYE_CLOSED
0.0704,0.0,0.0,EYE_CLOSED
0.0765,0.0,0.0,EYE_CLOSED
0.087,0.0,0.0,EYE_CLOSED
0.086,0.0159,0.0,EYE_CLOSED
0.0828,0.0161,0.0,EYE_CLOSED
0.0862,0.0,0.0,EYE_CLOSED
0.0696,0.0,0.0,EYE_CLOSED
0.0766,0.0159,0.0,EYE_CLOSED
0.0825,0.0,0.0,EYE_CLOSED
0.0884,0.0224,0.0,EYE_CLOSED
0.1077,0.0,0.0,EYE_CLOSED
0.0917,0.0161,0.0,EYE_CLOSED
0.096,0.0,0.0,EYE_CLOSED
0.0843,0.0159,0.0,EYE_CLOSED
0.0856,0.0161,0.0,EYE_CLOSED
0.0919,0.0,0.0,EYE_CLOSED
0.0907,0.0,0.0,EYE_CLOSED
0.0861,0.0,0.0,EYE_CLOSED
0.0921,0.0,0.0,EYE_CLOSED
0.0951,0.0,0.0,EYE_CLOSED
0.0791,0.0,0.0,EYE_CLOSED
0.0758,0.0,0.0,EYE_CLOSED
0.0854,0.0,0.0,EYE_CLOSED
0.0758,0.0,0.0,EYE_CLOSED
0.0864,0.0,0.0,EYE_CLOSED
0.0649,0.0,0.0,EYE_CLOSED
0.0795,0.0,0.0,EYE_CLOSED
0.0589,0.0,0.0,EYE_CLOSED
0.0933,0.0,0.0,EYE_CLOSED
0.1052,0.0159,0.0,EYE_CLOSED
0.0948,0.0228,0.0,EYE_CLOSED
0.0767,0.0,0.0,EYE_CLOSED
0.0849,0.0221,0.0,EYE_CLOSED
0.0798,0.0159,0.0,EYE_CLOSED
0.0641,0.0156,0.0,EYE_CLOSED
0.0796,0.0,0.0,EYE_CLOSED
0.0727,0.0,0.0,EYE_CLOSED
0.0761,0.0159,0.0,EYE_CLOSED
0.101,0.0,0.0,EYE_CLOSED
0.0987,0.0,0.0,EYE_CLOSED
0.0866,0.0,0.0,EYE_CLOSED
0.0795,0.0,0.0,EYE_CLOSED
0.1103,0.0,0.0,EYE_CLOSED
0.0751,0.0,0.0,EYE_CLOSED
0.0789,0.0,0.0,EYE_CLOSED
0.0895,0.0159,0.0,EYE_CLOSED
0.0857,0.0,0.0,EYE_CLOSED
0.076,0.0,0.0,EYE_CLOSED
0.1081,0.0,0.0,EYE_CLOSED
0.1011,0.0,0.0,EYE_CLOSED
0.1003,0.0161,0.0,EYE_CLOSED
0.096,0.0,0.0,EYE_CLOSED
0.0827,0.0159,0.0,EYE_CLOSED
0.0727,0.0,0.0,EYE_CLOSED
0.0875,0.0159,0.0,EYE_CLOSED
0.0776,0.0,0.0,EYE_CLOSED
0.1011,0.0,0.0,EYE_CLOSED
0.0919,0.0,0.0,EYE_CLOSED
0.1132,0.0159,0.0,EYE_CLOSED
0.1386,0.0,0.0,EYE_CLOSED
0.1172,0.0,0.0,EYE_CLOSED
0.0965,0.0159,0.0,EYE_CLOSED
0.0931,0.0159,0.0,EYE_CLOSED
0.0939,0.0,0.0,EYE_CLOSED
0.0902,0.0,0.0,EYE_CLOSED
0.0686,0.0,0.0,EYE_CLOSED
0.0687,0.0,0.0,EYE_CLOSED
0.0702,0.0,0.0,EYE_CLOSED
0.0928,0.0161,0.0,EYE_CLOSED
0.0737,0.0,0.0,EYE_CLOSED
0.0781,0.0159,0.0,EYE_CLOSED
0.0644,0.0159,0.0,EYE_CLOSED
0.0812,0.0,0.0,EYE_CLOSED
0.0901,0.0,0.0,EYE_CLOSED
0.0766,0.0,0.0,EYE_CLOSED
0.0965,0.0,0.0,EYE_CLOSED
0.0916,0.0159,0.0,EYE_CLOSED
0.0876,0.0156,0.0,EYE_CLOSED
0.0816,0.0161,0.0,EYE_CLOSED
0.0809,0.0,0.0,EYE_CLOSED
0.0876,0.0,0.0,EYE_CLOSED
0.0907,0.0224,0.0,EYE_CLOSED
0.0984,0.0228,0.0,EYE_CLOSED
0.0818,0.0228,0.0,EYE_CLOSED
0.0912,0.0161,0.0,EYE_CLOSED
0.1107,0.0161,0.0,EYE_CLOSED
0.0951,0.0,0.0,EYE_CLOSED
0.0923,0.0224,0.0,EYE_CLOSED
0.1219,0.0156,0.0,EYE_CLOSED
0.1029,0.0159,0.0,EYE_CLOSED
0.0997,0.0159,0.0,EYE_CLOSED
0.1124,0.0159,0.0,EYE_CLOSED
0.1072,0.0,0.0,EYE_CLOSED
0.0922,0.0159,0.0,EYE_CLOSED
0.1042,0.0156,0.0,EYE_CLOSED
0.1035,0.0159,0.0,EYE_CLOSED
0.0858,0.0159,0.0,EYE_CLOSED
0.0987,0.0,0.0,EYE_CLOSED
0.0924,0.0,0.0,EYE_CLOSED
0.0999,0.0,0.0,EYE_CLOSED
0.1311,0.0,0.0,EYE_CLOSED
0.1029,0.0,0.0,EYE_CLOSED
0.1004,0.0,0.0,EYE_CLOSED
0.0953,0.0,0.0,EYE_CLOSED
0.1006,0.0,0.0,EYE_CLOSED
0.0709,0.0159,0.0,EYE_CLOSED
0.0804,0.0,0.0,EYE_CLOSED
0.1,0.0,0.0,EYE_CLOSED
0.0816,0.0161,0.0,EYE_CLOSED
0.0758,0.0,0.0,EYE_CLOSED
0.076,0.0,0.0,EYE_CLOSED
0.0839,0.0164,0.0,EYE_CLOSED
0.074,0.0,0.0,EYE_CLOSED
0.0687,0.0,0.0,EYE_CLOSED
0.085,0.0,0.0,EYE_CLOSED
0.0843,0.0,0.0,EYE_CLOSED
0.0885,0.0161,0.0,EYE_CLOSED
0.0747,0.0159,0.0,EYE_CLOSED
0.0641,0.0,0.0,EYE_CLOSED
0.0658,0.0159,0.0,EYE_CLOSED
0.0701,0.0,0.0,EYE_CLOSED
0.074,0.0159,0.0,EYE_CLOSED
0.0748,0.0161,0.0,EYE_CLOSED
0.0954,0.0,0.0,EYE_CLOSED
0.087,0.0,0.0,EYE_CLOSED
0.0839,0.0,0.0,EYE_CLOSED
0.0762,0.0164,0.0,EYE_CLOSED
0.0841,0.0164,0.0,EYE_CLOSED
0.0931,0.0,0.0,EYE_CLOSED
0.0867,0.0,0.0,EYE_CLOSED
0.1105,0.0,0.0,EYE_CLOSED
0.085,0.0161,0.0,EYE_CLOSED
0.0929,0.0,0.0,EYE_CLOSED
0.0926,0.0161,0.0,EYE_CLOSED
0.0866,0.0,0.0,EYE_CLOSED
0.1088,0.0,0.0,EYE_CLOSED
0.0727,0.0161,0.0,EYE_CLOSED
0.0639,0.0161,0.0,EYE_CLOSED
0.0515,0.0161,0.0,EYE_CLOSED
0.051,0.0,0.0,EYE_CLOSED
0.0571,0.0,0.0,EYE_CLOSED
0.052,0.0,0.0,EYE_CLOSED
0.0761,0.0,0.0,EYE_CLOSED
0.0611,0.0,0.0,EYE_CLOSED
0.0674,0.0159,0.0,EYE_CLOSED
0.0626,0.0,0.0,EYE_CLOSED
0.0738,0.0159,0.0,EYE_CLOSED
0.0714,0.0159,0.0,EYE_CLOSED
0.0574,0.0,0.0,EYE_CLOSED
0.0747,0.0,0.0,EYE_CLOSED
0.0762,0.0,0.0,EYE_CLOSED
0.0713,0.0,0.0,EYE_CLOSED
0.0683,0.0,0.0,EYE_CLOSED
0.0619,0.0159,0.0,EYE_CLOSED
0.0656,0.0,0.0,EYE_CLOSED
0.0636,0.0,0.0,EYE_CLOSED
0.0689,0.0159,0.0,EYE_CLOSED
0.0789,0.0161,0.0,EYE_CLOSED
0.0841,0.0161,0.0,EYE_CLOSED
0.0843,0.0,0.0,EYE_CLOSED
0.0807,0.0,0.0,EYE_CLOSED
0.0751,0.0161,0.0,EYE_CLOSED
0.0735,0.0,0.0,EYE_CLOSED
0.0708,0.0,0.0,EYE_CLOSED
0.0605,0.0,0.0,EYE_CLOSED
0.061,0.0,0.0,EYE_CLOSED
0.0839,0.0,0.0,EYE_CLOSED
0.0668,0.0161,0.0,EYE_CLOSED
0.0596,0.0228,0.0,EYE_CLOSED
0.0676,0.0,0.0,EYE_CLOSED
0.0619,0.0,0.0,EYE_CLOSED
0.0755,0.0,0.0,EYE_CLOSED
0.058,0.0,0.0,EYE_CLOSED
0.068,0.0,0.0,EYE_CLOSED
0.0583,0.0,0.0,EYE_CLOSED
0.0695,0.0,0.0,EYE_CLOSED
0.0692,0.0161,0.0,EYE_CLOSED
0.0702,0.0159,0.0,EYE_CLOSED
0.0684,0.0161,0.0,EYE_CLOSED
0.0664,0.0228,0.0,EYE_CLOSED
0.0729,0.0,0.0,EYE_CLOSED
0.0726,0.0,0.0,EYE_CLOSED
0.0665,0.0,0.0,EYE_CLOSED
0.0803,0.0161,0.0,EYE_CLOSED
0.0799,0.0159,0.0,EYE_CLOSED
0.079,0.0,0.0,EYE_CLOSED
0.0947,0.0161,0.0,EYE_CLOSED
0.0878,0.0161,0.0,EYE_CLOSED
0.0883,0.0161,0.0,EYE_CLOSED
0.0658,0.0161,0.0,EYE_CLOSED
0.0651,0.0,0.0,EYE_CLOSED
0.0803,0.0,0.0,EYE_CLOSED
0.0849,0.0159,0.0,EYE_CLOSED
0.0907,0.0,0.0,EYE_CLOSED
0.0841,0.0156,0.0,EYE_CLOSED
0.0873,0.0,0.0,EYE_CLOSED
0.0885,0.0,0.0,EYE_CLOSED
0.08,0.0,0.0,EYE_CLOSED
0.0695,0.0,0.0,EYE_CLOSED
0.0851,0.0161,0.0,EYE_CLOSED
0.0787,0.0159,0.0,EYE_CLOSED
0.0807,0.0,0.0,EYE_CLOSED
0.0806,0.0,0.0,EYE_CLOSED
0.0867,0.0,0.0,EYE_CLOSED
0.0755,0.0,0.0,EYE_CLOSED
0.074,0.0161,0.0,EYE_CLOSED
0.0757,0.0161,0.0,EYE_CLOSED
0.0817,0.0,0.0,EYE_CLOSED
0.0794,0.0,0.0,EYE_CLOSED
0.061,0.0159,0.0,EYE_CLOSED
0.0791,0.0161,0.0,EYE_CLOSED
0.0749,0.0161,0.0,EYE_CLOSED
0.0634,0.0,0.0,EYE_CLOSED
0.0509,0.0,0.0,EYE_CLOSED
0.068,0.0,0.0,EYE_CLOSED
0.0602,0.0,0.0,EYE_CLOSED
0.0739,0.0,0.0,EYE_CLOSED
0.0791,0.0161,0.0,EYE_CLOSED
0.075,0.0228,0.0,EYE_CLOSED
0.0789,0.0164,0.0,EYE_CLOSED
0.0787,0.0161,0.0,EYE_CLOSED
0.0768,0.0161,0.0,EYE_CLOSED
0.0694,0.0161,0.0,EYE_CLOSED
0.0745,0.0161,0.0,EYE_CLOSED
0.0636,0.0,0.0,EYE_CLOSED
0.0611,0.0,0.0,EYE_CLOSED
0.0672,0.0159,0.0,EYE_CLOSED
0.086,0.0,0.0,EYE_CLOSED
0.0767,0.0,0.0,EYE_CLOSED
0.0727,0.0,0.0,EYE_CLOSED
0.065,0.0,0.0,EYE_CLOSED
0.0713,0.0,0.0,EYE_CLOSED
0.0727,0.0,0.0,EYE_CLOSED
0.0688,0.0,0.0,EYE_CLOSED
0.0702,0.0,0.0,EYE_CLOSED
0.0788,0.0,0.0,EYE_CLOSED
0.0651,0.0,0.0,EYE_CLOSED
0.0782,0.0,0.0,EYE_CLOSED
0.0689,0.0,0.0,EYE_CLOSED
0.0781,0.0,0.0,EYE_CLOSED
0.0772,0.0,0.0,EYE_CLOSED
0.0701,0.0,0.0,EYE_CLOSED
0.0727,0.0164,0.0,EYE_CLOSED
0.0675,0.0164,0.0,EYE_CLOSED
0.0577,0.0164,0.0,EYE_CLOSED
0.0702,0.0,0.0,EYE_CLOSED
0.0811,0.0,0.0,EYE_CLOSED
0.0818,0.0,0.0,EYE_CLOSED
0.0839,0.0,0.0,EYE_CLOSED
0.1022,0.0,0.0,EYE_CLOSED
0.086,0.0161,0.0,EYE_CLOSED
0.0713,0.0,0.0,EYE_CLOSED
0.0822,0.0,0.0,EYE_CLOSED
0.0698,0.0,0.0,EYE_CLOSED
0.0778,0.0,0.0,EYE_CLOSED
0.0915,0.0,0.0,EYE_CLOSED
0.101,0.0161,0.0,EYE_CLOSED
0.0944,0.0161,0.0,EYE_CLOSED
0.0763,0.0,0.0,EYE_CLOSED
0.1003,0.0,0.0,EYE_CLOSED
0.0839,0.0161,0.0,EYE_CLOSED
0.089,0.0,0.0,EYE_CLOSED
0.0766,0.0,0.0,EYE_CLOSED
0.0953,0.0317,0.0,EYE_CLOSED
0.1073,0.0317,0.0,EYE_CLOSED
0.0854,0.0228,0.0,EYE_CLOSED
0.0776,0.0161,0.0,EYE_CLOSED
0.0767,0.0161,0.0,EYE_CLOSED
0.0724,0.0164,0.0,EYE_CLOSED
0.0641,0.0,0.0,EYE_CLOSED
0.0839,0.0159,0.0,EYE_CLOSED
0.0656,0.0159,0.0,EYE_CLOSED
0.078,0.0158,0.0,EYE_CLOSED
0.0717,0.0159,0.0,EYE_CLOSED
0.0806,0.0158,0.0,EYE_CLOSED
0.0719,0.0158,0.0,EYE_CLOSED
0.0496,0.0,0.0,EYE_CLOSED
0.0674,0.0161,0.0,EYE_CLOSED
0.082,0.0164,0.0,EYE_CLOSED
0.0651,0.0,0.0,EYE_CLOSED
0.0726,0.0161,0.0,EYE_CLOSED
0.0778,0.0,0.0,EYE_CLOSED
0.066,0.0,0.0,EYE_CLOSED
0.0574,0.0161,0.0,EYE_CLOSED
0.0756,0.0164,0.0,EYE_CLOSED
0.0641,0.0,0.0,EYE_CLOSED
0.0626,0.0231,0.0,EYE_CLOSED
0.0664,0.0161,0.0,EYE_CLOSED
0.0608,0.0,0.0,EYE_CLOSED
0.0687,0.0,0.0,EYE_CLOSED
0.0516,0.0,0.0,EYE_CLOSED
0.0664,0.0228,0.0,EYE_CLOSED
0.0757,0.0158,0.0,EYE_CLOSED
0.0633,0.0158,0.0,EYE_CLOSED
0.1014,0.0161,0.0,EYE_CLOSED
0.0853,0.0228,0.0,EYE_CLOSED
0.0738,0.0161,0.0,EYE_CLOSED
0.0803,0.0161,0.0,EYE_CLOSED
0.0684,0.0,0.0,EYE_CLOSED
0.0641,0.0158,0.0,EYE_CLOSED
0.0673,0.0158,0.0,EYE_CLOSED
0.0695,0.0,0.0,EYE_CLOSED
0.0777,0.0,0.0,EYE_CLOSED
0.0702,0.0,0.0,EYE_CLOSED
0.074,0.0,0.0,EYE_CLOSED
0.0743,0.0,0.0,EYE_CLOSED
0.0717,0.0159,0.0,EYE_CLOSED
0.075,0.0161,0.0,EYE_CLOSED
0.09,0.0,0.0,EYE_CLOSED
0.0777,0.0161,0.0,EYE_CLOSED
0.0788,0.0161,0.0,EYE_CLOSED
0.0808,0.0161,0.0,EYE_CLOSED
0.0831,0.0,0.0,EYE_CLOSED
0.0743,0.0161,0.0,EYE_CLOSED
0.0694,0.0,0.0,EYE_CLOSED
0.0712,0.0,0.0,EYE_CLOSED
0.0838,0.0,0.0,EYE_CLOSED
0.0978,0.0,0.0,EYE_CLOSED
0.0964,0.0,0.0,EYE_CLOSED
0.0986,0.0,0.0,EYE_CLOSED
0.0904,0.0,0.0,EYE_CLOSED
0.0946,0.0,0.0,EYE_CLOSED
0.0858,0.0161,0.0,EYE_CLOSED
0.0984,0.0,0.0,EYE_CLOSED
0.1015,0.0161,0.0,EYE_CLOSED
0.1122,0.0,0.0,EYE_CLOSED
0.0767,0.0,0.0,EYE_CLOSED
0.0849,0.0,0.0,EYE_CLOSED
0.0907,0.0,0.0,EYE_CLOSED
0.089,0.0,0.0,EYE_CLOSED
0.1018,0.0,0.0,EYE_CLOSED
0.0856,0.0,0.0,EYE_CLOSED
0.0877,0.0,0.0,EYE_CLOSED
0.1005,0.0,0.0,EYE_CLOSED
0.0817,0.0,0.0,EYE_CLOSED
0.0798,0.0,0.0,EYE_CLOSED
0.0932,0.0164,0.0,EYE_CLOSED
0.0883,0.0,0.0,EYE_CLOSED
0.0836,0.0,0.0,EYE_CLOSED
0.0893,0.0,0.0,EYE_CLOSED
0.076,0.0161,0.0,EYE_CLOSED
0.0919,0.0,0.0,EYE_CLOSED
0.0848,0.0161,0.0,EYE_CLOSED
0.0827,0.0,0.0,EYE_CLOSED
0.1031,0.0,0.0,EYE_CLOSED
0.0981,0.0,0.0,EYE_CLOSED
0.0933,0.0,0.0,EYE_CLOSED
0.0751,0.0,0.0,EYE_CLOSED
0.09,0.0,0.0,EYE_CLOSED
0.0776,0.0,0.0,EYE_CLOSED
0.0975,0.0,0.0,EYE_CLOSED
0.0778,0.0159,0.0,EYE_CLOSED
0.0843,0.0,0.0,EYE_CLOSED
0.0954,0.0161,0.0,EYE_CLOSED
0.0952,0.0161,0.0,EYE_CLOSED
0.0756,0.0161,0.0,EYE_CLOSED
0.0893,0.0161,0.0,EYE_CLOSED
0.0888,0.0159,0.0,EYE_CLOSED
0.0976,0.0,0.0,EYE_CLOSED
0.0816,0.0,0.0,EYE_CLOSED
0.0816,0.0,0.0,EYE_CLOSED
0.0928,0.0161,0.0,EYE_CLOSED
0.0756,0.0161,0.0,EYE_CLOSED
0.086,0.0224,0.0,EYE_CLOSED
0.0923,0.0,0.0,EYE_CLOSED
0.0926,0.0161,0.0,EYE_CLOSED
0.0726,0.0161,0.0,EYE_CLOSED
0.1102,0.0161,0.0,EYE_CLOSED
0.0858,0.0,0.0,EYE_CLOSED
0.0999,0.0,0.0,EYE_CLOSED
0.0916,0.0,0.0,EYE_CLOSED
0.0893,0.0,0.0,EYE_CLOSED
0.0845,0.0,0.0,EYE_CLOSED
0.0819,0.0,0.0,EYE_CLOSED
0.0959,0.0,0.0,EYE_CLOSED
0.1059,0.0158,0.0,EYE_CLOSED
0.1004,0.0,0.0,EYE_CLOSED
0.0769,0.0,0.0,EYE_CLOSED
0.2525,0.6758,0.0,YAWNING
0.2548,0.6442,0.0,YAWNING
0.2541,0.629,0.0,YAWNING
0.2727,0.5755,0.0,YAWNING
0.2475,0.5965,0.0,YAWNING
0.2566,0.5536,0.0,YAWNING
0.248,0.5601,0.0,YAWNING
0.2403,0.6171,0.0,YAWNING
0.2444,0.5755,0.0,YAWNING
0.2405,0.5766,0.0,YAWNING
0.2443,0.5764,0.0,YAWNING
0.2259,0.6278,0.0,YAWNING
0.2377,0.6456,0.0,YAWNING
0.2452,0.5654,0.0,YAWNING
0.2472,0.5778,0.0,YAWNING
0.2393,0.6033,0.0,YAWNING
0.2338,0.5933,0.0,YAWNING
0.2402,0.6031,0.0,YAWNING
0.2322,0.6393,0.0,YAWNING
0.2339,0.5809,0.0,YAWNING
0.2455,0.6292,0.0,YAWNING
0.251,0.5486,0.0,YAWNING
0.2535,0.6,0.0,YAWNING
0.2327,0.6441,0.0,YAWNING
0.2297,0.5937,0.0,YAWNING
0.2246,0.6287,0.0,YAWNING
0.125,0.6348,0.0,YAWNING
0.089,0.5608,0.0,YAWNING
0.1666,0.5384,0.0,YAWNING
0.1866,0.4935,0.0,YAWNING
0.2019,0.5152,0.0,YAWNING
0.2216,0.5381,0.0,YAWNING
0.2294,0.5607,0.0,YAWNING
0.2295,0.5907,0.0,YAWNING
0.2445,0.5976,0.0,YAWNING
0.2344,0.568,0.0,YAWNING
0.2434,0.6177,0.0,YAWNING
0.2355,0.6207,0.0,YAWNING
0.2372,0.6434,0.0,YAWNING
0.2365,0.6511,0.0,YAWNING
0.23,0.6574,0.0,YAWNING
0.2418,0.6411,0.0,YAWNING
0.2399,0.6769,0.0,YAWNING
0.2433,0.6567,0.0,YAWNING
0.2383,0.6444,0.0,YAWNING
0.2529,0.6758,0.0,YAWNING
0.2281,0.626,0.0,YAWNING
0.2448,0.6118,0.0,YAWNING
0.2537,0.5965,0.0,YAWNING
0.2643,0.5669,0.0,YAWNING
0.2402,0.5832,0.0,YAWNING
0.2404,0.5591,0.0,YAWNING
0.2606,0.531,0.0,YAWNING
0.2479,0.5173,0.0,YAWNING
0.2442,0.462,0.0,YAWNING
0.2616,0.455,0.0,YAWNING
0.2427,0.3826,0.0,YAWNING
0.253,0.3778,0.0,YAWNING
0.2425,0.3481,0.0,YAWNING
0.2491,0.3574,0.0,YAWNING
0.252,0.3657,0.0,YAWNING
0.2328,0.3941,0.0,YAWNING
0.236,0.4333,0.0,YAWNING
0.2543,0.4569,0.0,YAWNING
0.2434,0.5008,0.0,YAWNING
0.2477,0.5385,0.0,YAWNING
0.2348,0.5366,0.0,YAWNING
0.2448,0.5815,0.0,YAWNING
0.2401,0.5306,0.0,YAWNING
0.2466,0.5292,0.0,YAWNING
0.2316,0.5344,0.0,YAWNING
0.2422,0.5352,0.0,YAWNING
0.2419,0.5469,0.0,YAWNING
0.1967,0.5008,0.0,YAWNING
0.1201,0.5153,0.0,YAWNING
0.125,0.5308,0.0,YAWNING
0.1725,0.5015,0.0,YAWNING
0.2129,0.4485,0.0,YAWNING
0.2375,0.3625,0.0,YAWNING
0.2445,0.2607,0.0,YAWNING
0.2521,0.2127,0.0,YAWNING
0.2502,0.1784,0.0,YAWNING
0.2459,0.0979,0.0,YAWNING
0.2413,0.0819,0.0,YAWNING
0.2471,0.1218,0.0,YAWNING
0.2404,0.1644,0.0,YAWNING
0.2492,0.1798,0.0,YAWNING
0.2366,0.1772,0.0,YAWNING
0.2414,0.2099,0.0,YAWNING
0.2442,0.2649,0.0,YAWNING
0.2601,0.3588,0.0,YAWNING
0.2703,0.4142,0.0,YAWNING
0.268,0.4433,0.0,YAWNING
0.2371,0.4584,0.0,YAWNING
0.2429,0.4784,0.0,YAWNING
0.224,0.5008,0.0,YAWNING
0.2473,0.5008,0.0,YAWNING
0.2559,0.4991,0.0,YAWNING
0.2499,0.4855,0.0,YAWNING
0.2611,0.5363,0.0,YAWNING
0.2606,0.5593,0.0,YAWNING
0.2641,0.4935,0.0,YAWNING
0.2586,0.5082,0.0,YAWNING
0.2561,0.5158,0.0,YAWNING
0.2547,0.4926,0.0,YAWNING
0.2661,0.4926,0.0,YAWNING
0.2528,0.4565,0.0,YAWNING
0.2523,0.484,0.0,YAWNING
0.2437,0.5308,0.0,YAWNING
0.2463,0.5299,0.0,YAWNING
0.26,0.5458,0.0,YAWNING
0.2492,0.5229,0.0,YAWNING
0.2526,0.5215,0.0,YAWNING
0.2599,0.5,0.0,YAWNING
0.258,0.5067,0.0,YAWNING
0.2631,0.4993,0.0,YAWNING
0.2466,0.5008,0.0,YAWNING
0.2472,0.4875,0.0,YAWNING
0.246,0.471,0.0,YAWNING
0.2495,0.471,0.0,YAWNING
0.2387,0.5074,0.0,YAWNING
0.1413,0.5399,0.0,YAWNING
0.1148,0.5284,0.0,YAWNING
0.1224,0.5158,0.0,YAWNING
0.211,0.5074,0.0,YAWNING
0.2246,0.524,0.0,YAWNING
0.2499,0.5221,0.0,YAWNING
0.2511,0.5159,0.0,YAWNING
0.2566,0.5368,0.0,YAWNING
0.2378,0.5318,0.0,YAWNING
0.2485,0.5093,0.0,YAWNING
0.2516,0.5149,0.0,YAWNING
0.2602,0.524,0.0,YAWNING
0.2466,0.5139,0.0,YAWNING
0.2491,0.5368,0.0,YAWNING
0.2469,0.5145,0.0,YAWNING
0.2572,0.5368,0.0,YAWNING
0.2446,0.5358,0.0,YAWNING
0.2411,0.5555,0.0,YAWNING
0.2488,0.5376,0.0,YAWNING
0.2496,0.5663,0.0,YAWNING
0.2437,0.5375,0.0,YAWNING
0.2506,0.568,0.0,YAWNING
0.2476,0.5533,0.0,YAWNING
0.253,0.5533,0.0,YAWNING
0.2519,0.5588,0.0,YAWNING
0.2477,0.5281,0.0,YAWNING
0.2518,0.5652,0.0,YAWNING
0.2554,0.5598,0.0,YAWNING
0.2445,0.567,0.0,YAWNING
0.2524,0.568,0.0,YAWNING
0.2585,0.5691,0.0,YAWNING
0.2477,0.5465,0.0,YAWNING
0.2425,0.5376,0.0,YAWNING
0.2607,0.5453,0.0,YAWNING
0.2502,0.5288,0.0,YAWNING
0.2473,0.5521,0.0,YAWNING
0.2488,0.5456,0.0,YAWNING
0.2521,0.5154,0.0,YAWNING
0.2553,0.4722,0.0,YAWNING
0.2527,0.4866,0.0,YAWNING
0.2438,0.4856,0.0,YAWNING
0.255,0.472,0.0,YAWNING
0.2571,0.4787,0.0,YAWNING
0.2534,0.4768,0.0,YAWNING
0.2565,0.4777,0.0,YAWNING
0.2668,0.4635,0.0,YAWNING
0.2472,0.4492,0.0,YAWNING
0.2538,0.4429,0.0,YAWNING
0.2593,0.3554,0.0,YAWNING
0.2641,0.3098,0.0,YAWNING
0.2515,0.2875,0.0,YAWNING
0.2592,0.287,0.0,YAWNING
0.2584,0.3054,0.0,YAWNING
0.2473,0.3054,0.0,YAWNING
0.2493,0.3011,0.0,YAWNING
0.2503,0.3197,0.0,YAWNING
0.2621,0.3151,0.0,YAWNING
0.2469,0.3174,0.0,YAWNING
0.2564,0.3054,0.0,YAWNING
0.2596,0.3388,0.0,YAWNING
0.2674,0.3168,0.0,YAWNING
0.2514,0.3235,0.0,YAWNING
0.253,0.2906,0.0,YAWNING
0.2595,0.2889,0.0,YAWNING
0.2621,0.2504,0.0,YAWNING
0.2595,0.2394,0.0,YAWNING
0.2624,0.2069,0.0,YAWNING
0.2615,0.1899,0.0,YAWNING
0.261,0.1474,0.0,YAWNING
0.2629,0.1618,0.0,YAWNING
0.2572,0.1927,0.0,YAWNING
0.2435,0.1896,0.0,YAWNING
0.2454,0.2042,0.0,YAWNING
0.2459,0.2214,0.0,YAWNING
0.2442,0.2039,0.0,YAWNING
0.2522,0.1896,0.0,YAWNING
0.2537,0.1899,0.0,YAWNING
0.2644,0.2154,0.0,YAWNING
0.2471,0.2328,0.0,YAWNING
0.2502,0.2362,0.0,YAWNING
0.2567,0.2688,0.0,YAWNING
0.2511,0.2537,0.0,YAWNING
0.259,0.2769,0.0,YAWNING
0.2545,0.2795,0.0,YAWNING
0.26,0.3197,0.0,YAWNING
0.2662,0.3011,0.0,YAWNING
0.254,0.3645,0.0,YAWNING
0.2534,0.3986,0.0,YAWNING
0.2486,0.3849,0.0,YAWNING
0.2322,0.4371,0.0,YAWNING
0.2583,0.4702,0.0,YAWNING
0.2454,0.4655,0.0,YAWNING
0.2337,0.486,0.0,YAWNING
0.2545,0.5,0.0,YAWNING
0.2456,0.5213,0.0,YAWNING
0.2434,0.5288,0.0,YAWNING
0.2437,0.5523,0.0,YAWNING
0.2528,0.5177,0.0,YAWNING
0.2436,0.5454,0.0,YAWNING
0.243,0.5508,0.0,YAWNING
0.2494,0.5598,0.0,YAWNING
0.2403,0.5245,0.0,YAWNING
0.2459,0.5308,0.0,YAWNING
0.238,0.5462,0.0,YAWNING
0.2489,0.5462,0.0,YAWNING
0.2492,0.5164,0.0,YAWNING
0.2379,0.5172,0.0,YAWNING
0.2509,0.5366,0.0,YAWNING
0.2476,0.5366,0.0,YAWNING
0.2472,0.5627,0.0,YAWNING
0.2412,0.5453,0.0,YAWNING
0.2603,0.5765,0.0,YAWNING
0.2307,0.5386,0.0,YAWNING
0.231,0.5701,0.0,YAWNING
0.2175,0.5409,0.0,YAWNING
0.2257,0.5545,0.0,YAWNING
0.2282,0.5387,0.0,YAWNING
0.2195,0.5763,0.0,YAWNING
0.2098,0.5619,0.0,YAWNING
0.2074,0.5787,0.0,YAWNING
0.219,0.5741,0.0,YAWNING
0.2184,0.5691,0.0,YAWNING
0.2112,0.611,0.0,YAWNING
0.2097,0.5777,0.0,YAWNING
0.2139,0.5588,0.0,YAWNING
0.2134,0.5399,0.0,YAWNING
0.1908,0.5443,0.0,YAWNING
0.1218,0.5609,0.0,YAWNING
0.1292,0.5609,0.0,YAWNING
0.2054,0.5529,0.0,YAWNING
0.2276,0.5651,0.0,YAWNING
0.2371,0.5235,0.0,YAWNING
0.244,0.5465,0.0,YAWNING
0.2475,0.4939,0.0,YAWNING
0.2312,0.5071,0.0,YAWNING
0.2435,0.5288,0.0,YAWNING
0.2547,0.5288,0.0,YAWNING
0.2436,0.5103,0.0,YAWNING
0.2576,0.5387,0.0,YAWNING
0.2485,0.5609,0.0,YAWNING
0.243,0.5597,0.0,YAWNING
0.2432,0.5365,0.0,YAWNING
0.262,0.5399,0.0,YAWNING
0.2579,0.5445,0.0,YAWNING
0.2491,0.5388,0.0,YAWNING
0.2483,0.5167,0.0,YAWNING
0.2624,0.531,0.0,YAWNING
0.2506,0.531,0.0,YAWNING
0.2443,0.5235,0.0,YAWNING
0.2498,0.5454,0.0,YAWNING
0.2403,0.5235,0.0,YAWNING
0.2435,0.5593,0.0,YAWNING
0.2491,0.5399,0.0,YAWNING
0.2313,0.5167,0.0,YAWNING
0.2391,0.5023,0.0,YAWNING
0.25,0.531,0.0,YAWNING
0.2568,0.5071,0.0,YAWNING
0.2524,0.5144,0.0,YAWNING
0.2544,0.5167,0.0,YAWNING
0.2431,0.523,0.0,YAWNING
0.2541,0.523,0.0,YAWNING
0.2612,0.5609,0.0,YAWNING
0.2607,0.5609,0.0,YAWNING
0.2499,0.5545,0.0,YAWNING
0.2563,0.5545,0.0,YAWNING
0.2479,0.5399,0.0,YAWNING
0.2494,0.5399,0.0,YAWNING
0.2639,0.5213,0.0,YAWNING
0.2382,0.557,0.0,YAWNING
0.2537,0.5523,0.0,YAWNING
0.2444,0.5691,0.0,YAWNING
0.2489,0.5523,0.0,YAWNING
0.2534,0.5545,0.0,YAWNING
0.2478,0.5545,0.0,YAWNING
0.2598,0.567,0.0,YAWNING
0.2268,0.5321,0.0,YAWNING
0.1317,0.5765,0.0,YAWNING
0.1419,0.5712,0.0,YAWNING
0.1632,0.5935,0.0,YAWNING
0.1726,0.524,0.0,YAWNING
0.1993,0.5299,0.0,YAWNING
0.2318,0.5399,0.0,YAWNING
0.2385,0.5299,0.0,YAWNING
0.2445,0.5299,0.0,YAWNING
0.2317,0.4929,0.0,YAWNING
0.247,0.5299,0.0,YAWNING
0.2475,0.5154,0.0,YAWNING
0.2498,0.5598,0.0,YAWNING
0.2387,0.5299,0.0,YAWNING
0.2327,0.5453,0.0,YAWNING
0.2514,0.5308,0.0,YAWNING
0.2516,0.529,0.0,YAWNING
0.2401,0.5215,0.0,YAWNING
0.2582,0.5232,0.0,YAWNING
0.2437,0.5317,0.0,YAWNING
0.252,0.5598,0.0,YAWNING
0.2524,0.5542,0.0,YAWNING
0.2603,0.5308,0.0,YAWNING
0.2537,0.5172,0.0,YAWNING
0.2601,0.5008,0.0,YAWNING
0.2541,0.5223,0.0,YAWNING
0.2478,0.5086,0.0,YAWNING
0.2378,0.5241,0.0,YAWNING
0.2413,0.5098,0.0,YAWNING
0.2403,0.5299,0.0,YAWNING
0.2443,0.5164,0.0,YAWNING
0.2447,0.529,0.0,YAWNING
0.2447,0.5232,0.0,YAWNING
0.2409,0.5241,0.0,YAWNING
0.2668,0.5232,0.0,YAWNING
0.2562,0.5172,0.0,YAWNING
0.2642,0.4929,0.0,YAWNING
0.2526,0.5215,0.0,YAWNING
0.253,0.5444,0.0,YAWNING
0.2492,0.5299,0.0,YAWNING
0.2548,0.5153,0.0,YAWNING
0.2596,0.5358,0.0,YAWNING
0.2574,0.5366,0.0,YAWNING
0.2492,0.5285,0.0,YAWNING
0.2505,0.5072,0.0,YAWNING
0.2513,0.5451,0.0,YAWNING
0.2417,0.5215,0.0,YAWNING
0.248,0.5008,0.0,YAWNING
0.2492,0.5008,0.0,YAWNING
0.2452,0.5153,0.0,YAWNING
0.2547,0.5292,0.0,YAWNING
0.2389,0.5139,0.0,YAWNING
0.2536,0.5136,0.0,YAWNING
0.2499,0.5237,0.0,YAWNING
0.2523,0.5161,0.0,YAWNING
0.2475,0.5152,0.0,YAWNING
0.2576,0.5153,0.0,YAWNING
0.2551,0.5072,0.0,YAWNING
0.2387,0.5298,0.0,YAWNING
0.2481,0.5146,0.0,YAWNING
0.2593,0.5306,0.0,YAWNING
0.2595,0.5139,0.0,YAWNING
0.2464,0.5366,0.0,YAWNING
0.2413,0.5306,0.0,YAWNING
0.2514,0.5438,0.0,YAWNING
0.2664,0.5391,0.0,YAWNING
0.2366,0.5458,0.0,YAWNING
0.2338,0.5236,0.0,YAWNING
0.2499,0.5452,0.0,YAWNING
0.2647,0.5373,0.0,YAWNING
0.2603,0.5078,0.0,YAWNING
0.2514,0.5161,0.0,YAWNING
0.2597,0.5146,0.0,YAWNING
0.2722,0.5385,0.0,YAWNING
0.252,0.5139,0.0,YAWNING
0.2591,0.5015,0.0,YAWNING
0.2598,0.4928,0.0,YAWNING
0.2631,0.465,0.0,YAWNING
0.2501,0.4641,0.0,YAWNING
0.2671,0.5021,0.0,YAWNING
0.2598,0.5095,0.0,YAWNING
0.2547,0.5078,0.0,YAWNING
0.2469,0.4784,0.0,YAWNING
0.2571,0.4928,0.0,YAWNING
0.2444,0.458,0.0,YAWNING
0.259,0.5,0.0,YAWNING
0.2526,0.5,0.0,YAWNING
0.2543,0.5439,0.0,YAWNING
0.2528,0.5014,0.0,YAWNING
0.2433,0.536,0.0,YAWNING
0.2511,0.5292,0.0,YAWNING
0.2396,0.5136,0.0,YAWNING
0.2443,0.5452,0.0,YAWNING
0.254,0.5366,0.0,YAWNING
0.2704,0.4858,0.0,YAWNING
0.2653,0.5153,0.0,YAWNING
0.2591,0.5,0.0,YAWNING
0.2644,0.4724,0.0,YAWNING
0.2565,0.471,0.0,YAWNING
0.27,0.5139,0.0,YAWNING
0.2562,0.4943,0.0,YAWNING
0.2428,0.5065,0.0,YAWNING
0.2509,0.5015,0.0,YAWNING
0.2583,0.523,0.0,YAWNING
0.2654,0.5008,0.0,YAWNING
0.2647,0.4942,0.0,YAWNING
0.2635,0.4863,0.0,YAWNING
0.2595,0.5008,0.0,YAWNING
0.2579,0.4623,0.0,YAWNING
0.2552,0.487,0.0,YAWNING
0.2529,0.5,0.0,YAWNING
0.2397,0.4641,0.0,YAWNING
0.2505,0.4847,0.0,YAWNING
0.2604,0.4784,0.0,YAWNING
0.2488,0.4875,0.0,YAWNING
0.2498,0.4724,0.0,YAWNING
0.2473,0.5008,0.0,YAWNING
0.2459,0.5079,0.0,YAWNING
0.2571,0.4863,0.0,YAWNING
0.2643,0.465,0.0,YAWNING
0.2449,0.4863,0.0,YAWNING
0.2423,0.4929,0.0,YAWNING
0.248,0.509,0.0,YAWNING
0.2632,0.4694,0.0,YAWNING
0.2553,0.5215,0.0,YAWNING
0.2471,0.5101,0.0,YAWNING
0.2609,0.5008,0.0,YAWNING
0.2523,0.4778,0.0,YAWNING
0.2636,0.4928,0.0,YAWNING
0.2544,0.4935,0.0,YAWNING
0.2384,0.4866,0.0,YAWNING
0.253,0.4866,0.0,YAWNING
0.2535,0.5021,0.0,YAWNING
0.2541,0.5006,0.0,YAWNING
0.2408,0.5072,0.0,YAWNING
0.2589,0.4928,0.0,YAWNING
0.2623,0.4784,0.0,YAWNING
0.2595,0.4943,0.0,YAWNING
0.2309,0.4722,0.0,YAWNING
0.2454,0.4934,0.0,YAWNING
0.258,0.508,0.0,YAWNING
0.2357,0.5152,0.0,YAWNING
0.2439,0.5298,0.0,YAWNING
0.2397,0.5227,0.0,YAWNING
0.255,0.4934,0.0,YAWNING
0.2519,0.5222,0.0,YAWNING
0.247,0.5236,0.0,YAWNING
0.2446,0.5379,0.0,YAWNING
0.2542,0.5161,0.0,YAWNING
0.2532,0.5223,0.0,YAWNING
0.2468,0.5373,0.0,YAWNING
0.2469,0.5584,0.0,YAWNING
0.2355,0.5604,0.0,YAWNING
0.238,0.5517,0.0,YAWNING
0.2472,0.5653,0.0,YAWNING
0.2407,0.5653,0.0,YAWNING
0.2554,0.5948,0.0,YAWNING
0.2465,0.6114,0.0,YAWNING
0.2578,0.5896,0.0,YAWNING
0.2354,0.6051,0.0,YAWNING
0.2322,0.6355,0.0,YAWNING
0.2445,0.6224,0.0,YAWNING
0.2347,0.6435,0.0,YAWNING
0.2313,0.6057,0.0,YAWNING
0.2361,0.6516,0.0,YAWNING
0.2402,0.6454,0.0,YAWNING
0.247,0.6333,0.0,YAWNING
0.233,0.6487,0.0,YAWNING
0.2391,0.6657,0.0,YAWNING
0.2355,0.6522,0.0,YAWNING
0.2465,0.6817,0.0,YAWNING
0.2387,0.6574,0.0,YAWNING
0.2354,0.685,0.0,YAWNING
0.2208,0.664,0.0,YAWNING
0.2481,0.6472,0.0,YAWNING
0.2329,0.6443,0.0,YAWNING
0.2358,0.6778,0.0,YAWNING
0.2318,0.6633,0.0,YAWNING
0.228,0.747,0.0,YAWNING
0.2431,0.6786,0.0,YAWNING
0.227,0.685,0.0,YAWNING
0.2327,0.6972,0.0,YAWNING
0.2296,0.6936,0.0,YAWNING
0.2321,0.7016,0.0,YAWNING
0.2338,0.7164,0.0,YAWNING
0.2236,0.7174,0.0,YAWNING
0.2289,0.7459,0.0,YAWNING
0.2384,0.7312,0.0,YAWNING
0.2386,0.7282,0.0,YAWNING
0.2318,0.7021,0.0,YAWNING
0.2309,0.6879,0.0,YAWNING
0.2361,0.6196,0.0,YAWNING
0.2346,0.6472,0.0,YAWNING
0.2287,0.5955,0.0,YAWNING
0.231,0.594,0.0,YAWNING
0.2294,0.6326,0.0,YAWNING
0.2348,0.6242,0.0,YAWNING
0.2246,0.6242,0.0,YAWNING
0.2237,0.6162,0.0,YAWNING
0.2251,0.5948,0.0,YAWNING
0.2355,0.6242,0.0,YAWNING
0.2408,0.618,0.0,YAWNING
0.2361,0.5714,0.0,YAWNING
0.2337,0.5948,0.0,YAWNING
0.2501,0.5964,0.0,YAWNING
0.2356,0.6099,0.0,YAWNING
0.2395,0.6042,0.0,YAWNING
0.2364,0.596,0.0,YAWNING
0.2418,0.6334,0.0,YAWNING
0.2348,0.5976,0.0,YAWNING
0.2333,0.6042,0.0,YAWNING
0.2255,0.634,0.0,YAWNING
0.2368,0.5948,0.0,YAWNING
0.2363,0.6188,0.0,YAWNING
0.238,0.6242,0.0,YAWNING
0.2425,0.6328,0.0,YAWNING
0.2353,0.6434,0.0,YAWNING
0.2275,0.6598,0.0,YAWNING
0.252,0.648,0.0,YAWNING
0.2374,0.654,0.0,YAWNING
0.2387,0.6501,0.0,YAWNING
0.225,0.6428,0.0,YAWNING
0.2439,0.6472,0.0,YAWNING
0.2379,0.6568,0.0,YAWNING
0.2417,0.6487,0.0,YAWNING
0.2418,0.6349,0.0,YAWNING
0.2364,0.6288,0.0,YAWNING
0.1868,0.0379,0.0,HEAD_DROP
0.2516,0.0239,0.0,HEAD_DROP
0.2595,0.0,0.0,HEAD_DROP
0.253,0.0,0.0,HEAD_DROP
0.2634,0.0,0.0,HEAD_DROP
0.2836,0.0169,0.0,HEAD_DROP
0.263,0.0,0.0,HEAD_DROP
0.2709,0.0172,0.0,HEAD_DROP
0.2846,0.0166,0.0,HEAD_DROP
0.2841,0.0,0.0,HEAD_DROP
0.2857,0.0,0.0,HEAD_DROP
0.2626,0.0,0.0,HEAD_DROP
0.2767,0.0,0.0,HEAD_DROP
0.2653,0.0,0.0,HEAD_DROP
0.272,0.0166,0.0,HEAD_DROP
0.2709,0.0,0.0,HEAD_DROP
0.2801,0.0,0.0,HEAD_DROP
0.2903,0.0169,0.0,HEAD_DROP
0.2831,0.0,0.0,HEAD_DROP
0.2893,0.0,0.0,HEAD_DROP
0.2764,0.0,0.0,HEAD_DROP
0.2058,0.0166,0.0,HEAD_DROP
0.1397,0.0,0.0,HEAD_DROP
0.1398,0.0,0.0,HEAD_DROP
0.153,0.0,0.0,HEAD_DROP
0.149,0.0,0.0,HEAD_DROP
0.1441,0.0509,0.0,HEAD_DROP
0.1508,0.0161,0.0,HEAD_DROP
0.1466,0.0,0.0,HEAD_DROP
0.1522,0.0,0.0,HEAD_DROP
0.1511,0.0,0.0,HEAD_DROP
0.1546,0.0167,0.0,HEAD_DROP
0.1658,0.0167,0.0,HEAD_DROP
0.1482,0.0166,0.0,HEAD_DROP
0.1523,0.0158,0.0,HEAD_DROP
0.1809,0.0164,0.0,HEAD_DROP
0.1662,0.0172,0.0,HEAD_DROP
0.163,0.0231,0.0,HEAD_DROP
0.1623,0.0,0.0,HEAD_DROP
0.1699,0.0161,0.0,HEAD_DROP
0.1652,0.0,0.0,HEAD_DROP
0.1736,0.0,0.0,HEAD_DROP
0.1565,0.0164,0.0,HEAD_DROP
0.181,0.0235,0.0,HEAD_DROP
0.1824,0.0159,0.0,HEAD_DROP
0.1652,0.0161,0.0,HEAD_DROP
0.1625,0.0,0.0,HEAD_DROP
0.1851,0.0,0.0,HEAD_DROP
0.158,0.0228,0.0,HEAD_DROP
0.1671,0.0224,0.0,HEAD_DROP
0.1823,0.0,0.0,HEAD_DROP
0.1696,0.0,0.0,HEAD_DROP
0.1896,0.0228,0.0,HEAD_DROP
0.1709,0.0,0.0,HEAD_DROP
0.1871,0.0156,0.0,HEAD_DROP
0.2287,0.0161,0.0,HEAD_DROP
0.1791,0.0228,0.0,HEAD_DROP
0.1936,0.0161,0.0,HEAD_DROP
0.1746,0.0,0.0,HEAD_DROP
0.1902,0.0161,0.0,HEAD_DROP
0.1979,0.0159,0.0,HEAD_DROP
0.193,0.0654,0.0,HEAD_DROP
0.1756,0.0224,0.0,HEAD_DROP
0.1703,0.0156,0.0,HEAD_DROP
0.1681,0.0154,0.0,HEAD_DROP
0.1762,0.0159,0.0,HEAD_DROP
0.1589,0.0,0.0,HEAD_DROP
0.1781,0.0,0.0,HEAD_DROP
0.172,0.0156,0.0,HEAD_DROP
0.1679,0.0164,0.0,HEAD_DROP
0.1838,0.0231,0.0,HEAD_DROP
0.1661,0.0159,0.0,HEAD_DROP
0.1772,0.0,0.0,HEAD_DROP
0.1876,0.0,0.0,HEAD_DROP
0.1895,0.0,0.0,HEAD_DROP
0.1818,0.0,0.0,HEAD_DROP
0.1788,0.0,0.0,HEAD_DROP
0.1811,0.0,0.0,HEAD_DROP
0.1822,0.0,0.0,HEAD_DROP
0.1668,0.0161,0.0,HEAD_DROP
0.1721,0.0224,0.0,HEAD_DROP
0.1807,0.0159,0.0,HEAD_DROP
0.1756,0.0,0.0,HEAD_DROP
0.1792,0.0156,0.0,HEAD_DROP
0.189,0.0164,0.0,HEAD_DROP
0.1748,0.0161,0.0,HEAD_DROP
0.1715,0.0224,0.0,HEAD_DROP
0.1862,0.0228,0.0,HEAD_DROP
0.1922,0.0159,0.0,HEAD_DROP
0.1819,0.0159,0.0,HEAD_DROP
0.1763,0.0159,0.0,HEAD_DROP
0.1883,0.0159,0.0,HEAD_DROP
0.1836,0.0156,0.0,HEAD_DROP
0.173,0.0161,0.0,HEAD_DROP
0.1947,0.0,0.0,HEAD_DROP
0.1847,0.0158,0.0,HEAD_DROP
0.1764,0.0307,0.0,HEAD_DROP
0.1577,0.0,0.0,HEAD_DROP
0.148,0.0316,0.0,HEAD_DROP
0.1699,0.0235,0.0,HEAD_DROP
0.1552,0.0228,0.0,HEAD_DROP
0.1577,0.0,0.0,HEAD_DROP
0.1685,0.0224,0.0,HEAD_DROP
0.1747,0.0847,0.0,HEAD_DROP
0.1718,0.0317,0.0,HEAD_DROP
0.1892,0.0,0.0,HEAD_DROP
0.1857,0.0,0.0,HEAD_DROP
0.2023,0.0166,0.0,HEAD_DROP
0.1846,0.0327,0.0,HEAD_DROP
0.1806,0.024,0.0,HEAD_DROP
0.1668,0.0231,0.0,HEAD_DROP
0.1842,0.0166,0.0,HEAD_DROP
0.1796,0.0372,0.0,HEAD_DROP
0.1993,0.0169,0.0,HEAD_DROP
0.1939,0.0372,0.0,HEAD_DROP
0.195,0.0159,0.0,HEAD_DROP
0.1762,0.0,0.0,HEAD_DROP
0.1691,0.0322,0.0,HEAD_DROP
0.2021,0.0322,0.0,HEAD_DROP
0.1951,0.0231,0.0,HEAD_DROP
0.2165,0.0232,0.0,HEAD_DROP
0.2202,0.0,0.0,HEAD_DROP
0.2307,0.0164,0.0,HEAD_DROP
0.2544,0.0475,0.0,HEAD_DROP
0.2661,0.0498,0.0,HEAD_DROP
0.2697,0.0163,0.0,HEAD_DROP
0.2836,0.0,0.0,HEAD_DROP
0.2607,0.0164,0.0,HEAD_DROP
0.2825,0.0,0.0,HEAD_DROP
0.2871,0.0158,0.0,HEAD_DROP
0.2828,0.0,0.0,HEAD_DROP
0.2854,0.0161,0.0,HEAD_DROP
0.2812,0.0159,0.0,HEAD_DROP
0.2836,0.0,0.0,HEAD_DROP
0.2912,0.0163,0.0,HEAD_DROP
0.2923,0.0,0.0,HEAD_DROP
0.288,0.0161,0.0,HEAD_DROP
0.2886,0.0163,0.0,HEAD_DROP
0.2874,0.0164,0.0,HEAD_DROP
0.2847,0.0161,0.0,HEAD_DROP
0.2774,0.0161,0.0,HEAD_DROP
0.2924,0.0161,0.0,HEAD_DROP
0.291,0.0,0.0,HEAD_DROP
0.2851,0.0231,0.0,HEAD_DROP
0.2853,0.0224,0.0,HEAD_DROP
0.2862,0.0,0.0,HEAD_DROP
0.286,0.0159,0.0,HEAD_DROP
0.2816,0.0,0.0,HEAD_DROP
0.2853,0.0,0.0,HEAD_DROP
0.292,0.0164,0.0,HEAD_DROP
0.2856,0.0161,0.0,HEAD_DROP
0.2866,0.0483,0.0,HEAD_DROP
0.2923,0.0164,0.0,HEAD_DROP
0.2837,0.0509,0.0,HEAD_DROP
0.2865,0.0,0.0,HEAD_DROP
0.2912,0.0224,0.0,HEAD_DROP
0.2671,0.0164,0.0,HEAD_DROP
0.2951,0.0,0.0,HEAD_DROP
0.2831,0.0,0.0,HEAD_DROP
0.2926,0.0,0.0,HEAD_DROP
0.2901,0.0161,0.0,HEAD_DROP
0.279,0.0,0.0,HEAD_DROP
0.2735,0.0164,0.0,HEAD_DROP
0.2803,0.0164,0.0,HEAD_DROP
0.2819,0.0,0.0,HEAD_DROP
0.289,0.0169,0.0,HEAD_DROP
0.2884,0.0,0.0,HEAD_DROP
0.2818,0.0,0.0,HEAD_DROP
0.2852,0.0,0.0,HEAD_DROP
0.2805,0.0,0.0,HEAD_DROP
0.276,0.0,0.0,HEAD_DROP
0.279,0.0166,0.0,HEAD_DROP
0.2626,0.0,0.0,HEAD_DROP
0.2885,0.0,0.0,HEAD_DROP
0.2884,0.0159,0.0,HEAD_DROP
0.2807,0.0161,0.0,HEAD_DROP
0.2861,0.0161,0.0,HEAD_DROP
0.2729,0.0,0.0,HEAD_DROP
0.2971,0.0,0.0,HEAD_DROP
0.279,0.0161,0.0,HEAD_DROP
0.2886,0.0,0.0,HEAD_DROP
0.2701,0.0,0.0,HEAD_DROP
0.2807,0.0161,0.0,HEAD_DROP
0.289,0.0164,0.0,HEAD_DROP
0.2729,0.0159,0.0,HEAD_DROP
0.2758,0.0161,0.0,HEAD_DROP
0.2734,0.0164,0.0,HEAD_DROP
0.2727,0.0,0.0,HEAD_DROP
0.2714,0.0,0.0,HEAD_DROP
0.2734,0.0,0.0,HEAD_DROP
0.2722,0.0169,0.0,HEAD_DROP
0.2923,0.0166,0.0,HEAD_DROP
0.264,0.0,0.0,HEAD_DROP
0.216,0.0,0.0,HEAD_DROP
0.1646,0.0,0.0,HEAD_DROP
0.132,0.0166,0.0,HEAD_DROP
0.141,0.0,0.0,HEAD_DROP
0.1454,0.0,0.0,HEAD_DROP
0.1474,0.0169,0.0,HEAD_DROP
0.1554,0.0,0.0,HEAD_DROP
0.1623,0.0,0.0,HEAD_DROP
0.1514,0.0167,0.0,HEAD_DROP
0.1473,0.0,0.0,HEAD_DROP
0.1569,0.0,0.0,HEAD_DROP
0.1668,0.0164,0.0,HEAD_DROP
0.1576,0.0,0.0,HEAD_DROP
0.1707,0.0,0.0,HEAD_DROP
0.1852,0.0228,0.0,HEAD_DROP
0.1773,0.0156,0.0,HEAD_DROP
0.1765,0.0,0.0,HEAD_DROP
0.1828,0.0169,0.0,HEAD_DROP
0.1944,0.0164,0.0,HEAD_DROP
0.1845,0.0167,0.0,HEAD_DROP
0.1659,0.0164,0.0,HEAD_DROP
0.1694,0.0161,0.0,HEAD_DROP
0.1808,0.0166,0.0,HEAD_DROP
0.1807,0.0224,0.0,HEAD_DROP
0.1883,0.0158,0.0,HEAD_DROP
0.1853,0.0164,0.0,HEAD_DROP
0.1711,0.0159,0.0,HEAD_DROP
0.1646,0.0164,0.0,HEAD_DROP
0.1624,0.0159,0.0,HEAD_DROP
0.1718,0.0,0.0,HEAD_DROP
0.16,0.0166,0.0,HEAD_DROP
0.1903,0.0235,0.0,HEAD_DROP
0.1876,0.0228,0.0,HEAD_DROP
0.1836,0.0,0.0,HEAD_DROP
0.1908,0.0,0.0,HEAD_DROP
0.1781,0.0159,0.0,HEAD_DROP
0.1781,0.0,0.0,HEAD_DROP
0.1728,0.0161,0.0,HEAD_DROP
0.1584,0.0158,0.0,HEAD_DROP
0.1508,0.0322,0.0,HEAD_DROP
0.16,0.0,0.0,HEAD_DROP
0.1654,0.0161,0.0,HEAD_DROP
0.178,0.0322,0.0,HEAD_DROP
0.1672,0.0228,0.0,HEAD_DROP
0.172,0.0322,0.0,HEAD_DROP
0.1634,0.0475,0.0,HEAD_DROP
0.1731,0.0231,0.0,HEAD_DROP
0.1669,0.0166,0.0,HEAD_DROP
0.1573,0.0333,0.0,HEAD_DROP
0.1852,0.0,0.0,HEAD_DROP
0.1708,0.0,0.0,HEAD_DROP
0.1744,0.0,0.0,HEAD_DROP
0.181,0.0181,0.0,HEAD_DROP
0.1819,0.0,0.0,HEAD_DROP
0.188,0.0,0.0,HEAD_DROP
0.183,0.0,0.0,HEAD_DROP
0.1964,0.0,0.0,HEAD_DROP
0.208,0.0172,0.0,HEAD_DROP
0.187,0.0,0.0,HEAD_DROP
0.1744,0.0,0.0,HEAD_DROP
0.1794,0.0,0.0,HEAD_DROP
0.1723,0.0175,0.0,HEAD_DROP
0.1905,0.0,0.0,HEAD_DROP
0.174,0.0181,0.0,HEAD_DROP
0.1619,0.0,0.0,HEAD_DROP
0.1898,0.0,0.0,HEAD_DROP
0.1967,0.0,0.0,HEAD_DROP
0.1973,0.0181,0.0,HEAD_DROP
0.1802,0.0,0.0,HEAD_DROP
0.1789,0.0,0.0,HEAD_DROP
0.1758,0.0185,0.0,HEAD_DROP
0.1711,0.0175,0.0,HEAD_DROP
0.1936,0.0,0.0,HEAD_DROP
0.1891,0.0,0.0,HEAD_DROP
0.1894,0.0,0.0,HEAD_DROP
0.17,0.0,0.0,HEAD_DROP
0.1897,0.0248,0.0,HEAD_DROP
0.166,0.0,0.0,HEAD_DROP
0.1749,0.0252,0.0,HEAD_DROP
0.1685,0.0,0.0,HEAD_DROP
0.1749,0.0,0.0,HEAD_DROP
0.1728,0.0,0.0,HEAD_DROP
0.1714,0.0182,0.0,HEAD_DROP
0.1625,0.0172,0.0,HEAD_DROP
0.1738,0.0,0.0,HEAD_DROP
0.1644,0.0,0.0,HEAD_DROP
0.1823,0.0178,0.0,HEAD_DROP
0.1737,0.0,0.0,HEAD_DROP
0.175,0.0181,0.0,HEAD_DROP
0.1732,0.0178,0.0,HEAD_DROP
0.1737,0.0252,0.0,HEAD_DROP
0.1655,0.0175,0.0,HEAD_DROP
0.1634,0.0172,0.0,HEAD_DROP
0.1738,0.0169,0.0,HEAD_DROP
0.1734,0.0,0.0,HEAD_DROP
0.1804,0.0161,0.0,HEAD_DROP
0.1818,0.0154,0.0,HEAD_DROP
0.1826,0.0217,0.0,HEAD_DROP
0.1712,0.0166,0.0,HEAD_DROP
0.1719,0.0159,0.0,HEAD_DROP
0.1772,0.0224,0.0,HEAD_DROP
0.1778,0.0333,0.0,HEAD_DROP
0.1814,0.0339,0.0,HEAD_DROP
0.1797,0.0366,0.0,HEAD_DROP
0.1712,0.0172,0.0,HEAD_DROP
0.1661,0.0164,0.0,HEAD_DROP
0.1927,0.0164,0.0,HEAD_DROP
0.166,0.0224,0.0,HEAD_DROP
0.1703,0.0328,0.0,HEAD_DROP
0.1804,0.0224,0.0,HEAD_DROP
0.1606,0.0166,0.0,HEAD_DROP
0.1643,0.0232,0.0,HEAD_DROP
0.1654,0.0221,0.0,HEAD_DROP
0.1766,0.0,0.0,HEAD_DROP
0.1736,0.0164,0.0,HEAD_DROP
0.179,0.0158,0.0,HEAD_DROP
0.1885,0.0518,0.0,HEAD_DROP
0.1792,0.036,0.0,HEAD_DROP
0.182,0.0355,0.0,HEAD_DROP
0.1651,0.0156,0.0,HEAD_DROP
0.1789,0.0154,0.0,HEAD_DROP
0.1961,0.0154,0.0,HEAD_DROP
0.1831,0.0169,0.0,HEAD_DROP
0.1749,0.0167,0.0,HEAD_DROP
0.1827,0.0169,0.0,HEAD_DROP
0.1885,0.0164,0.0,HEAD_DROP
0.1859,0.0,0.0,HEAD_DROP
0.1938,0.0,0.0,HEAD_DROP
0.1838,0.0178,0.0,HEAD_DROP
0.1768,0.0175,0.0,HEAD_DROP
0.184,0.0,0.0,HEAD_DROP
0.1868,0.0175,0.0,HEAD_DROP
0.1663,0.0169,0.0,HEAD_DROP
0.1846,0.0164,0.0,HEAD_DROP
0.1978,0.0167,0.0,HEAD_DROP
0.1937,0.0172,0.0,HEAD_DROP
0.1761,0.0364,0.0,HEAD_DROP
0.1648,0.0169,0.0,HEAD_DROP
0.1758,0.0236,0.0,HEAD_DROP
0.184,0.0345,0.0,HEAD_DROP
0.1962,0.0167,0.0,HEAD_DROP
0.1988,0.0257,0.0,HEAD_DROP
0.202,0.0244,0.0,HEAD_DROP
0.1676,0.0,0.0,HEAD_DROP
0.1871,0.0,0.0,HEAD_DROP
0.187,0.0248,0.0,HEAD_DROP
0.1803,0.0,0.0,HEAD_DROP
0.1845,0.0,0.0,HEAD_DROP
0.2013,0.0232,0.0,HEAD_DROP
0.1725,0.0169,0.0,HEAD_DROP
0.179,0.036,0.0,HEAD_DROP
0.1723,0.0333,0.0,HEAD_DROP
0.1808,0.0158,0.0,HEAD_DROP
0.1492,0.0149,0.0,HEAD_DROP
0.1513,0.0151,0.0,HEAD_DROP
0.1928,0.0634,0.0,HEAD_DROP
0.166,0.0767,0.0,HEAD_DROP
0.1598,0.0965,0.0,HEAD_DROP
0.1829,0.0312,0.0,HEAD_DROP
0.1765,0.0153,0.0,HEAD_DROP
0.1725,0.0306,0.0,HEAD_DROP
0.2033,0.0217,0.0,HEAD_DROP
0.1945,0.0359,0.0,HEAD_DROP
0.1722,0.0154,0.0,HEAD_DROP
0.1786,0.0317,0.0,HEAD_DROP
0.1768,0.0322,0.0,HEAD_DROP
0.182,0.0372,0.0,HEAD_DROP
0.1765,0.0224,0.0,HEAD_DROP
0.176,0.0322,0.0,HEAD_DROP
0.1699,0.0166,0.0,HEAD_DROP
0.1771,0.0372,0.0,HEAD_DROP
0.1812,0.0312,0.0,HEAD_DROP
0.1923,0.0156,0.0,HEAD_DROP
0.1832,0.0307,0.0,HEAD_DROP
0.1958,0.0348,0.0,HEAD_DROP
0.1806,0.0322,0.0,HEAD_DROP
0.1879,0.0332,0.0,HEAD_DROP
0.1823,0.0161,0.0,HEAD_DROP
0.1723,0.0161,0.0,HEAD_DROP
0.1644,0.0161,0.0,HEAD_DROP
0.1845,0.0365,0.0,HEAD_DROP
0.1721,0.0348,0.0,HEAD_DROP
0.186,0.0316,0.0,HEAD_DROP
0.1774,0.0322,0.0,HEAD_DROP
0.1716,0.0224,0.0,HEAD_DROP
0.1779,0.036,0.0,HEAD_DROP
0.1679,0.0311,0.0,HEAD_DROP
0.174,0.0482,0.0,HEAD_DROP
0.1862,0.0235,0.0,HEAD_DROP
0.1812,0.0163,0.0,HEAD_DROP
0.1841,0.0322,0.0,HEAD_DROP
0.1684,0.0317,0.0,HEAD_DROP
0.1667,0.0322,0.0,HEAD_DROP
0.1832,0.0322,0.0,HEAD_DROP
0.1866,0.0322,0.0,HEAD_DROP
0.185,0.0228,0.0,HEAD_DROP
0.1836,0.0156,0.0,HEAD_DROP
0.191,0.0327,0.0,HEAD_DROP
0.1758,0.0161,0.0,HEAD_DROP
0.1792,0.0166,0.0,HEAD_DROP
0.1963,0.0161,0.0,HEAD_DROP
0.1839,0.0317,0.0,HEAD_DROP
0.182,0.0327,0.0,HEAD_DROP
0.1847,0.0673,0.0,HEAD_DROP
0.1733,0.0322,0.0,HEAD_DROP
0.1638,0.0482,0.0,HEAD_DROP
0.171,0.0307,0.0,HEAD_DROP
0.1798,0.0161,0.0,HEAD_DROP
0.1765,0.0161,0.0,HEAD_DROP
0.1872,0.0354,0.0,HEAD_DROP
0.1948,0.0163,0.0,HEAD_DROP
0.1884,0.0,0.0,HEAD_DROP
0.2079,0.0235,0.0,HEAD_DROP
0.1981,0.0161,0.0,HEAD_DROP
0.1737,0.0166,0.0,HEAD_DROP
0.1833,0.0163,0.0,HEAD_DROP
0.1948,0.0338,0.0,HEAD_DROP
0.1786,0.0332,0.0,HEAD_DROP
0.1899,0.0516,0.0,HEAD_DROP
0.1798,0.0321,0.0,HEAD_DROP
0.1923,0.0163,0.0,HEAD_DROP
0.1841,0.0,0.0,HEAD_DROP
0.1823,0.0161,0.0,HEAD_DROP
0.1815,0.0158,0.0,HEAD_DROP
0.1967,0.0158,0.0,HEAD_DROP
0.1953,0.0316,0.0,HEAD_DROP
0.1897,0.0322,0.0,HEAD_DROP
0.1732,0.0327,0.0,HEAD_DROP
0.1798,0.0,0.0,HEAD_DROP
0.1894,0.0322,0.0,HEAD_DROP
0.2021,0.049,0.0,HEAD_DROP
0.178,0.0326,0.0,HEAD_DROP
0.1816,0.049,0.0,HEAD_DROP
0.175,0.0322,0.0,HEAD_DROP
0.1627,0.0161,0.0,HEAD_DROP
0.1847,0.0172,0.0,HEAD_DROP
0.1889,0.0322,0.0,HEAD_DROP
0.1786,0.0322,0.0,HEAD_DROP
0.1891,0.0338,0.0,HEAD_DROP
0.1647,0.0327,0.0,HEAD_DROP
0.1988,0.0482,0.0,HEAD_DROP
0.1945,0.0332,0.0,HEAD_DROP
0.1921,0.0332,0.0,HEAD_DROP
0.198,0.0337,0.0,HEAD_DROP
0.1853,0.0517,0.0,HEAD_DROP
0.196,0.0327,0.0,HEAD_DROP
0.1944,0.0166,0.0,HEAD_DROP
0.1706,0.0322,0.0,HEAD_DROP
0.1826,0.0498,0.0,HEAD_DROP
0.1779,0.049,0.0,HEAD_DROP
0.1987,0.0316,0.0,HEAD_DROP
0.1916,0.0161,0.0,HEAD_DROP
0.1843,0.0332,0.0,HEAD_DROP
0.1808,0.0365,0.0,HEAD_DROP
0.1792,0.022,0.0,HEAD_DROP
0.1861,0.0223,0.0,HEAD_DROP
0.1745,0.0163,0.0,HEAD_DROP
0.183,0.0163,0.0,HEAD_DROP
0.176,0.0322,0.0,HEAD_DROP
0.1843,0.0326,0.0,HEAD_DROP
0.1871,0.0,0.0,HEAD_DROP
0.1996,0.0327,0.0,HEAD_DROP
0.2064,0.0322,0.0,HEAD_DROP
0.1916,0.0316,0.0,HEAD_DROP
0.179,0.0322,0.0,HEAD_DROP
0.1766,0.0163,0.0,HEAD_DROP
0.1903,0.0327,0.0,HEAD_DROP
0.1734,0.0634,0.0,HEAD_DROP
0.1918,0.036,0.0,HEAD_DROP
0.1949,0.0327,0.0,HEAD_DROP
0.1888,0.0316,0.0,HEAD_DROP
0.1918,0.0161,0.0,HEAD_DROP
0.1998,0.0322,0.0,HEAD_DROP
0.1719,0.0491,0.0,HEAD_DROP
0.1705,0.0333,0.0,HEAD_DROP
0.1777,0.0322,0.0,HEAD_DROP
0.183,0.0327,0.0,HEAD_DROP
0.1904,0.0327,0.0,HEAD_DROP
0.1968,0.0365,0.0,HEAD_DROP
0.2059,0.0327,0.0,HEAD_DROP
0.1917,0.0327,0.0,HEAD_DROP
0.1795,0.0161,0.0,HEAD_DROP
0.1697,0.0327,0.0,HEAD_DROP
0.1649,0.0156,0.0,HEAD_DROP
0.1609,0.0163,0.0,HEAD_DROP
0.1846,0.0231,0.0,HEAD_DROP
0.1615,0.0,0.0,HEAD_DROP
0.1759,0.0338,0.0,HEAD_DROP
0.1791,0.0543,0.0,HEAD_DROP
0.1736,0.0498,0.0,HEAD_DROP
0.1791,0.0507,0.0,HEAD_DROP
0.176,0.0332,0.0,HEAD_DROP
0.1803,0.0163,0.0,HEAD_DROP
0.1851,0.0332,0.0,HEAD_DROP
0.2045,0.0337,0.0,HEAD_DROP
0.1987,0.0,0.0,HEAD_DROP
0.1997,0.0306,0.0,HEAD_DROP
0.1933,0.0604,0.0,HEAD_DROP
0.1833,0.0355,0.0,HEAD_DROP
0.1704,0.0,0.0,HEAD_DROP
0.1838,0.0,0.0,HEAD_DROP
0.1755,0.0,0.0,HEAD_DROP
0.1983,0.0173,0.0,HEAD_DROP
0.1716,0.0176,0.0,HEAD_DROP
0.1899,0.0183,0.0,HEAD_DROP
0.1812,0.0258,0.0,HEAD_DROP
0.1859,0.0,0.0,HEAD_DROP
0.1795,0.0176,0.0,HEAD_DROP
0.1881,0.0347,0.0,HEAD_DROP
0.1931,0.0334,0.0,HEAD_DROP
0.1939,0.0661,0.0,HEAD_DROP
0.1858,0.0363,0.0,HEAD_DROP
0.1885,0.0638,0.0,HEAD_DROP
0.1642,0.0539,0.0,HEAD_DROP
0.1882,0.067,0.0,HEAD_DROP
0.1842,0.0496,0.0,HEAD_DROP
0.176,0.0548,0.0,HEAD_DROP
0.1673,0.064,0.0,HEAD_DROP
0.1905,0.0388,0.0,HEAD_DROP
0.1905,0.0331,0.0,HEAD_DROP
0.1721,0.065,0.0,HEAD_DROP
0.1712,0.0321,0.0,HEAD_DROP
0.1678,0.0489,0.0,HEAD_DROP
0.1716,0.0376,0.0,HEAD_DROP
0.1562,0.0363,0.0,HEAD_DROP
0.1637,0.0541,0.0,HEAD_DROP
0.1635,0.032,0.0,HEAD_DROP
0.1662,0.0375,0.0,HEAD_DROP
0.165,0.0165,0.0,HEAD_DROP
0.1581,0.0177,0.0,HEAD_DROP
0.1751,0.0336,0.0,HEAD_DROP
0.1674,0.0163,0.0,HEAD_DROP
0.1714,0.0473,0.0,HEAD_DROP
0.1788,0.0331,0.0,HEAD_DROP
0.1751,0.0341,0.0,HEAD_DROP
0.1707,0.0381,0.0,HEAD_DROP
0.1757,0.0487,0.0,HEAD_DROP
0.1586,0.053,0.0,HEAD_DROP
0.1394,0.0504,0.0,HEAD_DROP
0.1294,0.0494,0.0,HEAD_DROP
0.1335,0.0324,0.0,HEAD_DROP
0.1249,0.033,0.0,HEAD_DROP
0.1319,0.0511,0.0,HEAD_DROP
0.1235,0.0334,0.0,HEAD_DROP
0.1388,0.017,0.0,HEAD_DROP
0.1305,0.017,0.0,HEAD_DROP
0.1191,0.0375,0.0,HEAD_DROP
0.1184,0.0501,0.0,HEAD_DROP
0.1374,0.0487,0.0,HEAD_DROP
0.133,0.0511,0.0,HEAD_DROP
0.1314,0.0341,0.0,HEAD_DROP
0.1303,0.0521,0.0,HEAD_DROP
0.1311,0.0347,0.0,HEAD_DROP
0.1243,0.0324,0.0,HEAD_DROP
0.112,0.0254,0.0,HEAD_DROP
0.1172,0.0341,0.0,HEAD_DROP
0.1191,0.033,0.0,HEAD_DROP
0.1233,0.0336,0.0,HEAD_DROP
0.1352,0.036,0.0,HEAD_DROP
0.124,0.0179,0.0,HEAD_DROP
0.1259,0.0401,0.0,HEAD_DROP
0.1349,0.0258,0.0,HEAD_DROP
0.1287,0.0173,0.0,HEAD_DROP
0.1267,0.0176,0.0,HEAD_DROP
0.1343,0.0334,0.0,HEAD_DROP
0.1324,0.0512,0.0,HEAD_DROP
0.1288,0.0159,0.0,HEAD_DROP
0.1214,0.0329,0.0,HEAD_DROP
0.1302,0.0485,0.0,HEAD_DROP
0.1316,0.0319,0.0,HEAD_DROP
0.1292,0.0334,0.0,HEAD_DROP
0.144,0.0812,0.0,HEAD_DROP
0.1372,0.0812,0.0,HEAD_DROP
0.1391,0.0658,0.0,HEAD_DROP
0.1279,0.0958,0.0,HEAD_DROP
0.1268,0.0314,0.0,HEAD_DROP
0.1363,0.0314,0.0,HEAD_DROP
0.1265,0.0501,0.0,HEAD_DROP
0.1235,0.0501,0.0,HEAD_DROP
0.1282,0.0485,0.0,HEAD_DROP
0.1338,0.0827,0.0,HEAD_DROP
0.1354,0.0329,0.0,HEAD_DROP
0.1372,0.0363,0.0,HEAD_DROP
0.1306,0.0318,0.0,HEAD_DROP
0.1175,0.0368,0.0,HEAD_DROP
0.1361,0.052,0.0,HEAD_DROP
0.1357,0.0329,0.0,HEAD_DROP
0.1475,0.0328,0.0,HEAD_DROP
0.129,0.0329,0.0,HEAD_DROP
0.1293,0.0494,0.0,HEAD_DROP
0.1341,0.0476,0.0,HEAD_DROP
0.1274,0.0168,0.0,HEAD_DROP
0.1395,0.0335,0.0,HEAD_DROP
0.137,0.0324,0.0,HEAD_DROP
0.1316,0.017,0.0,HEAD_DROP
0.1367,0.017,0.0,HEAD_DROP
0.1201,0.0334,0.0,HEAD_DROP
0.1245,0.0313,0.0,HEAD_DROP
0.1358,0.0236,0.0,HEAD_DROP
0.1297,0.0335,0.0,HEAD_DROP
0.1315,0.034,0.0,HEAD_DROP
0.1374,0.0165,0.0,HEAD_DROP
0.1504,0.033,0.0,HEAD_DROP
0.133,0.0329,0.0,HEAD_DROP
0.1407,0.0478,0.0,HEAD_DROP
0.1385,0.0357,0.0,HEAD_DROP
0.1486,0.0319,0.0,HEAD_DROP
0.1418,0.0347,0.0,HEAD_DROP
0.1422,0.0324,0.0,HEAD_DROP
0.1414,0.0471,0.0,HEAD_DROP
0.1354,0.0236,0.0,HEAD_DROP
0.1401,0.017,0.0,HEAD_DROP
0.1233,0.0,0.0,HEAD_DROP
0.1308,0.0329,0.0,HEAD_DROP
0.1339,0.033,0.0,HEAD_DROP
0.1339,0.0162,0.0,HEAD_DROP
0.1416,0.0341,0.0,HEAD_DROP
0.1471,0.0479,0.0,HEAD_DROP
0.1434,0.0309,0.0,HEAD_DROP
0.1461,0.0489,0.0,HEAD_DROP
0.1233,0.024,0.0,HEAD_DROP
0.1255,0.0627,0.0,HEAD_DROP
0.1328,0.0309,0.0,HEAD_DROP
0.137,0.0314,0.0,HEAD_DROP
0.1396,0.0173,0.0,HEAD_DROP
0.1387,0.0347,0.0,HEAD_DROP
0.1426,0.0324,0.0,HEAD_DROP
0.1431,0.0328,0.0,HEAD_DROP
0.1349,0.0229,0.0,HEAD_DROP
0.1378,0.0162,0.0,HEAD_DROP
0.1432,0.0229,0.0,HEAD_DROP
0.1362,0.0162,0.0,HEAD_DROP
0.1465,0.0164,0.0,HEAD_DROP
0.1438,0.0324,0.0,HEAD_DROP
0.1377,0.0325,0.0,HEAD_DROP
0.1554,0.0335,0.0,HEAD_DROP
0.1388,0.0842,0.0,HEAD_DROP
0.1525,0.066,0.0,HEAD_DROP
0.1606,0.0514,0.0,HEAD_DROP
0.1534,0.0162,0.0,HEAD_DROP
0.1581,0.0658,0.0,HEAD_DROP
0.1644,0.0629,0.0,HEAD_DROP
0.1536,0.063,0.0,HEAD_DROP
0.1771,0.0233,0.0,HEAD_DROP
0.1579,0.0315,0.0,HEAD_DROP
0.1718,0.0345,0.0,HEAD_DROP
0.171,0.0341,0.0,HEAD_DROP
0.161,0.0162,0.0,HEAD_DROP
0.1644,0.0335,0.0,HEAD_DROP
0.1656,0.0229,0.0,HEAD_DROP
0.1764,0.0168,0.0,HEAD_DROP
0.1799,0.0,0.0,HEAD_DROP
0.1718,0.0162,0.0,HEAD_DROP
0.1785,0.0179,0.0,HEAD_DROP
0.1578,0.0401,0.0,HEAD_DROP
0.1636,0.0341,0.0,HEAD_DROP
0.1787,0.0176,0.0,HEAD_DROP
0.1703,0.0183,0.0,HEAD_DROP
0.1611,0.017,0.0,HEAD_DROP
0.1806,0.0173,0.0,HEAD_DROP
0.1546,0.024,0.0,HEAD_DROP
0.1654,0.0,0.0,HEAD_DROP
0.1598,0.0,0.0,HEAD_DROP
0.1656,0.0,0.0,HEAD_DROP
0.1645,0.0176,0.0,HEAD_DROP
0.1474,0.032,0.0,HEAD_DROP
0.1345,0.0483,0.0,HEAD_DROP
0.139,0.0157,0.0,HEAD_DROP
0.2227,0.0321,0.0,HEAD_DROP
0.2779,0.0161,0.0,HEAD_DROP
0.273,0.0321,0.0,HEAD_DROP
0.2684,0.0632,0.0,HEAD_DROP
0.2847,0.0454,0.0,HEAD_DROP
0.2787,0.0312,0.0,HEAD_DROP
0.2826,0.0164,0.0,HEAD_DROP
0.2687,0.0156,0.0,HEAD_DROP
0.2812,0.0221,0.0,HEAD_DROP
0.2796,0.0153,0.0,HEAD_DROP
0.2777,0.0217,0.0,HEAD_DROP
0.2778,0.0307,0.0,HEAD_DROP
0.289,0.0312,0.0,HEAD_DROP
0.2673,0.0,0.0,HEAD_DROP
0.2887,0.0343,0.0,HEAD_DROP
0.2683,0.0214,0.0,HEAD_DROP
0.2769,0.0,0.0,HEAD_DROP
0.2746,0.0156,0.0,HEAD_DROP
0.2784,0.0154,0.0,HEAD_DROP
0.2756,0.0217,0.0,HEAD_DROP
0.2767,0.0,0.0,HEAD_DROP
0.277,0.0211,0.0,HEAD_DROP
0.2836,0.0211,0.0,HEAD_DROP
0.2824,0.0211,0.0,HEAD_DROP
0.2737,0.0208,0.0,HEAD_DROP
0.2746,0.0,0.0,HEAD_DROP
0.2817,0.0217,0.0,HEAD_DROP
0.2714,0.0156,0.0,HEAD_DROP
0.2794,0.0,0.0,HEAD_DROP
0.2588,0.0156,0.0,HEAD_DROP
0.2739,0.0151,0.0,HEAD_DROP
0.273,0.0217,0.0,HEAD_DROP
0.2816,0.0307,0.0,HEAD_DROP
0.2709,0.0154,0.0,HEAD_DROP
0.2726,0.0911,0.0,AWAKE
0.2989,0.0918,0.0,AWAKE
0.285,0.0958,0.0,AWAKE
0.3083,0.0987,0.0,AWAKE
0.2906,0.0753,0.0,AWAKE
0.3009,0.0479,0.0,AWAKE
0.2874,0.0698,0.0,AWAKE
0.3116,0.0936,0.0,AWAKE
0.3,0.0936,0.0,AWAKE
0.2931,0.074,0.0,AWAKE
0.2783,0.0723,0.0,AWAKE
0.2839,0.0686,0.0,AWAKE
0.287,0.0707,0.0,AWAKE
0.3084,0.0753,0.0,AWAKE
0.2867,0.0683,0.0,AWAKE
0.2608,0.0228,0.0,AWAKE
0.2559,0.0466,0.0,AWAKE
0.2473,0.0498,0.0,AWAKE
0.2299,0.0218,0.0,AWAKE
0.2446,0.0315,0.0,AWAKE
0.2397,0.0668,0.0,AWAKE
0.2339,0.0223,0.0,AWAKE
0.2157,0.0455,0.0,AWAKE
0.2101,0.0217,0.0,AWAKE
0.1944,0.0228,0.0,AWAKE
0.2299,0.0238,0.0,AWAKE
0.2084,0.0239,0.0,AWAKE
0.159,0.0239,0.0,AWAKE
0.1974,0.0233,0.0,AWAKE
0.2524,0.0233,0.0,AWAKE
0.2655,0.0238,0.0,AWAKE
0.2682,0.0228,0.0,AWAKE
0.2894,0.0233,0.0,AWAKE
0.2723,0.0434,0.0,AWAKE
0.2724,0.0,0.0,AWAKE
0.2724,0.0218,0.0,AWAKE
0.2656,0.0217,0.0,AWAKE
0.266,0.0,0.0,AWAKE
0.2419,0.0223,0.0,AWAKE
0.2674,0.0222,0.0,AWAKE
0.2671,0.0,0.0,AWAKE
0.2649,0.0,0.0,AWAKE
0.2758,0.0,0.0,AWAKE
0.2664,0.0217,0.0,AWAKE
0.2655,0.0637,0.0,AWAKE
0.255,0.0302,0.0,AWAKE
0.252,0.0479,0.0,AWAKE
0.2322,0.0,0.0,AWAKE
0.2711,0.0303,0.0,AWAKE
0.2591,0.0,0.0,AWAKE
0.2369,0.0,0.0,AWAKE
0.2328,0.0,0.0,AWAKE
0.2534,0.0,0.0,AWAKE
0.2345,0.021,0.0,AWAKE
0.2477,0.0458,0.0,AWAKE
0.2202,0.021,0.0,AWAKE
0.2392,0.0209,0.0,AWAKE
0.2547,0.0205,0.0,AWAKE
0.2385,0.0214,0.0,AWAKE
0.2367,0.0205,0.0,AWAKE
0.2435,0.0205,0.0,AWAKE
0.2357,0.03,0.0,AWAKE
0.2486,0.0658,0.0,AWAKE
0.2276,0.0689,0.0,AWAKE
0.2538,0.0453,0.0,AWAKE
0.24,0.0302,0.0,AWAKE
0.2423,0.0,0.0,AWAKE
0.2398,0.0,0.0,AWAKE
0.2701,0.0217,0.0,AWAKE
0.2235,0.0485,0.0,AWAKE
0.2209,0.0225,0.0,AWAKE
0.2428,0.0,0.0,AWAKE
0.2293,0.0216,0.0,AWAKE
0.2096,0.0212,0.0,AWAKE
0.2034,0.0217,0.0,AWAKE
0.218,0.0227,0.0,AWAKE
0.2409,0.0222,0.0,AWAKE
0.2188,0.0,0.0,AWAKE
0.2366,0.0,0.0,AWAKE
0.2446,0.0223,0.0,AWAKE
0.1911,0.0217,0.0,AWAKE
0.1833,0.0223,0.0,AWAKE
0.1716,0.0227,0.0,AWAKE
0.1689,0.0217,0.0,AWAKE
0.1678,0.0217,0.0,AWAKE
0.1203,0.0,0.0,AWAKE
0.1103,0.0316,0.0,AWAKE
0.1417,0.0,0.0,AWAKE
0.1081,0.0217,0.0,AWAKE
0.1266,0.0,0.0,AWAKE
0.0971,0.0,0.0,AWAKE
0.0939,0.0,0.0,AWAKE
0.1506,0.0,0.0,AWAKE
0.1273,0.0315,0.0,AWAKE
0.1499,0.0,0.0,AWAKE
0.0997,0.0,0.0,AWAKE
0.1454,0.0223,0.0,AWAKE
0.1313,0.0213,0.0,AWAKE
0.1437,0.0,0.0,AWAKE
0.1097,0.0218,0.0,AWAKE
0.1256,0.0313,0.0,AWAKE
0.1501,0.0,0.0,AWAKE
0.1387,0.0223,0.0,AWAKE
0.1581,0.0427,0.0,AWAKE
0.1148,0.0,0.0,AWAKE
0.156,0.0,0.0,AWAKE
0.1821,0.0233,0.0,AWAKE
0.1718,0.0228,0.0,AWAKE
0.1686,0.0,0.0,AWAKE
0.1515,0.0233,0.0,AWAKE
0.0925,0.0,0.0,AWAKE
0.1075,0.0,0.0,AWAKE
0.148,0.0,0.0,AWAKE
0.1277,0.0,0.0,AWAKE
0.1487,0.0,0.0,AWAKE
0.1089,0.0213,0.0,AWAKE
0.1363,0.0,0.0,AWAKE
0.1583,0.0,0.0,AWAKE
0.1317,0.0,0.0,AWAKE
0.1432,0.0,0.0,AWAKE
0.1463,0.0,0.0,AWAKE
0.114,0.0213,0.0,AWAKE
0.1294,0.0302,0.0,AWAKE
0.1113,0.0213,0.0,AWAKE
0.107,0.0,0.0,AWAKE
0.1511,0.0,0.0,AWAKE
0.166,0.0302,0.0,AWAKE
0.1291,0.0217,0.0,AWAKE
0.096,0.0,0.0,AWAKE
0.1245,0.0218,0.0,AWAKE
0.1394,0.0217,0.0,AWAKE
0.1497,0.0,0.0,AWAKE
0.1235,0.0,0.0,AWAKE
0.1053,0.0,0.0,AWAKE
0.0908,0.0,0.0,AWAKE
0.1125,0.0218,0.0,AWAKE
0.1109,0.0,0.0,AWAKE
0.1184,0.0,0.0,AWAKE
0.1493,0.0,0.0,AWAKE
0.13,0.0,0.0,AWAKE
0.1153,0.0,0.0,AWAKE
0.1188,0.0,0.0,AWAKE
0.0835,0.0,0.0,AWAKE
0.0957,0.0222,0.0,AWAKE
0.1312,0.0218,0.0,AWAKE
0.1248,0.0,0.0,AWAKE
0.0803,0.0217,0.0,AWAKE
0.1499,0.0,0.0,AWAKE
0.2158,0.0213,0.0,AWAKE
0.2216,0.0,0.0,AWAKE
0.2258,0.0,0.0,AWAKE
0.2477,0.0,0.0,AWAKE
0.2505,0.0,0.0,AWAKE
0.2387,0.0209,0.0,AWAKE
0.251,0.0209,0.0,AWAKE
0.2527,0.0,0.0,AWAKE
0.2435,0.0203,0.0,AWAKE
0.2359,0.0276,0.0,AWAKE
0.2626,0.0,0.0,AWAKE
0.2515,0.0204,0.0,AWAKE
0.2485,0.0,0.0,AWAKE
0.251,0.0283,0.0,AWAKE
0.2467,0.0,0.0,AWAKE
0.2342,0.0204,0.0,AWAKE
0.2322,0.0,0.0,AWAKE
0.2422,0.0199,0.0,AWAKE
0.2398,0.02,0.0,AWAKE
0.2571,0.063,0.0,AWAKE
0.2483,0.0282,0.0,AWAKE
0.2475,0.0408,0.0,AWAKE
0.2536,0.02,0.0,AWAKE
0.2489,0.02,0.0,AWAKE
0.2375,0.0204,0.0,AWAKE
0.2484,0.0456,0.0,AWAKE
0.2485,0.0283,0.0,AWAKE
0.252,0.0283,0.0,AWAKE
0.2332,0.02,0.0,AWAKE
0.2212,0.0199,0.0,AWAKE
0.2404,0.0,0.0,AWAKE
0.2457,0.0447,0.0,AWAKE
0.2398,0.0203,0.0,AWAKE
0.2513,0.0,0.0,AWAKE
0.2314,0.0288,0.0,AWAKE
0.2367,0.0,0.0,AWAKE
0.225,0.0283,0.0,AWAKE
0.2245,0.02,0.0,AWAKE
0.2084,0.0597,0.0,AWAKE
0.2235,0.0456,0.0,AWAKE
0.226,0.04,0.0,AWAKE
0.2242,0.0,0.0,AWAKE
0.2092,0.0,0.0,AWAKE
0.2263,0.0209,0.0,AWAKE
0.2342,0.0205,0.0,AWAKE
0.2419,0.0209,0.0,AWAKE
0.2501,0.0208,0.0,AWAKE
0.2505,0.0213,0.0,AWAKE
0.2507,0.0418,0.0,AWAKE
0.2481,0.0303,0.0,AWAKE
0.2439,0.0677,0.0,AWAKE
0.2429,0.0865,0.0,AWAKE
0.2415,0.0213,0.0,AWAKE
0.2463,0.0209,0.0,AWAKE
0.2239,0.0205,0.0,AWAKE
0.227,0.0844,0.0,AWAKE
0.2346,0.0648,0.0,AWAKE
0.2337,0.0637,0.0,AWAKE
0.2349,0.0635,0.0,AWAKE
0.2502,0.0648,0.0,AWAKE
0.2431,0.0627,0.0,AWAKE
0.2552,0.0692,0.0,AWAKE
0.2514,0.0675,0.0,AWAKE
0.2493,0.0898,0.0,AWAKE
0.2689,0.0898,0.0,AWAKE
0.2498,0.0891,0.0,AWAKE
0.2759,0.0918,0.0,AWAKE
0.2653,0.0704,0.0,AWAKE
0.2619,0.0496,0.0,AWAKE
0.2841,0.1036,0.0,AWAKE
0.2759,0.1011,0.0,AWAKE
0.2727,0.0798,0.0,AWAKE
0.2729,0.0735,0.0,AWAKE
0.2952,0.0757,0.0,AWAKE
0.2753,0.0743,0.0,AWAKE
0.2849,0.0878,0.0,AWAKE
0.2641,0.0645,0.0,AWAKE
0.2511,0.0682,0.0,AWAKE
0.2504,0.0431,0.0,AWAKE
0.2435,0.0667,0.0,AWAKE
0.2564,0.0462,0.0,AWAKE
0.2502,0.062,0.0,AWAKE
0.2452,0.0462,0.0,AWAKE
0.2444,0.0609,0.0,AWAKE
0.2447,0.0629,0.0,AWAKE
0.2444,0.063,0.0,AWAKE
0.2405,0.0643,0.0,AWAKE
0.2314,0.0203,0.0,AWAKE
0.2337,0.0407,0.0,AWAKE
0.2357,0.0599,0.0,AWAKE
0.2412,0.0619,0.0,AWAKE
0.236,0.02,0.0,AWAKE
0.2482,0.0399,0.0,AWAKE
0.2478,0.0196,0.0,AWAKE
0.2256,0.0391,0.0,AWAKE
0.2375,0.04,0.0,AWAKE
0.2417,0.04,0.0,AWAKE
0.244,0.0196,0.0,AWAKE
0.234,0.0196,0.0,AWAKE
0.2376,0.0438,0.0,AWAKE
0.2394,0.0391,0.0,AWAKE
0.2385,0.02,0.0,AWAKE
0.2355,0.0196,0.0,AWAKE
0.2419,0.0399,0.0,AWAKE
0.2295,0.0199,0.0,AWAKE
0.2406,0.0204,0.0,AWAKE
0.2295,0.0407,0.0,AWAKE
0.2373,0.0407,0.0,AWAKE
0.225,0.0407,0.0,AWAKE
0.2317,0.0407,0.0,AWAKE
0.2295,0.0288,0.0,AWAKE
0.2313,0.0642,0.0,AWAKE
0.2353,0.0642,0.0,AWAKE
0.2278,0.0655,0.0,AWAKE
0.237,0.0405,0.0,AWAKE
0.2494,0.0453,0.0,AWAKE
0.2289,0.0622,0.0,AWAKE
0.2271,0.0292,0.0,AWAKE
0.2138,0.0481,0.0,AWAKE
0.2112,0.0215,0.0,AWAKE
0.1846,0.0889,0.0,AWAKE
0.2049,0.043,0.0,AWAKE
0.193,0.0471,0.0,AWAKE
0.1731,0.0411,0.0,AWAKE
0.1645,0.0616,0.0,AWAKE
0.2058,0.0677,0.0,AWAKE
0.1808,0.0458,0.0,AWAKE
0.1639,0.0427,0.0,AWAKE
0.1815,0.0204,0.0,AWAKE
0.1887,0.0287,0.0,AWAKE
0.1959,0.04,0.0,AWAKE
0.1837,0.0456,0.0,AWAKE
0.1629,0.0645,0.0,AWAKE
0.1902,0.0408,0.0,AWAKE
0.1389,0.0648,0.0,AWAKE
0.2057,0.045,0.0,AWAKE
0.2023,0.0403,0.0,AWAKE
0.2096,0.0197,0.0,AWAKE
0.1978,0.0285,0.0,AWAKE
0.1888,0.046,0.0,AWAKE
0.188,0.0201,0.0,AWAKE
0.194,0.065,0.0,AWAKE
0.2078,0.0625,0.0,AWAKE
0.2098,0.029,0.0,AWAKE
0.203,0.029,0.0,AWAKE
0.2006,0.046,0.0,AWAKE
0.201,0.0395,0.0,AWAKE
0.219,0.045,0.0,AWAKE
0.217,0.0286,0.0,AWAKE
0.1976,0.0452,0.0,AWAKE
0.2116,0.046,0.0,AWAKE
0.2132,0.0403,0.0,AWAKE
0.2293,0.0201,0.0,AWAKE
0.2379,0.029,0.0,AWAKE
0.175,0.0479,0.0,AWAKE
0.171,0.0205,0.0,AWAKE
0.1784,0.0421,0.0,AWAKE
0.253,0.046,0.0,AWAKE
0.2924,0.071,0.0,AWAKE
0.3092,0.0317,0.0,AWAKE
0.3624,0.076,0.0,AWAKE
0.3467,0.0718,0.0,AWAKE
0.3551,0.1202,0.0,AWAKE
0.3781,0.0981,0.0,AWAKE
0.3879,0.0776,0.0,AWAKE
0.4049,0.1041,0.0,AWAKE
0.39,0.0818,0.0,AWAKE
0.4173,0.0739,0.0,AWAKE
0.385,0.1011,0.0,AWAKE
0.3934,0.0794,0.0,AWAKE
0.395,0.076,0.0,AWAKE
0.4106,0.1041,0.0,AWAKE
0.3913,0.1067,0.0,AWAKE
0.3874,0.0798,0.0,AWAKE
0.3524,0.0794,0.0,AWAKE
0.2971,0.0754,0.0,AWAKE
0.2784,0.0702,0.0,AWAKE
0.2706,0.0686,0.0,AWAKE
0.241,0.064,0.0,AWAKE
0.2308,0.0902,0.0,AWAKE
0.1875,0.0627,0.0,AWAKE
0.215,0.0209,0.0,AWAKE
0.2206,0.0467,0.0,AWAKE
0.2437,0.0427,0.0,AWAKE
0.2413,0.0458,0.0,AWAKE
0.2396,0.041,0.0,AWAKE
0.2277,0.0663,0.0,AWAKE
0.2277,0.0456,0.0,AWAKE
0.2372,0.0614,0.0,AWAKE
0.2277,0.0661,0.0,AWAKE
0.2489,0.0862,0.0,AWAKE
0.2366,0.088,0.0,AWAKE
0.2509,0.0692,0.0,AWAKE
0.2609,0.0629,0.0,AWAKE
0.2415,0.0862,0.0,AWAKE
0.2478,0.0467,0.0,AWAKE
0.2347,0.0498,0.0,AWAKE
0.2225,0.0677,0.0,AWAKE
0.2244,0.064,0.0,AWAKE
0.2513,0.041,0.0,AWAKE
0.2287,0.0467,0.0,AWAKE
0.2447,0.064,0.0,AWAKE
0.246,0.021,0.0,AWAKE
0.2299,0.0296,0.0,AWAKE
0.2199,0.0,0.0,AWAKE
0.233,0.0214,0.0,AWAKE
0.242,0.0403,0.0,AWAKE
0.2392,0.0616,0.0,AWAKE
0.2366,0.0401,0.0,AWAKE
0.2413,0.0403,0.0,AWAKE
0.2344,0.0419,0.0,AWAKE
0.2344,0.0469,0.0,AWAKE
0.2374,0.0469,0.0,AWAKE
0.2395,0.0297,0.0,AWAKE
0.2178,0.0452,0.0,AWAKE
0.2066,0.0604,0.0,AWAKE
0.1894,0.0604,0.0,AWAKE
0.1758,0.0443,0.0,AWAKE
0.1674,0.0403,0.0,AWAKE
0.1676,0.0461,0.0,AWAKE
0.184,0.0205,0.0,AWAKE
0.1784,0.0637,0.0,AWAKE
0.1736,0.045,0.0,AWAKE
0.171,0.0201,0.0,AWAKE
0.1727,0.0421,0.0,AWAKE
0.1705,0.021,0.0,AWAKE
0.167,0.0461,0.0,AWAKE
0.1629,0.0461,0.0,AWAKE
0.1491,0.0404,0.0,AWAKE
0.1574,0.0403,0.0,AWAKE
0.1378,0.0403,0.0,AWAKE
0.15,0.045,0.0,AWAKE
0.1602,0.045,0.0,AWAKE
0.1682,0.0202,0.0,AWAKE
0.1729,0.0,0.0,AWAKE
0.1902,0.0279,0.0,AWAKE
0.2016,0.0201,0.0,AWAKE
0.2119,0.0452,0.0,AWAKE
0.2177,0.0618,0.0,AWAKE
0.2093,0.0461,0.0,AWAKE
0.232,0.0606,0.0,AWAKE
0.2273,0.0604,0.0,AWAKE
0.2253,0.0616,0.0,AWAKE
0.2231,0.079,0.0,AWAKE
0.2288,0.0592,0.0,AWAKE
0.2402,0.0833,0.0,AWAKE
0.2337,0.0396,0.0,AWAKE
0.2451,0.0637,0.0,AWAKE
0.2472,0.0604,0.0,AWAKE
0.2451,0.083,0.0,AWAKE
0.2453,0.065,0.0,AWAKE
0.2222,0.0637,0.0,AWAKE
0.2681,0.0618,0.0,AWAKE
0.2482,0.0411,0.0,AWAKE
0.2279,0.0206,0.0,AWAKE
0.2543,0.0825,0.0,AWAKE
0.2643,0.0298,0.0,AWAKE
0.2511,0.0694,0.0,AWAKE
0.2667,0.0493,0.0,AWAKE
0.2817,0.0452,0.0,AWAKE
0.283,0.0726,0.0,AWAKE
0.2707,0.0555,0.0,AWAKE
0.3128,0.0241,0.0,AWAKE
0.2998,0.0,0.0,AWAKE
0.2953,0.0,0.0,AWAKE
0.2904,0.0,0.0,AWAKE
0.3028,0.0,0.0,AWAKE
0.3068,0.0212,0.0,AWAKE
0.2862,0.0,0.0,AWAKE
0.3052,0.0,0.0,AWAKE
0.2934,0.0202,0.0,AWAKE
0.2913,0.0292,0.0,AWAKE
0.2835,0.0206,0.0,AWAKE
0.3078,0.0,0.0,AWAKE
0.264,0.0207,0.0,AWAKE
0.2382,0.0207,0.0,AWAKE
0.2821,0.0216,0.0,AWAKE
0.3471,0.0216,0.0,AWAKE
0.367,0.0,0.0,AWAKE
0.4112,0.0292,0.0,AWAKE
0.4018,0.0206,0.0,AWAKE
0.3869,0.022,0.0,AWAKE
0.4192,0.0207,0.0,AWAKE
0.4127,0.0,0.0,AWAKE
0.4294,0.0207,0.0,AWAKE
0.4329,0.0,0.0,AWAKE
0.4114,0.0,0.0,AWAKE
0.4294,0.0212,0.0,AWAKE
0.4237,0.0207,0.0,AWAKE
0.4035,0.0212,0.0,AWAKE
0.4175,0.0211,0.0,AWAKE
0.4237,0.0,0.0,AWAKE
0.3796,0.0,0.0,AWAKE
0.401,0.0,0.0,AWAKE
0.4036,0.0298,0.0,AWAKE
0.4332,0.021,0.0,AWAKE
0.4142,0.0,0.0,AWAKE
0.4052,0.0211,0.0,AWAKE
0.409,0.0,0.0,AWAKE
0.4205,0.0,0.0,AWAKE
0.4086,0.0298,0.0,AWAKE
0.3853,0.0,0.0,AWAKE
0.4175,0.0211,0.0,AWAKE
0.4194,0.0,0.0,AWAKE
0.3976,0.0298,0.0,AWAKE
0.4225,0.0211,0.0,AWAKE
0.4072,0.0,0.0,AWAKE
0.4064,0.0298,0.0,AWAKE
0.3632,0.0,0.0,AWAKE
0.3897,0.0,0.0,AWAKE
0.3955,0.0215,0.0,AWAKE
0.3882,0.0,0.0,AWAKE
0.3865,0.0,0.0,AWAKE
0.3841,0.0,0.0,AWAKE
0.3727,0.0,0.0,AWAKE
0.3587,0.0,0.0,AWAKE
0.3698,0.0206,0.0,AWAKE
0.3771,0.0197,0.0,AWAKE
0.3662,0.0,0.0,AWAKE
0.3884,0.0,0.0,AWAKE
0.3692,0.0,0.0,AWAKE
0.3742,0.0,0.0,AWAKE
0.3485,0.0,0.0,AWAKE
0.335,0.0,0.0,AWAKE
0.3255,0.0,0.0,AWAKE
0.2853,0.021,0.0,AWAKE
0.3043,0.0,0.0,AWAKE
0.2915,0.0304,0.0,AWAKE
0.2956,0.022,0.0,AWAKE
0.2812,0.043,0.0,AWAKE
0.307,0.0,0.0,AWAKE
0.2992,0.0,0.0,AWAKE
0.2858,0.0,0.0,AWAKE
0.2837,0.0,0.0,AWAKE
0.2618,0.0,0.0,AWAKE
0.2656,0.0,0.0,AWAKE
0.2886,0.0,0.0,AWAKE
0.277,0.0,0.0,AWAKE
0.2782,0.0,0.0,AWAKE
0.2469,0.0331,0.0,AWAKE
0.2706,0.1036,0.0,AWAKE
0.2481,0.2076,0.0,AWAKE
0.2936,0.2117,0.0,AWAKE
0.2823,0.1639,0.0,AWAKE
0.291,0.1597,0.0,AWAKE
0.2828,0.1281,0.0,AWAKE
0.2869,0.0757,0.0,AWAKE
0.2814,0.0918,0.0,AWAKE
0.2456,0.0213,0.0,AWAKE
0.2529,0.0213,0.0,AWAKE
0.2409,0.0436,0.0,AWAKE
0.2598,0.0224,0.0,AWAKE
0.2658,0.0427,0.0,AWAKE
0.2863,0.0,0.0,AWAKE
0.3242,0.0214,0.0,AWAKE
0.3469,0.0219,0.0,AWAKE
0.36,0.0,0.0,AWAKE
0.3256,0.0209,0.0,AWAKE
0.3412,0.0,0.0,AWAKE
0.3502,0.0,0.0,AWAKE
0.3573,0.0,0.0,AWAKE
0.371,0.0,0.0,AWAKE
0.3681,0.0,0.0,AWAKE
0.301,0.0,0.0,AWAKE
0.2039,0.0223,0.0,AWAKE
0.1214,0.0689,0.0,AWAKE
0.1748,0.0298,0.0,AWAKE
0.1736,0.0202,0.0,AWAKE
0.2191,0.0,0.0,AWAKE
0.1701,0.0,0.0,AWAKE
0.1837,0.0,0.0,AWAKE
0.1941,0.0,0.0,AWAKE
0.1887,0.0,0.0,AWAKE
0.1935,0.0,0.0,AWAKE
0.1803,0.0,0.0,AWAKE
0.184,0.0191,0.0,AWAKE
0.1818,0.0191,0.0,AWAKE
0.177,0.0,0.0,AWAKE
0.169,0.0,0.0,AWAKE
0.1742,0.0,0.0,AWAKE
0.1729,0.0,0.0,AWAKE
0.1821,0.0,0.0,AWAKE
0.1869,0.0187,0.0,AWAKE
0.1739,0.0,0.0,AWAKE
0.1951,0.0191,0.0,AWAKE
0.1901,0.0,0.0,AWAKE
0.2063,0.0,0.0,AWAKE
0.1926,0.0,0.0,AWAKE
0.2017,0.0199,0.0,AWAKE
0.2015,0.0,0.0,AWAKE
0.1928,0.0,0.0,AWAKE
0.2012,0.0,0.0,AWAKE
0.211,0.0,0.0,AWAKE
0.2094,0.0194,0.0,AWAKE
0.2182,0.0191,0.0,AWAKE
0.2317,0.0195,0.0,AWAKE
0.2053,0.0382,0.0,AWAKE
0.2055,0.0194,0.0,AWAKE
0.2003,0.0,0.0,AWAKE
0.2155,0.0194,0.0,AWAKE
0.2323,0.0389,0.0,AWAKE
0.2215,0.0275,0.0,AWAKE
0.2184,0.0198,0.0,AWAKE
0.2231,0.0,0.0,AWAKE
0.2268,0.0194,0.0,AWAKE
0.2262,0.0191,0.0,AWAKE
0.2442,0.0191,0.0,AWAKE
0.2374,0.0,0.0,AWAKE
0.2428,0.0269,0.0,AWAKE
0.2374,0.0,0.0,AWAKE
0.2258,0.0191,0.0,AWAKE
0.2275,0.0191,0.0,AWAKE
0.2253,0.0,0.0,AWAKE
0.218,0.027,0.0,AWAKE
0.2404,0.027,0.0,AWAKE
0.2205,0.0381,0.0,AWAKE
0.2275,0.027,0.0,AWAKE
0.2391,0.0191,0.0,AWAKE
0.245,0.0194,0.0,AWAKE
0.2229,0.0434,0.0,AWAKE
0.2314,0.0426,0.0,AWAKE
0.2314,0.0381,0.0,AWAKE
0.2223,0.038,0.0,AWAKE
0.2241,0.0426,0.0,AWAKE
0.2245,0.0426,0.0,AWAKE
0.2219,0.0,0.0,AWAKE
0.2219,0.0275,0.0,AWAKE
0.2155,0.027,0.0,AWAKE
0.2128,0.0,0.0,AWAKE
0.2344,0.0269,0.0,AWAKE
0.2186,0.019,0.0,AWAKE
0.2313,0.0,0.0,AWAKE
0.2362,0.019,0.0,AWAKE
0.2194,0.019,0.0,AWAKE
0.2385,0.019,0.0,AWAKE
0.2142,0.019,0.0,AWAKE
0.2212,0.0274,0.0,AWAKE
0.2301,0.019,0.0,AWAKE
0.2306,0.0416,0.0,AWAKE
0.2333,0.019,0.0,AWAKE
0.2328,0.0269,0.0,AWAKE
0.2133,0.019,0.0,AWAKE
0.2254,0.0426,0.0,AWAKE
0.2354,0.0194,0.0,AWAKE
0.2241,0.0274,0.0,AWAKE
0.2276,0.0268,0.0,AWAKE
0.2349,0.0193,0.0,AWAKE
0.2158,0.0,0.0,AWAKE
0.2461,0.0194,0.0,AWAKE
0.2447,0.0274,0.0,AWAKE
0.2286,0.0194,0.0,AWAKE
0.236,0.0,0.0,AWAKE
0.2379,0.0,0.0,AWAKE
0.2358,0.0,0.0,AWAKE
0.2287,0.0194,0.0,AWAKE
0.2105,0.0274,0.0,AWAKE
0.2261,0.0433,0.0,AWAKE
0.2198,0.0194,0.0,AWAKE
0.2287,0.0194,0.0,AWAKE
0.2128,0.0279,0.0,AWAKE
0.2199,0.0197,0.0,AWAKE
0.2175,0.0197,0.0,AWAKE
0.2294,0.0197,0.0,AWAKE
0.2308,0.0197,0.0,AWAKE
0.2197,0.0278,0.0,AWAKE
0.2186,0.0194,0.0,AWAKE
0.2235,0.0,0.0,AWAKE
0.211,0.0193,0.0,AWAKE
0.2217,0.019,0.0,AWAKE
0.2186,0.0389,0.0,AWAKE
0.2161,0.0194,0.0,AWAKE
0.2043,0.0443,0.0,AWAKE
0.221,0.0387,0.0,AWAKE
0.222,0.0425,0.0,AWAKE
0.2083,0.0389,0.0,AWAKE
0.2053,0.0279,0.0,AWAKE
0.222,0.0275,0.0,AWAKE
0.2221,0.0386,0.0,AWAKE
0.2156,0.0396,0.0,AWAKE
0.2166,0.0,0.0,AWAKE
0.2292,0.0,0.0,AWAKE
0.2076,0.0,0.0,AWAKE
0.2024,0.0286,0.0,AWAKE
0.1982,0.0,0.0,AWAKE
0.1951,0.0202,0.0,AWAKE
0.1796,0.0,0.0,AWAKE
0.1875,0.0,0.0,AWAKE
0.1657,0.0,0.0,AWAKE
0.1424,0.0275,0.0,AWAKE
0.123,0.0281,0.0,AWAKE
0.0904,0.0,0.0,AWAKE
0.1277,0.0,0.0,AWAKE
0.1379,0.0382,0.0,AWAKE
0.1237,0.0195,0.0,AWAKE
0.1201,0.0419,0.0,AWAKE
0.1199,0.0191,0.0,AWAKE
0.1458,0.0195,0.0,AWAKE
0.1419,0.0191,0.0,AWAKE
0.1395,0.0383,0.0,AWAKE
0.1381,0.0375,0.0,AWAKE
0.1403,0.0375,0.0,AWAKE
0.1401,0.0,0.0,AWAKE
0.1369,0.0,0.0,AWAKE
0.1321,0.0,0.0,AWAKE
0.145,0.0,0.0,AWAKE
0.1482,0.0,0.0,AWAKE
0.1583,0.0,0.0,AWAKE
0.1458,0.0187,0.0,AWAKE
0.1388,0.0,0.0,AWAKE
0.1494,0.0195,0.0,AWAKE
0.1425,0.0275,0.0,AWAKE
0.1637,0.0195,0.0,AWAKE
0.1718,0.0,0.0,AWAKE
0.1826,0.0191,0.0,AWAKE
0.1921,0.0195,0.0,AWAKE
0.1799,0.0389,0.0,AWAKE
0.2004,0.0195,0.0,AWAKE
0.1832,0.0,0.0,AWAKE
0.1983,0.0199,0.0,AWAKE
0.1936,0.0203,0.0,AWAKE
0.2191,0.0594,0.0,AWAKE
0.2159,0.0285,0.0,AWAKE
0.2318,0.0,0.0,AWAKE
0.2336,0.0291,0.0,AWAKE
0.2594,0.0403,0.0,AWAKE
0.2479,0.0469,0.0,AWAKE
0.2288,0.0205,0.0,AWAKE
0.2616,0.0411,0.0,AWAKE
0.2484,0.0479,0.0,AWAKE
0.2546,0.0479,0.0,AWAKE
0.2645,0.0438,0.0,AWAKE
0.2422,0.0317,0.0,AWAKE
0.202,0.0,0.0,AWAKE
0.2861,0.0243,0.0,AWAKE
0.2736,0.0,0.0,AWAKE
0.3291,0.0284,0.0,AWAKE
0.3894,0.0,0.0,AWAKE
0.4553,0.0312,0.0,AWAKE
0.3966,0.0345,0.0,AWAKE
0.444,0.0,0.0,AWAKE
0.513,0.0,0.0,AWAKE
0.4353,0.0,0.0,AWAKE
0.5366,0.0614,0.0,AWAKE
0.537,0.0,0.0,AWAKE
0.566,0.0,0.0,AWAKE
0.4348,0.0,0.0,AWAKE
0.5212,0.0487,0.0,AWAKE
0.537,0.0345,0.0,AWAKE
0.5079,0.0,0.0,AWAKE
0.4536,0.037,0.0,AWAKE
0.4728,0.0357,0.0,AWAKE
0.4962,0.0369,0.0,AWAKE
0.4462,0.04,0.0,AWAKE
0.4902,0.0,0.0,AWAKE
0.4471,0.0988,0.0,AWAKE
0.4689,0.4224,0.0,AWAKE
0.446,0.3089,0.0,AWAKE
0.4338,0.2034,0.0,AWAKE
0.4774,0.3323,0.0,AWAKE
0.4881,0.1143,0.0,AWAKE
0.4537,0.0995,0.0,AWAKE
0.4271,0.0726,0.0,AWAKE
0.4284,0.0,0.0,AWAKE
0.4277,0.0317,0.0,AWAKE
0.4399,0.0422,0.0,AWAKE
0.442,0.0317,0.0,AWAKE
0.4622,0.0309,0.0,AWAKE
0.4275,0.0715,0.0,AWAKE
0.3798,0.0,0.0,AWAKE
0.366,0.0,0.0,AWAKE
0.2993,0.0262,0.0,AWAKE
0.2797,0.0,0.0,AWAKE
0.2159,0.0208,0.0,AWAKE
0.2344,0.0203,0.0,AWAKE
0.2184,0.0,0.0,AWAKE
0.1858,0.0208,0.0,AWAKE
0.2063,0.0208,0.0,AWAKE
0.1982,0.0622,0.0,AWAKE
0.2159,0.081,0.0,AWAKE
0.2116,0.0444,0.0,AWAKE
0.2106,0.0397,0.0,AWAKE
0.2124,0.0199,0.0,AWAKE
0.2217,0.0199,0.0,AWAKE
0.2318,0.0286,0.0,AWAKE
0.2379,0.0286,0.0,AWAKE
0.2313,0.0452,0.0,AWAKE
0.2211,0.0197,0.0,AWAKE
0.2126,0.0396,0.0,AWAKE
0.2061,0.0396,0.0,AWAKE
0.2083,0.028,0.0,AWAKE
0.2323,0.0,0.0,AWAKE
0.2259,0.0396,0.0,AWAKE
0.2304,0.0443,0.0,AWAKE
0.2205,0.0641,0.0,AWAKE
0.2319,0.0596,0.0,AWAKE
0.2281,0.0444,0.0,AWAKE
0.2179,0.0642,0.0,AWAKE
0.2113,0.0462,0.0,AWAKE
0.226,0.0618,0.0,AWAKE
0.2285,0.0431,0.0,AWAKE
0.2315,0.0399,0.0,AWAKE
0.2357,0.0597,0.0,AWAKE
0.2266,0.0414,0.0,AWAKE
0.2126,0.0203,0.0,AWAKE
0.2229,0.039,0.0,AWAKE
0.233,0.0198,0.0,AWAKE
0.2382,0.0404,0.0,AWAKE
0.2256,0.0396,0.0,AWAKE
0.2416,0.0395,0.0,AWAKE
0.2468,0.0404,0.0,AWAKE
0.2235,0.0202,0.0,AWAKE
0.2293,0.0,0.0,AWAKE
0.2357,0.0286,0.0,AWAKE
0.2479,0.0286,0.0,AWAKE
0.2456,0.0202,0.0,AWAKE
0.2523,0.0,0.0,AWAKE
0.257,0.028,0.0,AWAKE
0.2468,0.0,0.0,AWAKE
0.2451,0.0,0.0,AWAKE
0.2395,0.0197,0.0,AWAKE
0.2278,0.0198,0.0,AWAKE
0.2325,0.0194,0.0,AWAKE
0.2522,0.028,0.0,AWAKE
0.2456,0.0,0.0,AWAKE
0.2456,0.0194,0.0,AWAKE
0.2125,0.0,0.0,AWAKE
0.2022,0.0198,0.0,AWAKE
0.1875,0.0,0.0,AWAKE
0.1952,0.0,0.0,AWAKE
0.2021,0.0199,0.0,AWAKE
0.1991,0.0,0.0,AWAKE
0.1996,0.0,0.0,AWAKE
0.1879,0.0,0.0,AWAKE
0.1991,0.0195,0.0,AWAKE
0.1969,0.0,0.0,AWAKE
0.2007,0.0,0.0,AWAKE
0.2005,0.0,0.0,AWAKE
0.2108,0.0,0.0,AWAKE
0.2011,0.0198,0.0,AWAKE
0.1827,0.0275,0.0,AWAKE
0.2115,0.0191,0.0,AWAKE
0.2254,0.0,0.0,AWAKE
0.2044,0.0,0.0,AWAKE
0.199,0.027,0.0,AWAKE
0.1939,0.0191,0.0,AWAKE
0.2016,0.0191,0.0,AWAKE
0.2072,0.0191,0.0,AWAKE
0.0978,0.0,0.0,EYE_CLOSED
0.1051,0.0214,0.0,EYE_CLOSED
0.1107,0.0214,0.0,EYE_CLOSED
0.1342,0.0,0.0,EYE_CLOSED
0.0962,0.0,0.0,EYE_CLOSED
0.141,0.0,0.0,EYE_CLOSED
0.103,0.021,0.0,EYE_CLOSED
0.0903,0.021,0.0,EYE_CLOSED
0.1221,0.0,0.0,EYE_CLOSED
0.1093,0.0,0.0,EYE_CLOSED
0.0824,0.021,0.0,EYE_CLOSED
0.0696,0.0,0.0,EYE_CLOSED
0.0807,0.021,0.0,EYE_CLOSED
0.0886,0.0205,0.0,EYE_CLOSED
0.0894,0.0,0.0,EYE_CLOSED
0.1324,0.021,0.0,EYE_CLOSED
0.1036,0.0,0.0,EYE_CLOSED
0.0819,0.021,0.0,EYE_CLOSED
0.0856,0.0,0.0,EYE_CLOSED
0.0801,0.021,0.0,EYE_CLOSED
0.1099,0.0297,0.0,EYE_CLOSED
0.1005,0.0,0.0,EYE_CLOSED
0.1113,0.0,0.0,EYE_CLOSED
0.0905,0.0297,0.0,EYE_CLOSED
0.1103,0.0214,0.0,EYE_CLOSED
0.0891,0.0,0.0,EYE_CLOSED
0.0849,0.021,0.0,EYE_CLOSED
0.0869,0.0205,0.0,EYE_CLOSED
0.0711,0.0291,0.0,EYE_CLOSED
0.0825,0.0,0.0,EYE_CLOSED
0.0858,0.0,0.0,EYE_CLOSED
0.0703,0.0411,0.0,EYE_CLOSED
0.0703,0.0205,0.0,EYE_CLOSED
0.0885,0.021,0.0,EYE_CLOSED
0.0882,0.0,0.0,EYE_CLOSED
0.1151,0.0,0.0,EYE_CLOSED
0.1157,0.0,0.0,EYE_CLOSED
0.1105,0.0,0.0,EYE_CLOSED
0.1229,0.0,0.0,EYE_CLOSED
0.1136,0.0,0.0,EYE_CLOSED
0.1124,0.0419,0.0,EYE_CLOSED
0.1031,0.0,0.0,EYE_CLOSED
0.0863,0.0219,0.0,EYE_CLOSED
0.1609,0.0659,0.0,EYE_CLOSED
0.1414,0.0219,0.0,EYE_CLOSED
0.1527,0.0,0.0,EYE_CLOSED
0.1746,0.0,0.0,EYE_CLOSED
0.144,0.0,0.0,EYE_CLOSED
0.1092,0.0,0.0,EYE_CLOSED
0.1492,0.0,0.0,EYE_CLOSED
0.1267,0.0,0.0,EYE_CLOSED
0.1334,0.0,0.0,EYE_CLOSED
0.1396,0.0,0.0,EYE_CLOSED
0.1503,0.0228,0.0,EYE_CLOSED
0.1603,0.0445,0.0,EYE_CLOSED
0.1395,0.0223,0.0,EYE_CLOSED
0.1321,0.0,0.0,EYE_CLOSED
0.1221,0.0,0.0,EYE_CLOSED
0.1504,0.0219,0.0,EYE_CLOSED
0.1127,0.0479,0.0,EYE_CLOSED
0.1348,0.0,0.0,EYE_CLOSED
0.1061,0.0,0.0,EYE_CLOSED
0.1127,0.0302,0.0,EYE_CLOSED
0.1461,0.0219,0.0,EYE_CLOSED
0.1247,0.0219,0.0,EYE_CLOSED
0.1194,0.0436,0.0,EYE_CLOSED
0.1237,0.0654,0.0,EYE_CLOSED
0.1439,0.0224,0.0,EYE_CLOSED
0.1147,0.0308,0.0,EYE_CLOSED
0.1273,0.0,0.0,EYE_CLOSED
0.1263,0.0,0.0,EYE_CLOSED
0.1446,0.0,0.0,EYE_CLOSED
0.1248,0.0219,0.0,EYE_CLOSED
0.1191,0.0309,0.0,EYE_CLOSED
0.1208,0.0,0.0,EYE_CLOSED
0.1202,0.0,0.0,EYE_CLOSED
0.1096,0.0,0.0,EYE_CLOSED
0.1022,0.0,0.0,EYE_CLOSED
0.1179,0.0214,0.0,EYE_CLOSED
0.1539,0.0219,0.0,EYE_CLOSED
0.1357,0.0214,0.0,EYE_CLOSED
0.1266,0.0,0.0,EYE_CLOSED
0.1352,0.0219,0.0,EYE_CLOSED
0.129,0.0303,0.0,EYE_CLOSED
0.1153,0.0,0.0,EYE_CLOSED
0.1054,0.0214,0.0,EYE_CLOSED
0.1087,0.0214,0.0,EYE_CLOSED
0.1279,0.0309,0.0,EYE_CLOSED
0.1466,0.0219,0.0,EYE_CLOSED
0.132,0.0643,0.0,EYE_CLOSED
0.1172,0.0438,0.0,EYE_CLOSED
0.1294,0.0643,0.0,EYE_CLOSED
0.1413,0.0309,0.0,EYE_CLOSED
0.1427,0.0428,0.0,EYE_CLOSED
0.1294,0.0214,0.0,EYE_CLOSED
0.1306,0.0214,0.0,EYE_CLOSED
0.1389,0.0428,0.0,EYE_CLOSED
0.1436,0.0,0.0,EYE_CLOSED
0.1534,0.0224,0.0,EYE_CLOSED
0.1554,0.0,0.0,EYE_CLOSED
0.151,0.0219,0.0,EYE_CLOSED
0.1401,0.0214,0.0,EYE_CLOSED
0.1477,0.0,0.0,EYE_CLOSED
0.1269,0.0,0.0,EYE_CLOSED
0.1277,0.0428,0.0,EYE_CLOSED
0.1384,0.022,0.0,EYE_CLOSED
0.1534,0.0428,0.0,EYE_CLOSED
0.15,0.0,0.0,EYE_CLOSED
0.1522,0.022,0.0,EYE_CLOSED
0.1635,0.0,0.0,EYE_CLOSED
0.1321,0.0,0.0,EYE_CLOSED
0.1314,0.0,0.0,EYE_CLOSED
0.1114,0.0,0.0,EYE_CLOSED
0.0913,0.0,0.0,EYE_CLOSED
0.1245,0.022,0.0,EYE_CLOSED
0.1371,0.0219,0.0,EYE_CLOSED
0.1542,0.0219,0.0,EYE_CLOSED
0.1907,0.0438,0.0,EYE_CLOSED
0.1441,0.022,0.0,EYE_CLOSED
0.1177,0.0215,0.0,EYE_CLOSED
0.1251,0.0215,0.0,EYE_CLOSED
0.1441,0.0,0.0,EYE_CLOSED
0.0998,0.0,0.0,EYE_CLOSED
0.1246,0.0,0.0,EYE_CLOSED
0.113,0.0438,0.0,EYE_CLOSED
0.0981,0.0215,0.0,EYE_CLOSED
0.1545,0.0645,0.0,EYE_CLOSED
0.1134,0.0215,0.0,EYE_CLOSED
0.1203,0.0,0.0,EYE_CLOSED
0.1124,0.0219,0.0,EYE_CLOSED
0.1536,0.0309,0.0,EYE_CLOSED
0.1279,0.0,0.0,EYE_CLOSED
0.1089,0.0214,0.0,EYE_CLOSED
0.1367,0.0,0.0,EYE_CLOSED
0.1099,0.0219,0.0,EYE_CLOSED
0.1664,0.0,0.0,EYE_CLOSED
0.1548,0.0,0.0,EYE_CLOSED
0.1459,0.0,0.0,EYE_CLOSED
0.1236,0.0,0.0,EYE_CLOSED
0.1772,0.0,0.0,EYE_CLOSED
0.1465,0.0,0.0,EYE_CLOSED
0.1493,0.0219,0.0,EYE_CLOSED
0.1377,0.0218,0.0,EYE_CLOSED
0.1629,0.0,0.0,EYE_CLOSED
0.1343,0.0219,0.0,EYE_CLOSED
0.1433,0.0219,0.0,EYE_CLOSED
0.1585,0.0,0.0,EYE_CLOSED
0.1615,0.0445,0.0,EYE_CLOSED
0.1542,0.0219,0.0,EYE_CLOSED
0.1342,0.022,0.0,EYE_CLOSED
0.1114,0.0439,0.0,EYE_CLOSED
0.1405,0.0214,0.0,EYE_CLOSED
0.1066,0.0479,0.0,EYE_CLOSED
0.115,0.0,0.0,EYE_CLOSED
0.1338,0.0,0.0,EYE_CLOSED
0.1265,0.0,0.0,EYE_CLOSED
0.1389,0.0436,0.0,EYE_CLOSED
0.1574,0.0,0.0,EYE_CLOSED
0.1399,0.0224,0.0,EYE_CLOSED
0.1367,0.0,0.0,EYE_CLOSED
0.1217,0.0214,0.0,EYE_CLOSED
0.1539,0.0219,0.0,EYE_CLOSED
0.1292,0.0219,0.0,EYE_CLOSED
0.1143,0.0449,0.0,EYE_CLOSED
0.1338,0.0219,0.0,EYE_CLOSED
0.1508,0.0219,0.0,EYE_CLOSED
0.1208,0.0303,0.0,EYE_CLOSED
0.1482,0.0219,0.0,EYE_CLOSED
0.1389,0.0219,0.0,EYE_CLOSED
0.1498,0.0,0.0,EYE_CLOSED
0.1484,0.0,0.0,EYE_CLOSED
0.163,0.0,0.0,EYE_CLOSED
0.1829,0.0,0.0,EYE_CLOSED
0.1334,0.0438,0.0,EYE_CLOSED
0.153,0.0214,0.0,EYE_CLOSED
0.1334,0.0,0.0,EYE_CLOSED
0.1528,0.0428,0.0,EYE_CLOSED
0.1542,0.0,0.0,EYE_CLOSED
0.1093,0.0219,0.0,EYE_CLOSED
0.1167,0.0428,0.0,EYE_CLOSED
0.1263,0.0,0.0,EYE_CLOSED
0.1453,0.0219,0.0,EYE_CLOSED
0.1492,0.0214,0.0,EYE_CLOSED
0.1492,0.0,0.0,EYE_CLOSED
0.15,0.0,0.0,EYE_CLOSED
0.1241,0.0213,0.0,EYE_CLOSED
0.1052,0.0215,0.0,EYE_CLOSED
0.1385,0.0,0.0,EYE_CLOSED
0.1114,0.0,0.0,EYE_CLOSED
0.1678,0.0214,0.0,EYE_CLOSED
0.1247,0.0215,0.0,EYE_CLOSED
0.1326,0.0311,0.0,EYE_CLOSED
0.1434,0.0219,0.0,EYE_CLOSED
0.1663,0.0219,0.0,EYE_CLOSED
0.1542,0.0304,0.0,EYE_CLOSED
0.1179,0.022,0.0,EYE_CLOSED
0.1176,0.0309,0.0,EYE_CLOSED
0.1118,0.0219,0.0,EYE_CLOSED
0.129,0.0,0.0,EYE_CLOSED
0.0976,0.0214,0.0,EYE_CLOSED
0.137,0.0,0.0,EYE_CLOSED
0.1324,0.0427,0.0,EYE_CLOSED
0.1118,0.0213,0.0,EYE_CLOSED
0.1154,0.0214,0.0,EYE_CLOSED
0.1162,0.0303,0.0,EYE_CLOSED
0.1333,0.0214,0.0,EYE_CLOSED
0.1417,0.0214,0.0,EYE_CLOSED
0.1498,0.0,0.0,EYE_CLOSED
0.1477,0.0,0.0,EYE_CLOSED
0.1162,0.0439,0.0,EYE_CLOSED
0.1159,0.0,0.0,EYE_CLOSED
0.1313,0.0224,0.0,EYE_CLOSED
0.1367,0.022,0.0,EYE_CLOSED
0.1223,0.0224,0.0,EYE_CLOSED
0.0801,0.0,0.0,EYE_CLOSED
0.1177,0.0,0.0,EYE_CLOSED
0.1229,0.0438,0.0,EYE_CLOSED
0.1218,0.0214,0.0,EYE_CLOSED
0.1125,0.0,0.0,EYE_CLOSED
0.1294,0.0214,0.0,EYE_CLOSED
0.1095,0.0303,0.0,EYE_CLOSED
0.1356,0.0428,0.0,EYE_CLOSED
0.1513,0.0479,0.0,EYE_CLOSED
0.1372,0.0214,0.0,EYE_CLOSED
0.1649,0.0219,0.0,EYE_CLOSED
0.1331,0.0309,0.0,EYE_CLOSED
0.1384,0.0489,0.0,EYE_CLOSED
0.1502,0.021,0.0,EYE_CLOSED
0.1523,0.0214,0.0,EYE_CLOSED
0.1472,0.0,0.0,EYE_CLOSED
0.1498,0.0214,0.0,EYE_CLOSED
0.1425,0.0,0.0,EYE_CLOSED
0.1583,0.0,0.0,EYE_CLOSED
0.1463,0.0,0.0,EYE_CLOSED
0.143,0.0309,0.0,EYE_CLOSED
0.1166,0.0692,0.0,EYE_CLOSED
0.157,0.0302,0.0,EYE_CLOSED
0.1213,0.0,0.0,EYE_CLOSED
0.1427,0.0213,0.0,EYE_CLOSED
0.14,0.0209,0.0,EYE_CLOSED
0.1975,0.0209,0.0,EYE_CLOSED
0.1521,0.0,0.0,EYE_CLOSED
0.1748,0.0214,0.0,EYE_CLOSED
0.1865,0.0,0.0,EYE_CLOSED
0.1659,0.0214,0.0,EYE_CLOSED
0.1787,0.0302,0.0,EYE_CLOSED
0.1436,0.0309,0.0,EYE_CLOSED
0.1172,0.0218,0.0,EYE_CLOSED
0.1185,0.0218,0.0,EYE_CLOSED
0.1247,0.0,0.0,EYE_CLOSED
0.121,0.0214,0.0,EYE_CLOSED
0.1367,0.0219,0.0,EYE_CLOSED
0.1136,0.0219,0.0,EYE_CLOSED
0.0922,0.0302,0.0,EYE_CLOSED
0.1367,0.0219,0.0,EYE_CLOSED
0.1264,0.0214,0.0,EYE_CLOSED
0.1275,0.0214,0.0,EYE_CLOSED
0.15,0.0213,0.0,EYE_CLOSED
0.1157,0.0213,0.0,EYE_CLOSED
0.1215,0.0302,0.0,EYE_CLOSED
0.1474,0.0214,0.0,EYE_CLOSED
0.1387,0.0309,0.0,EYE_CLOSED
0.1243,0.0219,0.0,EYE_CLOSED
0.1153,0.0219,0.0,EYE_CLOSED
0.1239,0.0677,0.0,EYE_CLOSED
0.1237,0.0214,0.0,EYE_CLOSED
0.1344,0.0489,0.0,EYE_CLOSED
0.1172,0.0489,0.0,EYE_CLOSED
0.1275,0.0489,0.0,EYE_CLOSED
0.1483,0.0438,0.0,EYE_CLOSED
0.1335,0.0438,0.0,EYE_CLOSED
0.1367,0.0213,0.0,EYE_CLOSED
0.1268,0.0309,0.0,EYE_CLOSED
0.1362,0.0213,0.0,EYE_CLOSED
0.1017,0.0302,0.0,EYE_CLOSED
0.1538,0.0309,0.0,EYE_CLOSED
0.1326,0.0477,0.0,EYE_CLOSED
0.1455,0.0302,0.0,EYE_CLOSED
0.1264,0.0209,0.0,EYE_CLOSED
0.1141,0.0213,0.0,EYE_CLOSED
0.1324,0.0303,0.0,EYE_CLOSED
0.1248,0.0,0.0,EYE_CLOSED
0.1208,0.0,0.0,EYE_CLOSED
0.1118,0.0,0.0,EYE_CLOSED
0.1343,0.0214,0.0,EYE_CLOSED
0.1349,0.0428,0.0,EYE_CLOSED
0.1284,0.0438,0.0,EYE_CLOSED
0.1449,0.0214,0.0,EYE_CLOSED
0.155,0.0214,0.0,EYE_CLOSED
0.15,0.0,0.0,EYE_CLOSED
0.1118,0.0489,0.0,EYE_CLOSED
0.144,0.0428,0.0,EYE_CLOSED
0.1136,0.0439,0.0,EYE_CLOSED
0.1268,0.0219,0.0,EYE_CLOSED
0.1362,0.0219,0.0,EYE_CLOSED
0.1053,0.0419,0.0,EYE_CLOSED
0.1367,0.0214,0.0,EYE_CLOSED
0.1096,0.0214,0.0,EYE_CLOSED
0.1238,0.0,0.0,EYE_CLOSED
0.151,0.0214,0.0,EYE_CLOSED
0.1114,0.0214,0.0,EYE_CLOSED
0.1147,0.043,0.0,EYE_CLOSED
0.1227,0.0,0.0,EYE_CLOSED
0.1294,0.0303,0.0,EYE_CLOSED
0.1558,0.0428,0.0,EYE_CLOSED
0.1134,0.0,0.0,EYE_CLOSED
0.1153,0.0,0.0,EYE_CLOSED
0.1215,0.0,0.0,EYE_CLOSED
0.1149,0.0,0.0,EYE_CLOSED
0.1136,0.0219,0.0,EYE_CLOSED
0.1324,0.0303,0.0,EYE_CLOSED
0.1284,0.0,0.0,EYE_CLOSED
0.13,0.0304,0.0,EYE_CLOSED
0.115,0.0215,0.0,EYE_CLOSED
0.1036,0.0,0.0,EYE_CLOSED
0.1474,0.021,0.0,EYE_CLOSED
0.1477,0.021,0.0,EYE_CLOSED
0.0997,0.0,0.0,EYE_CLOSED
0.1062,0.021,0.0,EYE_CLOSED
0.119,0.0,0.0,EYE_CLOSED
0.0963,0.0214,0.0,EYE_CLOSED
0.1523,0.0,0.0,EYE_CLOSED
0.1401,0.0219,0.0,EYE_CLOSED
0.1277,0.0303,0.0,EYE_CLOSED
0.1134,0.0214,0.0,EYE_CLOSED
0.0762,0.0,0.0,EYE_CLOSED
0.1374,0.0214,0.0,EYE_CLOSED
0.1289,0.021,0.0,EYE_CLOSED
0.0997,0.0,0.0,EYE_CLOSED
0.126,0.0,0.0,EYE_CLOSED
0.1349,0.0304,0.0,EYE_CLOSED
0.1248,0.0,0.0,EYE_CLOSED
0.1114,0.0215,0.0,EYE_CLOSED
0.1095,0.0,0.0,EYE_CLOSED
0.0985,0.0,0.0,EYE_CLOSED
0.1127,0.0,0.0,EYE_CLOSED
0.1189,0.0,0.0,EYE_CLOSED
0.1199,0.0213,0.0,EYE_CLOSED
0.0824,0.0218,0.0,EYE_CLOSED
0.0859,0.0214,0.0,EYE_CLOSED
0.0842,0.0214,0.0,EYE_CLOSED
0.089,0.0214,0.0,EYE_CLOSED
0.1105,0.0215,0.0,EYE_CLOSED
0.0808,0.021,0.0,EYE_CLOSED
0.1265,0.0215,0.0,EYE_CLOSED
0.1025,0.0214,0.0,EYE_CLOSED
0.1087,0.0219,0.0,EYE_CLOSED
0.1095,0.0215,0.0,EYE_CLOSED
0.1346,0.0439,0.0,EYE_CLOSED
0.1165,0.0215,0.0,EYE_CLOSED
0.1143,0.0215,0.0,EYE_CLOSED
0.1384,0.0214,0.0,EYE_CLOSED
0.1106,0.0214,0.0,EYE_CLOSED
0.1343,0.0309,0.0,EYE_CLOSED
0.1022,0.0311,0.0,EYE_CLOSED
0.1312,0.022,0.0,EYE_CLOSED
0.1206,0.0,0.0,EYE_CLOSED
0.141,0.0,0.0,EYE_CLOSED
0.1099,0.022,0.0,EYE_CLOSED
0.1112,0.043,0.0,EYE_CLOSED
0.1282,0.0214,0.0,EYE_CLOSED
0.1101,0.0304,0.0,EYE_CLOSED
0.1335,0.0,0.0,EYE_CLOSED
0.1394,0.0,0.0,EYE_CLOSED
0.0984,0.0215,0.0,EYE_CLOSED
0.1329,0.0,0.0,EYE_CLOSED
0.1301,0.0,0.0,EYE_CLOSED
0.1742,0.0,0.0,EYE_CLOSED
0.1251,0.021,0.0,EYE_CLOSED
0.1334,0.0214,0.0,EYE_CLOSED
0.161,0.0215,0.0,EYE_CLOSED
0.1208,0.0214,0.0,EYE_CLOSED
0.1053,0.0214,0.0,EYE_CLOSED
0.1003,0.0215,0.0,EYE_CLOSED
0.0797,0.0215,0.0,EYE_CLOSED
0.1086,0.0215,0.0,EYE_CLOSED
0.1017,0.0439,0.0,EYE_CLOSED
0.1583,0.021,0.0,EYE_CLOSED
0.1201,0.0214,0.0,EYE_CLOSED
0.1227,0.0214,0.0,EYE_CLOSED
0.1772,0.0,0.0,EYE_CLOSED
0.1136,0.0,0.0,EYE_CLOSED
0.1607,0.0438,0.0,EYE_CLOSED
0.1414,0.0,0.0,EYE_CLOSED
0.1764,0.0218,0.0,EYE_CLOSED
0.1532,0.0218,0.0,EYE_CLOSED
0.1852,0.0218,0.0,EYE_CLOSED
0.187,0.0,0.0,EYE_CLOSED
0.1817,0.0212,0.0,EYE_CLOSED
0.1474,0.0,0.0,EYE_CLOSED
0.1765,0.0,0.0,EYE_CLOSED
0.1549,0.0223,0.0,EYE_CLOSED
0.1781,0.0233,0.0,EYE_CLOSED
0.1852,0.0238,0.0,EYE_CLOSED
0.1545,0.0329,0.0,EYE_CLOSED
0.1831,0.0237,0.0,EYE_CLOSED
0.1962,0.0343,0.0,EYE_CLOSED
0.1821,0.0244,0.0,EYE_CLOSED
0.1917,0.0238,0.0,EYE_CLOSED
0.1744,0.0233,0.0,EYE_CLOSED
0.1367,0.0,0.0,EYE_CLOSED
0.1733,0.0237,0.0,EYE_CLOSED
0.1684,0.0,0.0,EYE_CLOSED
0.1736,0.0,0.0,EYE_CLOSED
0.1944,0.0238,0.0,EYE_CLOSED
0.1601,0.0244,0.0,EYE_CLOSED
0.1548,0.0,0.0,EYE_CLOSED
0.1707,0.0238,0.0,EYE_CLOSED
0.1732,0.0233,0.0,EYE_CLOSED
0.1753,0.0,0.0,EYE_CLOSED
0.1653,0.0,0.0,EYE_CLOSED
0.1693,0.0,0.0,EYE_CLOSED
0.1525,0.0,0.0,EYE_CLOSED
0.1515,0.0,0.0,EYE_CLOSED
0.1282,0.0,0.0,EYE_CLOSED
0.1565,0.0,0.0,EYE_CLOSED
0.1574,0.0,0.0,EYE_CLOSED
0.1618,0.0,0.0,EYE_CLOSED
0.1478,0.0228,0.0,EYE_CLOSED
0.1534,0.0,0.0,EYE_CLOSED
0.1829,0.0,0.0,EYE_CLOSED
0.1885,0.0,0.0,EYE_CLOSED
0.1751,0.0,0.0,EYE_CLOSED
0.197,0.0228,0.0,EYE_CLOSED
0.1562,0.0238,0.0,EYE_CLOSED
0.1461,0.0228,0.0,EYE_CLOSED
0.1424,0.0233,0.0,EYE_CLOSED
0.1618,0.0509,0.0,EYE_CLOSED
0.1796,0.0,0.0,EYE_CLOSED
0.1454,0.0223,0.0,EYE_CLOSED
0.1923,0.0223,0.0,EYE_CLOSED
0.1457,0.0,0.0,EYE_CLOSED
0.1525,0.0315,0.0,EYE_CLOSED
0.1384,0.0,0.0,EYE_CLOSED
0.1607,0.0,0.0,EYE_CLOSED
0.1442,0.0,0.0,EYE_CLOSED
0.1559,0.0,0.0,EYE_CLOSED
0.146,0.0223,0.0,EYE_CLOSED
0.1318,0.0,0.0,EYE_CLOSED
0.1629,0.0,0.0,EYE_CLOSED
0.173,0.0,0.0,EYE_CLOSED
0.1605,0.0,0.0,EYE_CLOSED
0.1664,0.0223,0.0,EYE_CLOSED
0.1503,0.0,0.0,EYE_CLOSED
0.1753,0.0,0.0,EYE_CLOSED
0.1758,0.0,0.0,EYE_CLOSED
0.1477,0.0,0.0,EYE_CLOSED
0.1556,0.0,0.0,EYE_CLOSED
0.1839,0.0228,0.0,EYE_CLOSED
0.1399,0.0,0.0,EYE_CLOSED
0.1252,0.0227,0.0,EYE_CLOSED
0.1806,0.0223,0.0,EYE_CLOSED
0.1416,0.0228,0.0,EYE_CLOSED
0.1387,0.0,0.0,EYE_CLOSED
0.1393,0.0223,0.0,EYE_CLOSED
0.1434,0.0,0.0,EYE_CLOSED
0.1053,0.0,0.0,EYE_CLOSED
0.1234,0.0,0.0,EYE_CLOSED
0.1377,0.0,0.0,EYE_CLOSED
0.1397,0.0228,0.0,EYE_CLOSED
0.1368,0.0,0.0,EYE_CLOSED
0.1541,0.0,0.0,EYE_CLOSED
0.1408,0.0,0.0,EYE_CLOSED
0.1388,0.0,0.0,EYE_CLOSED
0.1422,0.0,0.0,EYE_CLOSED
0.1954,0.0,0.0,EYE_CLOSED
0.1524,0.0,0.0,EYE_CLOSED
0.1693,0.0445,0.0,EYE_CLOSED
0.1827,0.0,0.0,EYE_CLOSED
0.1708,0.0,0.0,EYE_CLOSED
0.1774,0.0,0.0,EYE_CLOSED
0.1617,0.0,0.0,EYE_CLOSED
0.1174,0.0,0.0,EYE_CLOSED
0.1596,0.0,0.0,EYE_CLOSED
0.1696,0.0223,0.0,EYE_CLOSED
0.1367,0.0322,0.0,EYE_CLOSED
0.1471,0.0,0.0,EYE_CLOSED
0.1534,0.0,0.0,EYE_CLOSED
0.1657,0.0,0.0,EYE_CLOSED
0.155,0.0,0.0,EYE_CLOSED
0.146,0.0,0.0,EYE_CLOSED
0.1543,0.0,0.0,EYE_CLOSED
0.1554,0.0219,0.0,EYE_CLOSED
0.1402,0.0,0.0,EYE_CLOSED
0.1778,0.0,0.0,EYE_CLOSED
0.1296,0.0,0.0,EYE_CLOSED
0.1453,0.0,0.0,EYE_CLOSED
0.1625,0.0228,0.0,EYE_CLOSED
0.1491,0.0,0.0,EYE_CLOSED
0.1756,0.0223,0.0,EYE_CLOSED
0.155,0.0218,0.0,EYE_CLOSED
0.1523,0.0,0.0,EYE_CLOSED
0.1479,0.0315,0.0,EYE_CLOSED
0.1685,0.0223,0.0,EYE_CLOSED
0.1629,0.0,0.0,EYE_CLOSED
0.1374,0.0224,0.0,EYE_CLOSED
0.1812,0.0438,0.0,EYE_CLOSED
0.1407,0.0445,0.0,EYE_CLOSED
0.1881,0.0,0.0,EYE_CLOSED
0.1841,0.0218,0.0,EYE_CLOSED
0.1614,0.0434,0.0,EYE_CLOSED
0.1976,0.0,0.0,EYE_CLOSED
0.1586,0.0,0.0,EYE_CLOSED
0.1509,0.0322,0.0,EYE_CLOSED
0.1577,0.0217,0.0,EYE_CLOSED
0.1409,0.0,0.0,EYE_CLOSED
0.1552,0.0223,0.0,EYE_CLOSED
0.1648,0.0,0.0,EYE_CLOSED
0.1797,0.0,0.0,EYE_CLOSED
0.1815,0.0223,0.0,EYE_CLOSED
0.1864,0.0498,0.0,EYE_CLOSED
0.1817,0.0223,0.0,EYE_CLOSED
0.221,0.0,0.0,EYE_CLOSED
0.1907,0.0,0.0,EYE_CLOSED
0.2109,0.0223,0.0,EYE_CLOSED
0.1668,0.0,0.0,EYE_CLOSED
0.1757,0.0,0.0,EYE_CLOSED
0.1812,0.0,0.0,EYE_CLOSED
0.1775,0.0,0.0,EYE_CLOSED
0.1686,0.0,0.0,EYE_CLOSED
0.1809,0.0,0.0,EYE_CLOSED
0.1513,0.0223,0.0,EYE_CLOSED
0.1675,0.0,0.0,EYE_CLOSED
0.1542,0.0,0.0,EYE_CLOSED
0.1667,0.0436,0.0,EYE_CLOSED
0.1578,0.0,0.0,EYE_CLOSED
0.1829,0.0,0.0,EYE_CLOSED
0.182,0.0,0.0,EYE_CLOSED
0.1558,0.0218,0.0,EYE_CLOSED
0.1629,0.0219,0.0,EYE_CLOSED
0.155,0.0,0.0,EYE_CLOSED
0.1575,0.0,0.0,EYE_CLOSED
0.146,0.0,0.0,EYE_CLOSED
0.1498,0.0,0.0,EYE_CLOSED
0.129,0.0,0.0,EYE_CLOSED
0.1599,0.0,0.0,EYE_CLOSED
0.1448,0.0228,0.0,EYE_CLOSED
0.1737,0.0447,0.0,EYE_CLOSED
0.1656,0.0224,0.0,EYE_CLOSED
0.1911,0.0228,0.0,EYE_CLOSED
0.1761,0.0218,0.0,EYE_CLOSED
0.1558,0.0224,0.0,EYE_CLOSED
0.1718,0.0224,0.0,EYE_CLOSED
0.1639,0.0,0.0,EYE_CLOSED
0.1349,0.0223,0.0,EYE_CLOSED
0.1371,0.0,0.0,EYE_CLOSED
0.1667,0.0229,0.0,EYE_CLOSED
0.1612,0.0,0.0,EYE_CLOSED
0.1763,0.0223,0.0,EYE_CLOSED
0.2026,0.0,0.0,EYE_CLOSED
0.1609,0.0,0.0,EYE_CLOSED
0.1767,0.0224,0.0,EYE_CLOSED
0.1714,0.0234,0.0,EYE_CLOSED
0.1721,0.0229,0.0,EYE_CLOSED
0.1608,0.0,0.0,EYE_CLOSED
0.1528,0.0,0.0,EYE_CLOSED
0.1915,0.0,0.0,EYE_CLOSED
0.1997,0.0,0.0,EYE_CLOSED
0.1678,0.0223,0.0,EYE_CLOSED
0.163,0.0223,0.0,EYE_CLOSED
0.1799,0.0,0.0,EYE_CLOSED
0.1926,0.0,0.0,EYE_CLOSED
0.1844,0.0,0.0,EYE_CLOSED
0.1886,0.0,0.0,EYE_CLOSED
0.1582,0.0223,0.0,EYE_CLOSED
0.175,0.0,0.0,EYE_CLOSED
0.173,0.0,0.0,EYE_CLOSED
0.2652,0.7994,0.0,YAWNING
0.2854,0.8494,0.0,YAWNING
0.2578,0.8789,0.0,YAWNING
0.2641,0.837,0.0,YAWNING
0.2804,0.8238,0.0,YAWNING
0.2588,0.7811,0.0,YAWNING
0.2876,0.7854,0.0,YAWNING
0.2702,0.8094,0.0,YAWNING
0.2788,0.8468,0.0,YAWNING
0.2792,0.8018,0.0,YAWNING
0.2766,0.7985,0.0,YAWNING
0.2858,0.8543,0.0,YAWNING
0.278,0.8057,0.0,YAWNING
0.2786,0.7795,0.0,YAWNING
0.2677,0.7994,0.0,YAWNING
0.2972,0.8215,0.0,YAWNING
0.2707,0.7306,0.0,YAWNING
0.2766,0.8251,0.0,YAWNING
0.2835,0.7402,0.0,YAWNING
0.2881,0.8215,0.0,YAWNING
0.2936,0.7723,0.0,YAWNING
0.2778,0.7854,0.0,YAWNING
0.2856,0.7831,0.0,YAWNING
0.2877,0.8514,0.0,YAWNING
0.2984,0.8828,0.0,YAWNING
0.2727,0.8379,0.0,YAWNING
0.2724,0.8209,0.0,YAWNING
0.2822,0.8898,0.0,YAWNING
0.2694,0.8902,0.0,YAWNING
0.2754,0.9572,0.0,YAWNING
0.2702,0.9395,0.0,YAWNING
0.2626,0.9415,0.0,YAWNING
0.2692,0.9019,0.0,YAWNING
0.2701,0.9029,0.0,YAWNING
0.2932,0.8736,0.0,YAWNING
0.262,0.8379,0.0,YAWNING
0.2743,0.8086,0.0,YAWNING
0.2719,0.8477,0.0,YAWNING
0.2963,0.7933,0.0,YAWNING
0.2757,0.7896,0.0,YAWNING
0.2674,0.7616,0.0,YAWNING
0.2677,0.7679,0.0,YAWNING
0.2633,0.8343,0.0,YAWNING
0.2641,0.8951,0.0,YAWNING
0.2553,0.8334,0.0,YAWNING
0.2549,0.8296,0.0,YAWNING
0.2669,0.8334,0.0,YAWNING
0.2837,0.8149,0.0,YAWNING
0.2913,0.8062,0.0,YAWNING
0.2604,0.7573,0.0,YAWNING
0.2515,0.846,0.0,YAWNING
0.2629,0.7699,0.0,YAWNING
0.2849,0.9019,0.0,YAWNING
0.2766,0.8045,0.0,YAWNING
0.2777,0.9264,0.0,YAWNING
0.2775,0.7967,0.0,YAWNING
0.2823,0.8853,0.0,YAWNING
0.2923,0.892,0.0,YAWNING
0.2962,0.8719,0.0,YAWNING
0.2798,0.9098,0.0,YAWNING
0.2728,0.9011,0.0,YAWNING
0.2782,0.9944,0.0,YAWNING
0.2726,0.9113,0.0,YAWNING
0.2635,0.921,0.0,YAWNING
0.2872,0.9769,0.0,YAWNING
0.2897,0.9824,0.0,YAWNING
0.2748,0.9649,0.0,YAWNING
0.2619,1.1099,0.0,YAWNING
0.2755,1.0985,0.0,YAWNING
0.2831,1.0687,0.0,YAWNING
0.2687,1.0405,0.0,YAWNING
0.2745,1.0372,0.0,YAWNING
0.2741,0.9898,0.0,YAWNING
0.2766,1.042,0.0,YAWNING
0.2789,1.0746,0.0,YAWNING
0.2876,1.119,0.0,YAWNING
0.2872,1.0418,0.0,YAWNING
0.2574,1.0872,0.0,YAWNING
0.2669,1.1199,0.0,YAWNING
0.2645,1.0672,0.0,YAWNING
0.2662,1.106,0.0,YAWNING
0.268,1.1495,0.0,YAWNING
0.2727,1.236,0.0,YAWNING
0.2709,1.1848,0.0,YAWNING
0.2491,1.2958,0.0,YAWNING
0.258,1.2492,0.0,YAWNING
0.2374,1.2198,0.0,YAWNING
0.2516,1.328,0.0,YAWNING
0.2567,1.2853,0.0,YAWNING
0.1674,1.4277,0.0,YAWNING
0.1538,1.266,0.0,YAWNING
0.1655,1.3146,0.0,YAWNING
0.2359,1.2991,0.0,YAWNING
0.2751,1.3167,0.0,YAWNING
0.3187,1.1704,0.0,YAWNING
0.333,1.2196,0.0,YAWNING
0.3381,1.3502,0.0,YAWNING
0.356,1.1844,0.0,YAWNING
0.3459,1.2482,0.0,YAWNING
0.3452,1.2254,0.0,YAWNING
0.3582,1.121,0.0,YAWNING
0.3438,1.2848,0.0,YAWNING
0.3281,1.1799,0.0,YAWNING
0.3545,1.2607,0.0,YAWNING
0.3331,1.3392,0.0,YAWNING
0.3441,1.1756,0.0,YAWNING
0.2558,1.3438,0.0,YAWNING
0.1686,1.2049,0.0,YAWNING
0.11,1.3798,0.0,YAWNING
0.127,1.3762,0.0,YAWNING
0.1667,1.2369,0.0,YAWNING
0.217,1.21,0.0,YAWNING
0.2068,1.037,0.0,YAWNING
0.2273,1.0986,0.0,YAWNING
0.2268,0.9361,0.0,YAWNING
0.2234,0.8823,0.0,YAWNING
0.2192,0.7994,0.0,YAWNING
0.2217,0.6955,0.0,YAWNING
0.2125,0.7043,0.0,YAWNING
0.2342,0.7858,0.0,YAWNING
0.2486,0.8512,0.0,YAWNING
0.2351,0.7765,0.0,YAWNING
0.2311,0.7649,0.0,YAWNING
0.2418,0.6913,0.0,YAWNING
0.232,0.6286,0.0,YAWNING
0.2382,0.5804,0.0,YAWNING
0.2329,0.5403,0.0,YAWNING
0.2167,0.4995,0.0,YAWNING
0.223,0.4679,0.0,YAWNING
0.2162,0.5229,0.0,YAWNING
0.2054,0.5652,0.0,YAWNING
0.2183,0.5872,0.0,YAWNING
0.1656,0.6279,0.0,YAWNING
0.0922,0.6895,0.0,YAWNING
0.0676,0.7033,0.0,YAWNING
0.1124,0.7013,0.0,YAWNING
0.1174,0.7632,0.0,YAWNING
0.1691,0.809,0.0,YAWNING
0.1366,0.9468,0.0,YAWNING
0.1418,0.9925,0.0,YAWNING
0.1199,0.9408,0.0,YAWNING
0.1532,1.067,0.0,YAWNING
0.1339,1.1091,0.0,YAWNING
0.1337,1.231,0.0,YAWNING
0.1257,1.1415,0.0,YAWNING
0.1387,1.2595,0.0,YAWNING
0.1475,1.1697,0.0,YAWNING
0.1314,1.0927,0.0,YAWNING
0.1256,1.1366,0.0,YAWNING
0.1545,1.1515,0.0,YAWNING
0.1474,1.1825,0.0,YAWNING
0.1526,1.1906,0.0,YAWNING
0.1717,1.187,0.0,YAWNING
0.1803,1.1613,0.0,YAWNING
0.1655,1.1989,0.0,YAWNING
0.1476,1.1534,0.0,YAWNING
0.1637,1.1636,0.0,YAWNING
0.1531,1.1142,0.0,YAWNING
0.1499,1.0188,0.0,YAWNING
0.1616,1.0393,0.0,YAWNING
0.1486,1.0153,0.0,YAWNING
0.1421,1.0356,0.0,YAWNING
0.1556,1.0,0.0,YAWNING
0.148,0.9288,0.0,YAWNING
0.1562,0.8519,0.0,YAWNING
0.1945,0.6512,0.0,YAWNING
0.1734,0.6038,0.0,YAWNING
0.1601,0.5277,0.0,YAWNING
0.1595,0.5234,0.0,YAWNING
0.1632,0.5373,0.0,YAWNING
0.1626,0.6183,0.0,YAWNING
0.1737,0.6465,0.0,YAWNING
0.1676,0.7218,0.0,YAWNING
0.162,0.7245,0.0,YAWNING
0.1644,0.6793,0.0,YAWNING
0.181,0.6708,0.0,YAWNING
0.1928,0.7032,0.0,YAWNING
0.1619,0.665,0.0,YAWNING
0.0526,0.7385,0.0,YAWNING
0.0661,0.7005,0.0,YAWNING
0.0769,0.6857,0.0,YAWNING
0.0936,0.6778,0.0,YAWNING
0.15,0.6358,0.0,YAWNING
0.1646,0.6286,0.0,YAWNING
0.1994,0.6771,0.0,YAWNING
0.2123,0.6545,0.0,YAWNING
0.2134,0.6218,0.0,YAWNING
0.216,0.5543,0.0,YAWNING
0.2097,0.5077,0.0,YAWNING
0.2157,0.5167,0.0,YAWNING
0.2315,0.5789,0.0,YAWNING
0.2089,0.5732,0.0,YAWNING
0.2125,0.5091,0.0,YAWNING
0.2315,0.6085,0.0,YAWNING
0.2017,0.6008,0.0,YAWNING
0.2098,0.6545,0.0,YAWNING
0.2245,0.6202,0.0,YAWNING
0.2305,0.6345,0.0,YAWNING
0.2565,0.6319,0.0,YAWNING
0.2704,0.6545,0.0,YAWNING
0.2852,0.6608,0.0,YAWNING
0.278,0.683,0.0,YAWNING
0.2579,0.7066,0.0,YAWNING
0.2569,0.7357,0.0,YAWNING
0.2484,0.6887,0.0,YAWNING
0.2462,0.7122,0.0,YAWNING
0.2644,0.675,0.0,YAWNING
0.2549,0.6589,0.0,YAWNING
0.2467,0.6977,0.0,YAWNING
0.2532,0.6808,0.0,YAWNING
0.2467,0.6524,0.0,YAWNING
0.2434,0.6992,0.0,YAWNING
0.2361,0.6887,0.0,YAWNING
0.2438,0.6946,0.0,YAWNING
0.2463,0.6622,0.0,YAWNING
0.2527,0.626,0.0,YAWNING
0.256,0.5834,0.0,YAWNING
0.2572,0.5778,0.0,YAWNING
0.2636,0.5967,0.0,YAWNING
0.244,0.5468,0.0,YAWNING
0.2566,0.5578,0.0,YAWNING
0.2523,0.5436,0.0,YAWNING
0.2505,0.5515,0.0,YAWNING
0.2381,0.523,0.0,YAWNING
0.2516,0.5515,0.0,YAWNING
0.243,0.6033,0.0,YAWNING
0.2498,0.5492,0.0,YAWNING
0.2392,0.5689,0.0,YAWNING
0.2375,0.5743,0.0,YAWNING
0.2416,0.6248,0.0,YAWNING
0.2381,0.606,0.0,YAWNING
0.2452,0.6186,0.0,YAWNING
0.2452,0.5636,0.0,YAWNING
0.2402,0.5077,0.0,YAWNING
0.2456,0.5203,0.0,YAWNING
0.2375,0.523,0.0,YAWNING
0.2375,0.5436,0.0,YAWNING
0.2293,0.5436,0.0,YAWNING
0.2375,0.5632,0.0,YAWNING
0.2447,0.572,0.0,YAWNING
0.2475,0.5515,0.0,YAWNING
0.2467,0.5403,0.0,YAWNING
0.2471,0.523,0.0,YAWNING
0.2463,0.5515,0.0,YAWNING
0.2512,0.5403,0.0,YAWNING
0.2342,0.5603,0.0,YAWNING
0.2556,0.5083,0.0,YAWNING
0.2475,0.4923,0.0,YAWNING
0.2429,0.5156,0.0,YAWNING
0.2462,0.4541,0.0,YAWNING
0.2385,0.3929,0.0,YAWNING
0.2368,0.4245,0.0,YAWNING
0.2446,0.4089,0.0,YAWNING
0.2512,0.4041,0.0,YAWNING
0.2409,0.4105,0.0,YAWNING
0.2421,0.4746,0.0,YAWNING
0.1115,0.4947,0.0,YAWNING
0.09,0.5078,0.0,YAWNING
0.1588,0.5083,0.0,YAWNING
0.2159,0.4882,0.0,YAWNING
0.235,0.5179,0.0,YAWNING
0.2419,0.5272,0.0,YAWNING
0.2466,0.4848,0.0,YAWNING
0.226,0.4999,0.0,YAWNING
0.2391,0.5661,0.0,YAWNING
0.2414,0.4903,0.0,YAWNING
0.2314,0.5374,0.0,YAWNING
0.2314,0.5502,0.0,YAWNING
0.2456,0.5281,0.0,YAWNING
0.2456,0.517,0.0,YAWNING
0.2485,0.5077,0.0,YAWNING
0.248,0.5417,0.0,YAWNING
0.2375,0.5535,0.0,YAWNING
0.2392,0.6237,0.0,YAWNING
0.228,0.6417,0.0,YAWNING
0.2247,0.6969,0.0,YAWNING
0.2431,0.7118,0.0,YAWNING
0.234,0.7742,0.0,YAWNING
0.2315,0.7355,0.0,YAWNING
0.2415,0.8023,0.0,YAWNING
0.2609,0.7628,0.0,YAWNING
0.2495,0.7469,0.0,YAWNING
0.2482,0.7142,0.0,YAWNING
0.2571,0.7291,0.0,YAWNING
0.2459,0.7546,0.0,YAWNING
0.2436,0.7517,0.0,YAWNING
0.2524,0.7443,0.0,YAWNING
0.2374,0.8541,0.0,YAWNING
0.2524,0.8811,0.0,YAWNING
0.2391,0.841,0.0,YAWNING
0.2411,0.8835,0.0,YAWNING
0.2365,0.8811,0.0,YAWNING
0.2166,0.7757,0.0,YAWNING
0.223,0.8158,0.0,YAWNING
0.1919,0.8207,0.0,YAWNING
0.158,0.7122,0.0,YAWNING
0.1884,0.6524,0.0,YAWNING
0.1838,0.6362,0.0,YAWNING
0.1636,0.6177,0.0,YAWNING
0.135,0.6229,0.0,YAWNING
0.1445,0.6038,0.0,YAWNING
0.1692,0.5247,0.0,YAWNING
0.1906,0.4978,0.0,YAWNING
0.1926,0.4827,0.0,YAWNING
0.2044,0.5179,0.0,YAWNING
0.1941,0.477,0.0,YAWNING
0.1887,0.4746,0.0,YAWNING
0.1838,0.478,0.0,YAWNING
0.0911,0.4609,0.0,YAWNING
0.0421,0.4414,0.0,YAWNING
0.0621,0.4859,0.0,YAWNING
0.1059,0.4651,0.0,YAWNING
0.1618,0.4609,0.0,YAWNING
0.1754,0.5083,0.0,YAWNING
0.1992,0.4688,0.0,YAWNING
0.1943,0.4349,0.0,YAWNING
0.219,0.4666,0.0,YAWNING
0.198,0.4329,0.0,YAWNING
0.2167,0.4688,0.0,YAWNING
0.2215,0.4696,0.0,YAWNING
0.213,0.4202,0.0,YAWNING
0.2151,0.4243,0.0,YAWNING
0.172,0.4746,0.0,YAWNING
0.1076,0.5,0.0,YAWNING
0.1027,0.5218,0.0,YAWNING
0.106,0.57,0.0,YAWNING
0.2108,0.6085,0.0,YAWNING
0.262,0.5179,0.0,YAWNING
0.3147,0.5967,0.0,YAWNING
0.3526,0.6468,0.0,YAWNING
0.3777,0.5721,0.0,YAWNING
0.3487,0.619,0.0,YAWNING
0.3931,0.6799,0.0,YAWNING
0.3598,0.6389,0.0,YAWNING
0.3437,0.58,0.0,YAWNING
0.3527,0.6885,0.0,YAWNING
0.3614,0.6694,0.0,YAWNING
0.3428,0.7241,0.0,YAWNING
0.3272,0.6696,0.0,YAWNING
0.3194,0.6384,0.0,YAWNING
0.3655,0.7053,0.0,YAWNING
0.3449,0.7202,0.0,YAWNING
0.3341,0.6191,0.0,YAWNING
0.2745,0.5729,0.0,YAWNING
0.2253,0.6384,0.0,YAWNING
0.1969,0.6183,0.0,YAWNING
0.2792,0.6183,0.0,YAWNING
0.2985,0.6389,0.0,YAWNING
0.3259,0.6121,0.0,YAWNING
0.2939,0.6535,0.0,YAWNING
0.3093,0.6087,0.0,YAWNING
0.287,0.5939,0.0,YAWNING
0.2768,0.6458,0.0,YAWNING
0.292,0.5922,0.0,YAWNING
0.2983,0.5922,0.0,YAWNING
0.2893,0.5531,0.0,YAWNING
0.2955,0.5604,0.0,YAWNING
0.2881,0.6125,0.0,YAWNING
0.2557,0.5562,0.0,YAWNING
0.2047,0.5768,0.0,YAWNING
0.1756,0.6308,0.0,YAWNING
0.181,0.5733,0.0,YAWNING
0.1556,0.5003,0.0,YAWNING
0.2128,0.5411,0.0,YAWNING
0.1422,0.5475,0.0,YAWNING
0.1998,0.4951,0.0,YAWNING
0.2194,0.5478,0.0,YAWNING
0.2105,0.5529,0.0,YAWNING
0.2117,0.6043,0.0,YAWNING
0.2784,0.6175,0.0,YAWNING
0.2522,0.6202,0.0,YAWNING
0.2507,0.6474,0.0,YAWNING
0.2112,0.4914,0.0,YAWNING
0.2374,0.5554,0.0,YAWNING
0.2257,0.5123,0.0,YAWNING
0.268,0.5423,0.0,YAWNING
0.2328,0.6054,0.0,YAWNING
0.1947,0.5569,0.0,YAWNING
0.1407,0.6087,0.0,YAWNING
0.1495,0.5225,0.0,YAWNING
0.1313,0.5624,0.0,YAWNING
0.1759,0.454,0.0,YAWNING
0.1765,0.4211,0.0,YAWNING
0.1768,0.3945,0.0,YAWNING
0.2082,0.5081,0.0,YAWNING
0.2114,0.4587,0.0,YAWNING
0.2204,0.4293,0.0,YAWNING
0.1972,0.4325,0.0,YAWNING
0.2045,0.4126,0.0,YAWNING
0.2021,0.4082,0.0,YAWNING
0.2066,0.3982,0.0,YAWNING
0.1942,0.4125,0.0,YAWNING
0.1886,0.4241,0.0,YAWNING
0.1995,0.3946,0.0,YAWNING
0.2207,0.4144,0.0,YAWNING
0.1913,0.4026,0.0,YAWNING
0.207,0.4705,0.0,YAWNING
0.1734,0.4256,0.0,YAWNING
0.2088,0.4269,0.0,YAWNING
0.1935,0.4297,0.0,YAWNING
0.1998,0.4478,0.0,YAWNING
0.2037,0.4211,0.0,YAWNING
0.1786,0.4316,0.0,YAWNING
0.1799,0.3921,0.0,YAWNING
0.1812,0.4131,0.0,YAWNING
0.1301,0.4608,0.0,YAWNING
0.0831,0.4654,0.0,YAWNING
0.1055,0.4611,0.0,YAWNING
0.0754,0.5427,0.0,YAWNING
0.1342,0.5511,0.0,YAWNING
0.1525,0.379,0.0,YAWNING
0.1449,0.3605,0.0,YAWNING
0.0989,0.3527,0.0,YAWNING
0.1081,0.3629,0.0,YAWNING
0.1072,0.3514,0.0,YAWNING
0.1079,0.4241,0.0,YAWNING
0.0998,0.3143,0.0,YAWNING
0.1279,0.4649,0.0,YAWNING
0.1014,0.5299,0.0,YAWNING
0.1042,0.5262,0.0,YAWNING
0.1328,0.5294,0.0,YAWNING
0.1484,0.5214,0.0,YAWNING
0.1489,0.5818,0.0,YAWNING
0.2193,0.5461,0.0,YAWNING
0.2483,0.5791,0.0,YAWNING
0.2827,0.5524,0.0,YAWNING
0.2557,0.496,0.0,YAWNING
0.2537,0.5223,0.0,YAWNING
0.2501,0.5673,0.0,YAWNING
0.2611,0.5352,0.0,YAWNING
0.2725,0.5301,0.0,YAWNING
0.2471,0.5716,0.0,YAWNING
0.2249,0.5288,0.0,YAWNING
0.2296,0.5421,0.0,YAWNING
0.2354,0.5414,0.0,YAWNING
0.2242,0.56,0.0,YAWNING
0.2262,0.5808,0.0,YAWNING
0.1993,0.6447,0.0,YAWNING
0.2043,0.5781,0.0,YAWNING
0.2168,0.5489,0.0,YAWNING
0.2256,0.5812,0.0,YAWNING
0.2232,0.5954,0.0,YAWNING
0.2192,0.5841,0.0,YAWNING
0.2305,0.5967,0.0,YAWNING
0.2243,0.5897,0.0,YAWNING
0.2226,0.5781,0.0,YAWNING
0.2198,0.5352,0.0,YAWNING
0.2123,0.5455,0.0,YAWNING
0.221,0.5781,0.0,YAWNING
0.2106,0.615,0.0,YAWNING
0.221,0.5793,0.0,YAWNING
0.2375,0.5698,0.0,YAWNING
0.2368,0.5812,0.0,YAWNING
0.2053,0.5436,0.0,YAWNING
0.217,0.5693,0.0,YAWNING
0.203,0.5834,0.0,YAWNING
0.2241,0.5408,0.0,YAWNING
0.2092,0.51,0.0,YAWNING
0.1897,0.5146,0.0,YAWNING
0.2136,0.5244,0.0,YAWNING
0.2194,0.5336,0.0,YAWNING
0.215,0.5239,0.0,YAWNING
0.2181,0.5373,0.0,YAWNING
0.214,0.5328,0.0,YAWNING
0.2062,0.5117,0.0,YAWNING
0.2268,0.5161,0.0,YAWNING
0.2166,0.5252,0.0,YAWNING
0.2196,0.5117,0.0,YAWNING
0.2207,0.5221,0.0,YAWNING
0.2133,0.5233,0.0,YAWNING
0.2232,0.5464,0.0,YAWNING
0.2056,0.5553,0.0,YAWNING
0.2045,0.5098,0.0,YAWNING
0.2007,0.5042,0.0,YAWNING
0.1916,0.52,0.0,YAWNING
0.1938,0.5264,0.0,YAWNING
0.1719,0.5141,0.0,YAWNING
0.1651,0.5244,0.0,YAWNING
0.1569,0.5117,0.0,YAWNING
0.1571,0.5294,0.0,YAWNING
0.1696,0.5442,0.0,YAWNING
0.169,0.498,0.0,YAWNING
0.1614,0.456,0.0,YAWNING
0.1493,0.4616,0.0,YAWNING
0.1455,0.4492,0.0,YAWNING
0.1345,0.4303,0.0,YAWNING
0.1453,0.4706,0.0,YAWNING
0.1423,0.4902,0.0,YAWNING
0.1262,0.4682,0.0,YAWNING
0.1253,0.4578,0.0,YAWNING
0.138,0.5018,0.0,YAWNING
0.1484,0.5252,0.0,YAWNING
0.1351,0.57,0.0,YAWNING
0.1413,0.5405,0.0,YAWNING
0.1347,0.6213,0.0,YAWNING
0.1485,0.6682,0.0,YAWNING
0.1436,0.6584,0.0,YAWNING
0.1514,0.6584,0.0,YAWNING
0.168,0.7144,0.0,YAWNING
0.1661,0.7591,0.0,YAWNING
0.1694,0.6946,0.0,YAWNING
0.1662,0.7088,0.0,YAWNING
0.1414,0.6887,0.0,YAWNING
0.1583,0.6748,0.0,YAWNING
0.1686,0.6887,0.0,YAWNING
0.1509,0.6687,0.0,YAWNING
0.1588,0.6857,0.0,YAWNING
0.1489,0.7066,0.0,YAWNING
0.1269,0.6919,0.0,YAWNING
0.1362,0.6857,0.0,YAWNING
0.1347,0.6663,0.0,YAWNING
0.1302,0.636,0.0,YAWNING
0.1376,0.6501,0.0,YAWNING
0.1409,0.6653,0.0,YAWNING
0.1288,0.6489,0.0,YAWNING
0.1435,0.6718,0.0,YAWNING
0.128,0.6794,0.0,YAWNING
0.1321,0.6653,0.0,YAWNING
0.2607,0.0225,0.0,HEAD_DROP
0.2815,0.0,0.0,HEAD_DROP
0.2758,0.0,0.0,HEAD_DROP
0.2604,0.0,0.0,HEAD_DROP
0.2637,0.023,0.0,HEAD_DROP
0.2871,0.0,0.0,HEAD_DROP
0.2957,0.0,0.0,HEAD_DROP
0.2766,0.0217,0.0,HEAD_DROP
0.2888,0.0215,0.0,HEAD_DROP
0.2899,0.0,0.0,HEAD_DROP
0.2867,0.0,0.0,HEAD_DROP
0.2866,0.0,0.0,HEAD_DROP
0.2922,0.0,0.0,HEAD_DROP
0.2915,0.0216,0.0,HEAD_DROP
0.2891,0.0,0.0,HEAD_DROP
0.3059,0.0224,0.0,HEAD_DROP
0.2792,0.0,0.0,HEAD_DROP
0.3006,0.0,0.0,HEAD_DROP
0.2941,0.0,0.0,HEAD_DROP
0.3136,0.0,0.0,HEAD_DROP
0.2871,0.0,0.0,HEAD_DROP
0.2725,0.0,0.0,HEAD_DROP
0.2723,0.0,0.0,HEAD_DROP
0.2791,0.0,0.0,HEAD_DROP
0.2743,0.0,0.0,HEAD_DROP
0.2996,0.0,0.0,HEAD_DROP
0.2901,0.0,0.0,HEAD_DROP
0.2875,0.0,0.0,HEAD_DROP
0.2935,0.0,0.0,HEAD_DROP
0.2845,0.0,0.0,HEAD_DROP
0.2783,0.0,0.0,HEAD_DROP
0.286,0.0,0.0,HEAD_DROP
0.2908,0.0,0.0,HEAD_DROP
0.3044,0.0,0.0,HEAD_DROP
0.3046,0.0,0.0,HEAD_DROP
0.3082,0.0,0.0,HEAD_DROP
0.2906,0.0,0.0,HEAD_DROP
0.2925,0.0227,0.0,HEAD_DROP
0.2967,0.0,0.0,HEAD_DROP
0.328,0.0,0.0,HEAD_DROP
0.3145,0.0,0.0,HEAD_DROP
0.3098,0.0,0.0,HEAD_DROP
0.3062,0.0,0.0,HEAD_DROP
0.3209,0.0,0.0,HEAD_DROP
0.3293,0.0,0.0,HEAD_DROP
0.3391,0.0222,0.0,HEAD_DROP
0.3061,0.0,0.0,HEAD_DROP
0.2231,0.0,0.0,HEAD_DROP
0.1847,0.0,0.0,HEAD_DROP
0.1768,0.0,0.0,HEAD_DROP
0.1857,0.0,0.0,HEAD_DROP
0.1646,0.0,0.0,HEAD_DROP
0.157,0.0269,0.0,HEAD_DROP
0.1485,0.0,0.0,HEAD_DROP
0.1605,0.0263,0.0,HEAD_DROP
0.119,0.0,0.0,HEAD_DROP
0.1388,0.0,0.0,HEAD_DROP
0.1597,0.0263,0.0,HEAD_DROP
0.1549,0.0381,0.0,HEAD_DROP
0.1439,0.0,0.0,HEAD_DROP
0.1438,0.0353,0.0,HEAD_DROP
0.1254,0.0351,0.0,HEAD_DROP
0.1522,0.0259,0.0,HEAD_DROP
0.1594,0.0275,0.0,HEAD_DROP
0.1456,0.0259,0.0,HEAD_DROP
0.142,0.0261,0.0,HEAD_DROP
0.1392,0.0,0.0,HEAD_DROP
0.1272,0.036,0.0,HEAD_DROP
0.1406,0.0371,0.0,HEAD_DROP
0.1467,0.0268,0.0,HEAD_DROP
0.1538,0.0261,0.0,HEAD_DROP
0.1401,0.0,0.0,HEAD_DROP
0.1331,0.0,0.0,HEAD_DROP
0.1385,0.0389,0.0,HEAD_DROP
0.1385,0.0,0.0,HEAD_DROP
0.1314,0.0,0.0,HEAD_DROP
0.1284,0.0349,0.0,HEAD_DROP
0.1258,0.0,0.0,HEAD_DROP
0.1232,0.0247,0.0,HEAD_DROP
0.1025,0.0253,0.0,HEAD_DROP
0.1352,0.0253,0.0,HEAD_DROP
0.1053,0.0253,0.0,HEAD_DROP
0.1567,0.0376,0.0,HEAD_DROP
0.1403,0.0269,0.0,HEAD_DROP
0.1963,0.0245,0.0,HEAD_DROP
0.2133,0.0336,0.0,HEAD_DROP
0.2385,0.0,0.0,HEAD_DROP
0.3041,0.0224,0.0,HEAD_DROP
0.3047,0.0,0.0,HEAD_DROP
0.2889,0.0224,0.0,HEAD_DROP
0.3065,0.0,0.0,HEAD_DROP
0.308,0.0215,0.0,HEAD_DROP
0.3057,0.0,0.0,HEAD_DROP
0.3135,0.0,0.0,HEAD_DROP
0.2996,0.0,0.0,HEAD_DROP
0.3131,0.0211,0.0,HEAD_DROP
0.3217,0.0,0.0,HEAD_DROP
0.3022,0.0,0.0,HEAD_DROP
0.3006,0.0,0.0,HEAD_DROP
0.2854,0.0,0.0,HEAD_DROP
0.299,0.0216,0.0,HEAD_DROP
0.2899,0.0,0.0,HEAD_DROP
0.3006,0.022,0.0,HEAD_DROP
0.2983,0.0,0.0,HEAD_DROP
0.3007,0.0,0.0,HEAD_DROP
0.282,0.021,0.0,HEAD_DROP
0.2841,0.0,0.0,HEAD_DROP
0.2911,0.021,0.0,HEAD_DROP
0.2963,0.0,0.0,HEAD_DROP
0.2947,0.0,0.0,HEAD_DROP
0.3091,0.0216,0.0,HEAD_DROP
0.2927,0.0,0.0,HEAD_DROP
0.3051,0.0206,0.0,HEAD_DROP
0.3093,0.0,0.0,HEAD_DROP
0.3038,0.0206,0.0,HEAD_DROP
0.2988,0.0206,0.0,HEAD_DROP
0.2974,0.0,0.0,HEAD_DROP
0.2965,0.0,0.0,HEAD_DROP
0.3187,0.021,0.0,HEAD_DROP
0.3,0.0,0.0,HEAD_DROP
0.2966,0.0,0.0,HEAD_DROP
0.2908,0.0,0.0,HEAD_DROP
0.2777,0.0216,0.0,HEAD_DROP
0.2751,0.022,0.0,HEAD_DROP
0.283,0.0,0.0,HEAD_DROP
0.296,0.0,0.0,HEAD_DROP
0.2848,0.0304,0.0,HEAD_DROP
0.2876,0.0206,0.0,HEAD_DROP
0.2908,0.0215,0.0,HEAD_DROP
0.2634,0.0219,0.0,HEAD_DROP
0.274,0.0,0.0,HEAD_DROP
0.2901,0.0215,0.0,HEAD_DROP
0.2953,0.0,0.0,HEAD_DROP
0.3106,0.0223,0.0,HEAD_DROP
0.3209,0.0,0.0,HEAD_DROP
0.3131,0.0,0.0,HEAD_DROP
0.281,0.0,0.0,HEAD_DROP
0.3032,0.0,0.0,HEAD_DROP
0.3016,0.0,0.0,HEAD_DROP
0.3012,0.0,0.0,HEAD_DROP
0.3058,0.0209,0.0,HEAD_DROP
0.2881,0.0,0.0,HEAD_DROP
0.2812,0.0251,0.0,HEAD_DROP
0.2049,0.0,0.0,HEAD_DROP
0.1739,0.0,0.0,HEAD_DROP
0.1686,0.0247,0.0,HEAD_DROP
0.1519,0.0253,0.0,HEAD_DROP
0.1528,0.0,0.0,HEAD_DROP
0.1422,0.0399,0.0,HEAD_DROP
0.1432,0.0277,0.0,HEAD_DROP
0.1505,0.0373,0.0,HEAD_DROP
0.1698,0.0541,0.0,HEAD_DROP
0.1687,0.0275,0.0,HEAD_DROP
0.1653,0.0379,0.0,HEAD_DROP
0.1491,0.0268,0.0,HEAD_DROP
0.1599,0.0275,0.0,HEAD_DROP
0.1509,0.0399,0.0,HEAD_DROP
0.1684,0.0558,0.0,HEAD_DROP
0.1912,0.0,0.0,HEAD_DROP
0.2034,0.0967,0.0,HEAD_DROP
0.1964,0.0619,0.0,HEAD_DROP
0.2085,0.0403,0.0,HEAD_DROP
0.1958,0.0912,0.0,HEAD_DROP
0.2026,0.0951,0.0,HEAD_DROP
0.2368,0.0297,0.0,HEAD_DROP
0.2085,0.0425,0.0,HEAD_DROP
0.1699,0.0433,0.0,HEAD_DROP
0.1942,0.075,0.0,HEAD_DROP
0.1657,0.2425,0.0,HEAD_DROP
0.2061,0.0555,0.0,HEAD_DROP
0.1693,0.0654,0.0,HEAD_DROP
0.1707,0.124,0.0,HEAD_DROP
0.1772,0.129,0.0,HEAD_DROP
0.1874,0.1276,0.0,HEAD_DROP
0.1752,0.0673,0.0,HEAD_DROP
0.1753,0.0375,0.0,HEAD_DROP
0.1675,0.0249,0.0,HEAD_DROP
0.1992,0.0357,0.0,HEAD_DROP
0.1923,0.0277,0.0,HEAD_DROP
0.1908,0.0602,0.0,HEAD_DROP
0.1971,0.0743,0.0,HEAD_DROP
0.1799,0.133,0.0,HEAD_DROP
0.1763,0.0602,0.0,HEAD_DROP
0.1883,0.0645,0.0,HEAD_DROP
0.1921,0.0967,0.0,HEAD_DROP
0.2421,0.0414,0.0,HEAD_DROP
0.206,0.0878,0.0,HEAD_DROP
0.1788,0.0309,0.0,HEAD_DROP
0.1602,0.0286,0.0,HEAD_DROP
0.212,0.0579,0.0,HEAD_DROP
0.2113,0.0282,0.0,HEAD_DROP
0.1992,0.0579,0.0,HEAD_DROP
0.2196,0.0619,0.0,HEAD_DROP
0.2209,0.0721,0.0,HEAD_DROP
0.176,0.0712,0.0,HEAD_DROP
0.1992,0.0686,0.0,HEAD_DROP
0.192,0.1531,0.0,HEAD_DROP
0.1927,0.0767,0.0,HEAD_DROP
0.2033,0.0595,0.0,HEAD_DROP
0.2091,0.029,0.0,HEAD_DROP
0.1845,0.0438,0.0,HEAD_DROP
0.1965,0.029,0.0,HEAD_DROP
0.2094,0.0956,0.0,HEAD_DROP
0.2126,0.0652,0.0,HEAD_DROP
0.2053,0.0282,0.0,HEAD_DROP
0.1927,0.0279,0.0,HEAD_DROP
0.1923,0.0,0.0,HEAD_DROP
0.199,0.0286,0.0,HEAD_DROP
0.1831,0.0389,0.0,HEAD_DROP
0.1789,0.0629,0.0,HEAD_DROP
0.1717,0.0311,0.0,HEAD_DROP
0.1661,0.0648,0.0,HEAD_DROP
0.1992,0.0956,0.0,HEAD_DROP
0.1702,0.0427,0.0,HEAD_DROP
0.1517,0.0629,0.0,HEAD_DROP
0.164,0.0445,0.0,HEAD_DROP
0.1928,0.0684,0.0,HEAD_DROP
0.1864,0.0588,0.0,HEAD_DROP
0.1917,0.0573,0.0,HEAD_DROP
0.1778,0.0621,0.0,HEAD_DROP
0.1923,0.0283,0.0,HEAD_DROP
0.1808,0.0283,0.0,HEAD_DROP
0.175,0.0269,0.0,HEAD_DROP
0.167,0.0286,0.0,HEAD_DROP
0.1524,0.0588,0.0,HEAD_DROP
0.15,0.0579,0.0,HEAD_DROP
0.1633,0.0285,0.0,HEAD_DROP
0.1689,0.0272,0.0,HEAD_DROP
0.1785,0.0405,0.0,HEAD_DROP
0.1683,0.0385,0.0,HEAD_DROP
0.174,0.0286,0.0,HEAD_DROP
0.1614,0.0381,0.0,HEAD_DROP
0.1791,0.0395,0.0,HEAD_DROP
0.1725,0.064,0.0,HEAD_DROP
0.1745,0.0558,0.0,HEAD_DROP
0.1808,0.0624,0.0,HEAD_DROP
0.1609,0.0405,0.0,HEAD_DROP
0.1545,0.0,0.0,HEAD_DROP
0.1424,0.0602,0.0,HEAD_DROP
0.111,0.0279,0.0,HEAD_DROP
0.1213,0.0,0.0,HEAD_DROP
0.126,0.0286,0.0,HEAD_DROP
0.1546,0.0279,0.0,HEAD_DROP
0.1453,0.0395,0.0,HEAD_DROP
0.1356,0.0375,0.0,HEAD_DROP
0.1607,0.0,0.0,HEAD_DROP
0.1727,0.0286,0.0,HEAD_DROP
0.1775,0.0282,0.0,HEAD_DROP
0.1818,0.0265,0.0,HEAD_DROP
0.1589,0.0399,0.0,HEAD_DROP
0.1649,0.0573,0.0,HEAD_DROP
0.1976,0.0279,0.0,HEAD_DROP
0.1868,0.0665,0.0,HEAD_DROP
0.1809,0.064,0.0,HEAD_DROP
0.1915,0.0604,0.0,HEAD_DROP
0.1832,0.0588,0.0,HEAD_DROP
0.1821,0.0286,0.0,HEAD_DROP
0.1703,0.0279,0.0,HEAD_DROP
0.1539,0.0657,0.0,HEAD_DROP
0.1871,0.0566,0.0,HEAD_DROP
0.1586,0.0283,0.0,HEAD_DROP
0.1876,0.0657,0.0,HEAD_DROP
0.1751,0.0395,0.0,HEAD_DROP
0.1741,0.029,0.0,HEAD_DROP
0.1736,0.0619,0.0,HEAD_DROP
0.1659,0.0282,0.0,HEAD_DROP
0.1957,0.0285,0.0,HEAD_DROP
0.2,0.0389,0.0,HEAD_DROP
0.17,0.0265,0.0,HEAD_DROP
0.1651,0.0403,0.0,HEAD_DROP
0.1639,0.0259,0.0,HEAD_DROP
0.1626,0.0536,0.0,HEAD_DROP
0.1711,0.0268,0.0,HEAD_DROP
0.1645,0.0268,0.0,HEAD_DROP
0.1643,0.0261,0.0,HEAD_DROP
0.171,0.0878,0.0,HEAD_DROP
0.1854,0.0369,0.0,HEAD_DROP
0.1711,0.0,0.0,HEAD_DROP
0.1936,0.0,0.0,HEAD_DROP
0.1724,0.0369,0.0,HEAD_DROP
0.1577,0.0277,0.0,HEAD_DROP
0.1728,0.0,0.0,HEAD_DROP
0.186,0.0277,0.0,HEAD_DROP
0.1886,0.0,0.0,HEAD_DROP
0.1963,0.0261,0.0,HEAD_DROP
0.1651,0.0268,0.0,HEAD_DROP
0.1858,0.0268,0.0,HEAD_DROP
0.1941,0.0275,0.0,HEAD_DROP
0.1893,0.0,0.0,HEAD_DROP
0.1502,0.0293,0.0,HEAD_DROP
0.1409,0.0536,0.0,HEAD_DROP
0.1448,0.0951,0.0,HEAD_DROP
0.1484,0.1182,0.0,HEAD_DROP
0.1437,0.0654,0.0,HEAD_DROP
0.184,0.0399,0.0,HEAD_DROP
0.211,0.0403,0.0,HEAD_DROP
0.1892,0.0285,0.0,HEAD_DROP
0.171,0.0277,0.0,HEAD_DROP
0.1624,0.07,0.0,HEAD_DROP
0.1964,0.0595,0.0,HEAD_DROP
0.1909,0.0293,0.0,HEAD_DROP
0.1644,0.0297,0.0,HEAD_DROP
0.1827,0.063,0.0,HEAD_DROP
0.1853,0.0265,0.0,HEAD_DROP
0.1553,0.0265,0.0,HEAD_DROP
0.1827,0.0272,0.0,HEAD_DROP
0.1943,0.0409,0.0,HEAD_DROP
0.1711,0.0389,0.0,HEAD_DROP
0.1765,0.063,0.0,HEAD_DROP
0.1711,0.0564,0.0,HEAD_DROP
0.1914,0.0272,0.0,HEAD_DROP
0.1962,0.0275,0.0,HEAD_DROP
0.1749,0.0272,0.0,HEAD_DROP
0.1844,0.0,0.0,HEAD_DROP
0.1842,0.0,0.0,HEAD_DROP
0.1941,0.0399,0.0,HEAD_DROP
0.1827,0.0282,0.0,HEAD_DROP
0.1761,0.0282,0.0,HEAD_DROP
0.166,0.0579,0.0,HEAD_DROP
0.174,0.0272,0.0,HEAD_DROP
0.1766,0.0385,0.0,HEAD_DROP
0.1763,0.0379,0.0,HEAD_DROP
0.1824,0.0,0.0,HEAD_DROP
0.161,0.0282,0.0,HEAD_DROP
0.1739,0.0293,0.0,HEAD_DROP
0.1925,0.0414,0.0,HEAD_DROP
0.1829,0.0399,0.0,HEAD_DROP
0.2,0.0421,0.0,HEAD_DROP
0.191,0.0399,0.0,HEAD_DROP
0.1669,0.0275,0.0,HEAD_DROP
0.1817,0.0293,0.0,HEAD_DROP
0.171,0.0421,0.0,HEAD_DROP
0.1681,0.0414,0.0,HEAD_DROP
0.1642,0.0293,0.0,HEAD_DROP
0.1647,0.0414,0.0,HEAD_DROP
0.1642,0.029,0.0,HEAD_DROP
0.178,0.0721,0.0,HEAD_DROP
0.1697,0.0585,0.0,HEAD_DROP
0.1762,0.0595,0.0,HEAD_DROP
0.1589,0.0657,0.0,HEAD_DROP
0.1641,0.0564,0.0,HEAD_DROP
0.1797,0.0657,0.0,HEAD_DROP
0.1701,0.0425,0.0,HEAD_DROP
0.1546,0.0301,0.0,HEAD_DROP
0.1562,0.0275,0.0,HEAD_DROP
0.1478,0.0421,0.0,HEAD_DROP
0.1634,0.0,0.0,HEAD_DROP
0.1642,0.0,0.0,HEAD_DROP
0.1729,0.0268,0.0,HEAD_DROP
0.1481,0.0275,0.0,HEAD_DROP
0.1621,0.0549,0.0,HEAD_DROP
0.1686,0.029,0.0,HEAD_DROP
0.1608,0.0405,0.0,HEAD_DROP
0.1589,0.0279,0.0,HEAD_DROP
0.1598,0.0265,0.0,HEAD_DROP
0.1798,0.0,0.0,HEAD_DROP
0.1715,0.0,0.0,HEAD_DROP
0.1673,0.0366,0.0,HEAD_DROP
0.1421,0.0614,0.0,HEAD_DROP
0.1516,0.0593,0.0,HEAD_DROP
0.1646,0.057,0.0,HEAD_DROP
0.1511,0.0268,0.0,HEAD_DROP
0.1702,0.0268,0.0,HEAD_DROP
0.1372,0.0379,0.0,HEAD_DROP
0.1641,0.0275,0.0,HEAD_DROP
0.1765,0.0275,0.0,HEAD_DROP
0.1745,0.0297,0.0,HEAD_DROP
0.1514,0.0595,0.0,HEAD_DROP
0.166,0.0579,0.0,HEAD_DROP
0.1451,0.0544,0.0,HEAD_DROP
0.1449,0.0409,0.0,HEAD_DROP
0.164,0.0,0.0,HEAD_DROP
0.1684,0.0,0.0,HEAD_DROP
0.1804,0.0297,0.0,HEAD_DROP
0.1646,0.0282,0.0,HEAD_DROP
0.1903,0.0421,0.0,HEAD_DROP
0.1437,0.0275,0.0,HEAD_DROP
0.1496,0.0272,0.0,HEAD_DROP
0.1565,0.0265,0.0,HEAD_DROP
0.1539,0.0558,0.0,HEAD_DROP
0.1553,0.0379,0.0,HEAD_DROP
0.1475,0.0544,0.0,HEAD_DROP
0.1448,0.0544,0.0,HEAD_DROP
0.1573,0.0579,0.0,HEAD_DROP
0.1601,0.0272,0.0,HEAD_DROP
0.1539,0.0272,0.0,HEAD_DROP
0.1685,0.0272,0.0,HEAD_DROP
0.1279,0.0265,0.0,HEAD_DROP
0.1377,0.0279,0.0,HEAD_DROP
0.1482,0.0,0.0,HEAD_DROP
0.1257,0.0272,0.0,HEAD_DROP
0.1278,0.0518,0.0,HEAD_DROP
0.1212,0.0399,0.0,HEAD_DROP
0.147,0.0593,0.0,HEAD_DROP
0.1274,0.0285,0.0,HEAD_DROP
0.1236,0.0979,0.0,HEAD_DROP
0.1266,0.0379,0.0,HEAD_DROP
0.1192,0.1008,0.0,HEAD_DROP
0.1327,0.0979,0.0,HEAD_DROP
0.1322,0.0816,0.0,HEAD_DROP
0.1399,0.0389,0.0,HEAD_DROP
0.1546,0.0425,0.0,HEAD_DROP
0.135,0.0275,0.0,HEAD_DROP
0.1315,0.0379,0.0,HEAD_DROP
0.1184,0.0585,0.0,HEAD_DROP
0.1332,0.1625,0.0,HEAD_DROP
0.1382,0.1128,0.0,HEAD_DROP
0.1255,0.0579,0.0,HEAD_DROP
0.144,0.129,0.0,HEAD_DROP
0.1362,0.0902,0.0,HEAD_DROP
0.1278,0.0409,0.0,HEAD_DROP
0.136,0.0399,0.0,HEAD_DROP
0.1315,0.062,0.0,HEAD_DROP
0.1415,0.0375,0.0,HEAD_DROP
0.1492,0.0275,0.0,HEAD_DROP
0.1658,0.0,0.0,HEAD_DROP
0.1475,0.0375,0.0,HEAD_DROP
0.1556,0.0637,0.0,HEAD_DROP
0.1753,0.0282,0.0,HEAD_DROP
0.1559,0.0272,0.0,HEAD_DROP
0.1474,0.0272,0.0,HEAD_DROP
0.1501,0.0585,0.0,HEAD_DROP
0.1771,0.0389,0.0,HEAD_DROP
0.1515,0.063,0.0,HEAD_DROP
0.1231,0.0275,0.0,HEAD_DROP
0.1532,0.0272,0.0,HEAD_DROP
0.1715,0.0558,0.0,HEAD_DROP
0.1651,0.0385,0.0,HEAD_DROP
0.1487,0.0275,0.0,HEAD_DROP
0.1454,0.0409,0.0,HEAD_DROP
0.1527,0.0,0.0,HEAD_DROP
0.171,0.029,0.0,HEAD_DROP
0.1596,0.029,0.0,HEAD_DROP
0.1474,0.0272,0.0,HEAD_DROP
0.1359,0.0282,0.0,HEAD_DROP
0.1379,0.0275,0.0,HEAD_DROP
0.155,0.0,0.0,HEAD_DROP
0.1785,0.0,0.0,HEAD_DROP
0.1729,0.0293,0.0,HEAD_DROP
0.1969,0.0293,0.0,HEAD_DROP
0.1853,0.063,0.0,HEAD_DROP
0.1734,0.0614,0.0,HEAD_DROP
0.1837,0.0282,0.0,HEAD_DROP
0.1658,0.0282,0.0,HEAD_DROP
0.1597,0.0421,0.0,HEAD_DROP
0.2028,0.0,0.0,HEAD_DROP
0.2222,0.0282,0.0,HEAD_DROP
0.2519,0.0564,0.0,HEAD_DROP
0.2545,0.0385,0.0,HEAD_DROP
0.2678,0.029,0.0,HEAD_DROP
0.2571,0.0,0.0,HEAD_DROP
0.2407,0.0602,0.0,HEAD_DROP
0.2677,0.0585,0.0,HEAD_DROP
0.2733,0.029,0.0,HEAD_DROP
0.2577,0.028,0.0,HEAD_DROP
0.2609,0.057,0.0,HEAD_DROP
0.2657,0.0555,0.0,HEAD_DROP
0.2728,0.0654,0.0,HEAD_DROP
0.2743,0.0918,0.0,HEAD_DROP
0.2681,0.0549,0.0,HEAD_DROP
0.2674,0.0282,0.0,HEAD_DROP
0.2469,0.029,0.0,HEAD_DROP
0.2659,0.0286,0.0,HEAD_DROP
0.2762,0.0,0.0,HEAD_DROP
0.2689,0.0585,0.0,HEAD_DROP
0.2637,0.0264,0.0,HEAD_DROP
0.2906,0.0261,0.0,HEAD_DROP
0.2814,0.0,0.0,HEAD_DROP
0.2966,0.0249,0.0,HEAD_DROP
0.2787,0.0238,0.0,HEAD_DROP
0.2862,0.0,0.0,HEAD_DROP
0.2999,0.0231,0.0,HEAD_DROP
0.3089,0.022,0.0,HEAD_DROP
0.3044,0.0,0.0,HEAD_DROP
0.3066,0.0,0.0,HEAD_DROP
0.297,0.0212,0.0,HEAD_DROP
0.2965,0.0,0.0,HEAD_DROP
0.304,0.0,0.0,HEAD_DROP
0.2921,0.0,0.0,HEAD_DROP
0.3059,0.0218,0.0,HEAD_DROP
0.2866,0.0,0.0,HEAD_DROP
0.3042,0.0223,0.0,HEAD_DROP
0.3041,0.0227,0.0,HEAD_DROP
0.3021,0.0226,0.0,HEAD_DROP
0.2941,0.0,0.0,HEAD_DROP
0.2748,0.0226,0.0,HEAD_DROP
0.2862,0.0,0.0,HEAD_DROP
0.2769,0.0317,0.0,HEAD_DROP
0.2841,0.0219,0.0,HEAD_DROP
0.3101,0.0,0.0,HEAD_DROP
0.2955,0.0218,0.0,HEAD_DROP
0.3236,0.0,0.0,HEAD_DROP
0.2804,0.0226,0.0,HEAD_DROP
0.3025,0.0,0.0,HEAD_DROP
0.2893,0.0,0.0,HEAD_DROP
0.3022,0.0213,0.0,HEAD_DROP
0.292,0.0212,0.0,HEAD_DROP
0.3114,0.0212,0.0,HEAD_DROP
0.3098,0.0208,0.0,HEAD_DROP
0.2983,0.0,0.0,HEAD_DROP
0.3197,0.0,0.0,HEAD_DROP
0.3024,0.0,0.0,HEAD_DROP
0.298,0.0,0.0,HEAD_DROP
0.3146,0.0212,0.0,HEAD_DROP
0.3065,0.0,0.0,HEAD_DROP
0.3045,0.0,0.0,HEAD_DROP
0.3031,0.0,0.0,HEAD_DROP
0.3081,0.0217,0.0,HEAD_DROP
0.2871,0.0,0.0,HEAD_DROP
0.3121,0.0212,0.0,HEAD_DROP
0.2867,0.0,0.0,HEAD_DROP
0.2937,0.0,0.0,HEAD_DROP
0.2945,0.0,0.0,HEAD_DROP
0.2843,0.0306,0.0,HEAD_DROP
0.2911,0.0,0.0,HEAD_DROP
0.2732,0.0,0.0,HEAD_DROP
0.2685,0.0208,0.0,HEAD_DROP
0.2722,0.0,0.0,HEAD_DROP
0.2887,0.0,0.0,HEAD_DROP
0.2745,0.03,0.0,HEAD_DROP
0.2872,0.0212,0.0,HEAD_DROP
0.2748,0.0,0.0,HEAD_DROP
0.2795,0.0,0.0,HEAD_DROP
0.2631,0.0411,0.0,AWAKE
0.2669,0.0555,0.0,AWAKE
0.2636,0.0417,0.0,AWAKE
0.2661,0.0555,0.0,AWAKE
0.2602,0.0417,0.0,AWAKE
0.2612,0.0274,0.0,AWAKE
0.261,0.0685,0.0,AWAKE
0.2536,0.0548,0.0,AWAKE
0.2546,0.0278,0.0,AWAKE
0.259,0.0139,0.0,AWAKE
0.2676,0.0278,0.0,AWAKE
0.2591,0.0278,0.0,AWAKE
0.261,0.031,0.0,AWAKE
0.2642,0.0282,0.0,AWAKE
0.2642,0.0422,0.0,AWAKE
0.2677,0.0417,0.0,AWAKE
0.2642,0.0565,0.0,AWAKE
0.2661,0.0274,0.0,AWAKE
0.2648,0.0563,0.0,AWAKE
0.2608,0.0278,0.0,AWAKE
0.2638,0.027,0.0,AWAKE
0.2565,0.0278,0.0,AWAKE
0.2482,0.0417,0.0,AWAKE
0.2219,0.0417,0.0,AWAKE
0.2,0.0563,0.0,AWAKE
0.1872,0.0563,0.0,AWAKE
0.1734,0.0422,0.0,AWAKE
0.1517,0.0278,0.0,AWAKE
0.1543,0.0563,0.0,AWAKE
0.1391,0.0281,0.0,AWAKE
0.15,0.057,0.0,AWAKE
0.153,0.0421,0.0,AWAKE
0.147,0.0562,0.0,AWAKE
0.144,0.0554,0.0,AWAKE
0.1347,0.0702,0.0,AWAKE
0.1323,0.0421,0.0,AWAKE
0.1314,0.0415,0.0,AWAKE
0.1474,0.0415,0.0,AWAKE
0.1093,0.0691,0.0,AWAKE
0.1112,0.0545,0.0,AWAKE
0.0463,0.042,0.0,AWAKE
0.0567,0.0711,0.0,AWAKE
0.0593,0.057,0.0,AWAKE
0.113,0.0137,0.0,AWAKE
0.2133,0.0138,0.0,AWAKE
0.2422,0.0301,0.0,AWAKE
0.2418,0.0399,0.0,AWAKE
0.2547,0.0404,0.0,AWAKE
0.2525,0.0546,0.0,AWAKE
0.2599,0.0415,0.0,AWAKE
0.2552,0.0409,0.0,AWAKE
0.2656,0.0545,0.0,AWAKE
0.2585,0.0561,0.0,AWAKE
0.2641,0.0569,0.0,AWAKE
0.268,0.0828,0.0,AWAKE
0.2682,0.0553,0.0,AWAKE
0.2593,0.083,0.0,AWAKE
0.2655,0.0415,0.0,AWAKE
0.2452,0.041,0.0,AWAKE
0.254,0.0306,0.0,AWAKE
0.2544,0.041,0.0,AWAKE
0.2649,0.081,0.0,AWAKE
0.2457,0.0547,0.0,AWAKE
0.25,0.0967,0.0,AWAKE
0.2542,0.082,0.0,AWAKE
0.2521,0.0675,0.0,AWAKE
0.2545,0.0697,0.0,AWAKE
0.2488,0.0821,0.0,AWAKE
0.2542,0.0953,0.0,AWAKE
0.2555,0.1087,0.0,AWAKE
0.2586,0.1088,0.0,AWAKE
0.2455,0.0981,0.0,AWAKE
0.2578,0.0981,0.0,AWAKE
0.2525,0.0953,0.0,AWAKE
0.2533,0.0966,0.0,AWAKE
0.2605,0.0821,0.0,AWAKE
0.2632,0.0967,0.0,AWAKE
0.2578,0.082,0.0,AWAKE
0.2592,0.0821,0.0,AWAKE
0.2591,0.0967,0.0,AWAKE
0.255,0.0832,0.0,AWAKE
0.2696,0.0821,0.0,AWAKE
0.2565,0.081,0.0,AWAKE
0.2652,0.0957,0.0,AWAKE
0.2603,0.0832,0.0,AWAKE
0.2485,0.0954,0.0,AWAKE
0.2512,0.0957,0.0,AWAKE
0.2455,0.0945,0.0,AWAKE
0.2513,0.0957,0.0,AWAKE
0.2637,0.0967,0.0,AWAKE
0.2622,0.0967,0.0,AWAKE
0.267,0.0821,0.0,AWAKE
0.2694,0.0945,0.0,AWAKE
0.2628,0.1088,0.0,AWAKE
0.2392,0.0945,0.0,AWAKE
0.2474,0.0945,0.0,AWAKE
0.2502,0.081,0.0,AWAKE
0.2425,0.0809,0.0,AWAKE
0.2485,0.0532,0.0,AWAKE
0.244,0.054,0.0,AWAKE
0.2473,0.081,0.0,AWAKE
0.2378,0.0809,0.0,AWAKE
0.2334,0.082,0.0,AWAKE
0.2348,0.0821,0.0,AWAKE
0.2515,0.0675,0.0,AWAKE
0.2394,0.0832,0.0,AWAKE
0.2456,0.0683,0.0,AWAKE
0.2469,0.0683,0.0,AWAKE
0.2414,0.0683,0.0,AWAKE
0.2321,0.0821,0.0,AWAKE
0.2261,0.082,0.0,AWAKE
0.2124,0.082,0.0,AWAKE
0.2285,0.0688,0.0,AWAKE
0.2382,0.0539,0.0,AWAKE
0.2422,0.0563,0.0,AWAKE
0.2485,0.0688,0.0,AWAKE
0.2421,0.0539,0.0,AWAKE
0.2471,0.0563,0.0,AWAKE
0.2416,0.0556,0.0,AWAKE
0.2411,0.0674,0.0,AWAKE
0.2392,0.0674,0.0,AWAKE
0.2449,0.0539,0.0,AWAKE
0.2404,0.0399,0.0,AWAKE
0.2375,0.0301,0.0,AWAKE
0.2279,0.0301,0.0,AWAKE
0.2366,0.027,0.0,AWAKE
0.2455,0.0273,0.0,AWAKE
0.2318,0.0,0.0,AWAKE
0.2439,0.0193,0.0,AWAKE
0.2353,0.0135,0.0,AWAKE
0.2459,0.0,0.0,AWAKE
0.2523,0.0135,0.0,AWAKE
0.2347,0.0564,0.0,AWAKE
0.2404,0.0137,0.0,AWAKE
0.2433,0.0137,0.0,AWAKE
0.2596,0.0137,0.0,AWAKE
0.2513,0.0,0.0,AWAKE
0.251,0.0421,0.0,AWAKE
0.2609,0.0437,0.0,AWAKE
0.2538,0.0281,0.0,AWAKE
0.2333,0.0706,0.0,AWAKE
0.2516,0.0305,0.0,AWAKE
0.2327,0.0702,0.0,AWAKE
0.2537,0.0554,0.0,AWAKE
0.2465,0.0539,0.0,AWAKE
0.2429,0.0682,0.0,AWAKE
0.2365,0.0673,0.0,AWAKE
0.2335,0.041,0.0,AWAKE
0.245,0.0555,0.0,AWAKE
0.2267,0.0665,0.0,AWAKE
0.2303,0.0404,0.0,AWAKE
0.2383,0.0697,0.0,AWAKE
0.249,0.0404,0.0,AWAKE
0.2373,0.0274,0.0,AWAKE
0.2472,0.0274,0.0,AWAKE
0.2505,0.0411,0.0,AWAKE
0.2366,0.0267,0.0,AWAKE
0.2441,0.04,0.0,AWAKE
0.2585,0.04,0.0,AWAKE
0.2449,0.0274,0.0,AWAKE
0.2519,0.0533,0.0,AWAKE
0.2621,0.0274,0.0,AWAKE
0.2497,0.0411,0.0,AWAKE
0.2403,0.0676,0.0,AWAKE
0.2418,0.0557,0.0,AWAKE
0.2422,0.0411,0.0,AWAKE
0.2468,0.0411,0.0,AWAKE
0.2438,0.0,0.0,AWAKE
0.2514,0.0137,0.0,AWAKE
0.2627,0.0189,0.0,AWAKE
0.2462,0.027,0.0,AWAKE
0.2394,0.0267,0.0,AWAKE
0.2653,0.0133,0.0,AWAKE
0.2476,0.0405,0.0,AWAKE
0.2341,0.0135,0.0,AWAKE
0.2573,0.0,0.0,AWAKE
0.2463,0.0131,0.0,AWAKE
0.2414,0.0188,0.0,AWAKE
0.2341,0.0405,0.0,AWAKE
0.2522,0.0274,0.0,AWAKE
0.2433,0.04,0.0,AWAKE
0.2463,0.068,0.0,AWAKE
0.2465,0.0416,0.0,AWAKE
0.2435,0.0405,0.0,AWAKE
0.2542,0.0298,0.0,AWAKE
0.2449,0.04,0.0,AWAKE
0.247,0.0266,0.0,AWAKE
0.2443,0.0266,0.0,AWAKE
0.2475,0.0427,0.0,AWAKE
0.2497,0.0399,0.0,AWAKE
0.2563,0.04,0.0,AWAKE
0.245,0.0399,0.0,AWAKE
0.1916,0.0533,0.0,AWAKE
0.0438,0.0675,0.0,AWAKE
0.0491,0.0844,0.0,AWAKE
0.0511,0.111,0.0,AWAKE
0.0735,0.0137,0.0,AWAKE
0.1686,0.0572,0.0,AWAKE
0.2888,0.027,0.0,AWAKE
0.2957,0.0131,0.0,AWAKE
0.2963,0.0133,0.0,AWAKE
0.2983,0.0131,0.0,AWAKE
0.3147,0.0,0.0,AWAKE
0.3093,0.0,0.0,AWAKE
0.3075,0.0,0.0,AWAKE
0.3132,0.0135,0.0,AWAKE
0.3115,0.0139,0.0,AWAKE
0.3104,0.0133,0.0,AWAKE
0.3028,0.054,0.0,AWAKE
0.2998,0.0689,0.0,AWAKE
0.3075,0.0267,0.0,AWAKE
0.3037,0.0132,0.0,AWAKE
0.3126,0.029,0.0,AWAKE
0.3069,0.0267,0.0,AWAKE
0.2966,0.0133,0.0,AWAKE
0.294,0.0427,0.0,AWAKE
0.3068,0.0188,0.0,AWAKE
0.3063,0.027,0.0,AWAKE
0.3082,0.027,0.0,AWAKE
0.2992,0.027,0.0,AWAKE
0.3,0.0135,0.0,AWAKE
0.3083,0.054,0.0,AWAKE
0.2981,0.0278,0.0,AWAKE
0.2769,0.0141,0.0,AWAKE
0.241,0.0143,0.0,AWAKE
0.2245,0.0278,0.0,AWAKE
0.2316,0.0267,0.0,AWAKE
0.1876,0.0132,0.0,AWAKE
0.1866,0.0667,0.0,AWAKE
0.169,0.0135,0.0,AWAKE
0.1671,0.027,0.0,AWAKE
0.1873,0.0189,0.0,AWAKE
0.1727,0.0132,0.0,AWAKE
0.1889,0.0191,0.0,AWAKE
0.1857,0.0132,0.0,AWAKE
0.1749,0.0186,0.0,AWAKE
0.1729,0.0131,0.0,AWAKE
0.239,0.0,0.0,AWAKE
0.2315,0.0126,0.0,AWAKE
0.255,0.0256,0.0,AWAKE
0.2383,0.0,0.0,AWAKE
0.2607,0.013,0.0,AWAKE
0.2498,0.013,0.0,AWAKE
0.2702,0.0132,0.0,AWAKE
0.2612,0.0,0.0,AWAKE
0.26,0.013,0.0,AWAKE
0.2575,0.0649,0.0,AWAKE
0.2537,0.0389,0.0,AWAKE
0.2574,0.0535,0.0,AWAKE
0.2529,0.0256,0.0,AWAKE
0.2611,0.0384,0.0,AWAKE
0.2673,0.0128,0.0,AWAKE
0.267,0.0389,0.0,AWAKE
0.2607,0.0256,0.0,AWAKE
0.2656,0.0389,0.0,AWAKE
0.2703,0.0519,0.0,AWAKE
0.2622,0.0384,0.0,AWAKE
0.2582,0.0512,0.0,AWAKE
0.2542,0.0512,0.0,AWAKE
0.2553,0.0384,0.0,AWAKE
0.2529,0.0512,0.0,AWAKE
0.2701,0.0253,0.0,AWAKE
0.2549,0.0512,0.0,AWAKE
0.2386,0.0641,0.0,AWAKE
0.1423,0.0542,0.0,AWAKE
0.1419,0.0657,0.0,AWAKE
0.1472,0.0666,0.0,AWAKE
0.136,0.0394,0.0,AWAKE
0.1339,0.054,0.0,AWAKE
0.1258,0.04,0.0,AWAKE
0.1367,0.0133,0.0,AWAKE
0.154,0.041,0.0,AWAKE
0.139,0.0394,0.0,AWAKE
0.1561,0.0519,0.0,AWAKE
0.2227,0.0789,0.0,AWAKE
0.2374,0.0519,0.0,AWAKE
0.2422,0.0518,0.0,AWAKE
0.2508,0.0512,0.0,AWAKE
0.2538,0.0519,0.0,AWAKE
0.2614,0.0512,0.0,AWAKE
0.2569,0.0384,0.0,AWAKE
0.2663,0.0384,0.0,AWAKE
0.2635,0.0379,0.0,AWAKE
0.2675,0.013,0.0,AWAKE
0.2611,0.0519,0.0,AWAKE
0.2748,0.0286,0.0,AWAKE
0.2643,0.0259,0.0,AWAKE
0.2529,0.041,0.0,AWAKE
0.2569,0.029,0.0,AWAKE
0.2597,0.0405,0.0,AWAKE
0.267,0.0389,0.0,AWAKE
0.2624,0.0294,0.0,AWAKE
0.2676,0.0259,0.0,AWAKE
0.2632,0.0519,0.0,AWAKE
0.2587,0.0518,0.0,AWAKE
0.2738,0.0389,0.0,AWAKE
0.268,0.0394,0.0,AWAKE
0.268,0.0394,0.0,AWAKE
0.2544,0.0542,0.0,AWAKE
0.2731,0.0394,0.0,AWAKE
0.2692,0.0415,0.0,AWAKE
0.2654,0.0541,0.0,AWAKE
0.2645,0.0394,0.0,AWAKE
0.2671,0.0394,0.0,AWAKE
0.2607,0.0525,0.0,AWAKE
0.2594,0.0405,0.0,AWAKE
0.2712,0.0259,0.0,AWAKE
0.267,0.0282,0.0,AWAKE
0.2683,0.0389,0.0,AWAKE
0.2748,0.0263,0.0,AWAKE
0.269,0.0131,0.0,AWAKE
0.2631,0.0,0.0,AWAKE
0.2592,0.0,0.0,AWAKE
0.268,0.0,0.0,AWAKE
0.2783,0.0,0.0,AWAKE
0.2741,0.0,0.0,AWAKE
0.267,0.0,0.0,AWAKE
0.2504,0.0,0.0,AWAKE
0.2489,0.0,0.0,AWAKE
0.2723,0.0,0.0,AWAKE
0.2566,0.0,0.0,AWAKE
0.2788,0.0,0.0,AWAKE
0.2696,0.012,0.0,AWAKE
0.2641,0.0,0.0,AWAKE
0.2521,0.0,0.0,AWAKE
0.2662,0.0,0.0,AWAKE
0.2566,0.0,0.0,AWAKE
0.2571,0.0123,0.0,AWAKE
0.2604,0.0,0.0,AWAKE
0.2723,0.0175,0.0,AWAKE
0.2572,0.0172,0.0,AWAKE
0.2458,0.0123,0.0,AWAKE
0.257,0.0,0.0,AWAKE
0.2537,0.0122,0.0,AWAKE
0.2398,0.0,0.0,AWAKE
0.2458,0.0,0.0,AWAKE
0.2475,0.0,0.0,AWAKE
0.2369,0.0122,0.0,AWAKE
0.2497,0.0,0.0,AWAKE
0.2455,0.0175,0.0,AWAKE
0.2455,0.0,0.0,AWAKE
0.2563,0.0,0.0,AWAKE
0.2514,0.0,0.0,AWAKE
0.2458,0.0122,0.0,AWAKE
0.2469,0.0174,0.0,AWAKE
0.2567,0.0,0.0,AWAKE
0.2445,0.012,0.0,AWAKE
0.2475,0.0123,0.0,AWAKE
0.2622,0.0122,0.0,AWAKE
0.2512,0.0,0.0,AWAKE
0.2572,0.0,0.0,AWAKE
0.254,0.0,0.0,AWAKE
0.2604,0.0,0.0,AWAKE
0.2465,0.0122,0.0,AWAKE
0.2485,0.0,0.0,AWAKE
0.2374,0.0,0.0,AWAKE
0.216,0.0123,0.0,AWAKE
0.0418,0.0,0.0,AWAKE
0.0656,0.0123,0.0,AWAKE
0.0636,0.0,0.0,AWAKE
0.1232,0.0,0.0,AWAKE
0.2237,0.0122,0.0,AWAKE
0.2456,0.0,0.0,AWAKE
0.2596,0.0123,0.0,AWAKE
0.251,0.0,0.0,AWAKE
0.2553,0.0126,0.0,AWAKE
0.2698,0.0,0.0,AWAKE
0.2566,0.0,0.0,AWAKE
0.2637,0.0,0.0,AWAKE
0.2687,0.0,0.0,AWAKE
0.2702,0.0,0.0,AWAKE
0.262,0.0125,0.0,AWAKE
0.2662,0.0123,0.0,AWAKE
0.2641,0.0126,0.0,AWAKE
0.2672,0.0179,0.0,AWAKE
0.2713,0.0,0.0,AWAKE
0.2633,0.0,0.0,AWAKE
0.2589,0.0,0.0,AWAKE
0.269,0.0177,0.0,AWAKE
0.2684,0.0125,0.0,AWAKE
0.279,0.0123,0.0,AWAKE
0.2745,0.0125,0.0,AWAKE
0.2662,0.0,0.0,AWAKE
0.2723,0.0125,0.0,AWAKE
0.2653,0.0125,0.0,AWAKE
0.2604,0.0,0.0,AWAKE
0.2539,0.0,0.0,AWAKE
0.2579,0.0,0.0,AWAKE
0.2638,0.0126,0.0,AWAKE
0.2616,0.0126,0.0,AWAKE
0.2666,0.0126,0.0,AWAKE
0.2724,0.0125,0.0,AWAKE
0.2613,0.0,0.0,AWAKE
0.2632,0.0,0.0,AWAKE
0.2629,0.0,0.0,AWAKE
0.2643,0.0,0.0,AWAKE
0.2598,0.0,0.0,AWAKE
0.2695,0.0,0.0,AWAKE
0.2643,0.0,0.0,AWAKE
0.2643,0.0123,0.0,AWAKE
0.2581,0.0,0.0,AWAKE
0.2491,0.0,0.0,AWAKE
0.2645,0.0,0.0,AWAKE
0.2516,0.0,0.0,AWAKE
0.2603,0.0,0.0,AWAKE
0.2573,0.0,0.0,AWAKE
0.2572,0.0,0.0,AWAKE
0.261,0.0125,0.0,AWAKE
0.2615,0.0125,0.0,AWAKE
0.2586,0.0179,0.0,AWAKE
0.2755,0.0126,0.0,AWAKE
0.2755,0.0128,0.0,AWAKE
0.2725,0.0,0.0,AWAKE
0.2697,0.0,0.0,AWAKE
0.2565,0.0,0.0,AWAKE
0.2662,0.0125,0.0,AWAKE
0.2602,0.0,0.0,AWAKE
0.2684,0.0125,0.0,AWAKE
0.2623,0.0126,0.0,AWAKE
0.2555,0.0,0.0,AWAKE
0.252,0.0,0.0,AWAKE
0.2588,0.0126,0.0,AWAKE
0.2492,0.0125,0.0,AWAKE
0.2637,0.0125,0.0,AWAKE
0.2632,0.0125,0.0,AWAKE
0.2722,0.0,0.0,AWAKE
0.2603,0.0,0.0,AWAKE
0.2691,0.0181,0.0,AWAKE
0.266,0.0181,0.0,AWAKE
0.2784,0.0126,0.0,AWAKE
0.2781,0.0126,0.0,AWAKE
0.2781,0.0,0.0,AWAKE
0.2781,0.0125,0.0,AWAKE
0.2738,0.0,0.0,AWAKE
0.2728,0.0177,0.0,AWAKE
0.2641,0.0,0.0,AWAKE
0.2605,0.0,0.0,AWAKE
0.2706,0.0,0.0,AWAKE
0.2625,0.0,0.0,AWAKE
0.2596,0.0,0.0,AWAKE
0.2705,0.0,0.0,AWAKE
0.2595,0.0,0.0,AWAKE
0.2568,0.0,0.0,AWAKE
0.2521,0.0125,0.0,AWAKE
0.2503,0.0,0.0,AWAKE
0.2539,0.0,0.0,AWAKE
0.2568,0.0,0.0,AWAKE
0.2623,0.0179,0.0,AWAKE
0.2557,0.0,0.0,AWAKE
0.2568,0.0,0.0,AWAKE
0.2615,0.0,0.0,AWAKE
0.2615,0.0,0.0,AWAKE
0.2534,0.0,0.0,AWAKE
0.2219,0.0,0.0,AWAKE
0.1563,0.0,0.0,AWAKE
0.1095,0.0,0.0,AWAKE
0.1062,0.0,0.0,AWAKE
0.1167,0.0,0.0,AWAKE
0.1148,0.0,0.0,AWAKE
0.1041,0.0,0.0,AWAKE
0.1085,0.0,0.0,AWAKE
0.1149,0.0,0.0,AWAKE
0.1317,0.0,0.0,AWAKE
0.1076,0.0129,0.0,AWAKE
0.119,0.0183,0.0,AWAKE
0.0985,0.0,0.0,AWAKE
0.117,0.0,0.0,AWAKE
0.1069,0.0,0.0,AWAKE
0.1001,0.0,0.0,AWAKE
0.0665,0.0133,0.0,AWAKE
0.0595,0.0,0.0,AWAKE
0.067,0.0,0.0,AWAKE
0.0804,0.0,0.0,AWAKE
0.2115,0.0,0.0,AWAKE
0.2364,0.0,0.0,AWAKE
0.2611,0.0131,0.0,AWAKE
0.2513,0.0,0.0,AWAKE
0.2611,0.013,0.0,AWAKE
0.257,0.013,0.0,AWAKE
0.2556,0.0183,0.0,AWAKE
0.254,0.0,0.0,AWAKE
0.2638,0.0,0.0,AWAKE
0.2624,0.0183,0.0,AWAKE
0.2569,0.013,0.0,AWAKE
0.2591,0.0131,0.0,AWAKE
0.2506,0.0,0.0,AWAKE
0.2489,0.0128,0.0,AWAKE
0.2565,0.0,0.0,AWAKE
0.2589,0.013,0.0,AWAKE
0.2649,0.0,0.0,AWAKE
0.2573,0.0,0.0,AWAKE
0.2509,0.0,0.0,AWAKE
0.2621,0.0128,0.0,AWAKE
0.25,0.013,0.0,AWAKE
0.2576,0.013,0.0,AWAKE
0.2634,0.0128,0.0,AWAKE
0.2611,0.0,0.0,AWAKE
0.2567,0.0,0.0,AWAKE
0.2597,0.0,0.0,AWAKE
0.2585,0.0,0.0,AWAKE
0.2529,0.0,0.0,AWAKE
0.2634,0.0128,0.0,AWAKE
0.2678,0.0,0.0,AWAKE
0.2691,0.0,0.0,AWAKE
0.2526,0.013,0.0,AWAKE
0.256,0.0,0.0,AWAKE
0.257,0.0,0.0,AWAKE
0.2736,0.0128,0.0,AWAKE
0.2717,0.0,0.0,AWAKE
0.2646,0.0,0.0,AWAKE
0.2643,0.0128,0.0,AWAKE
0.2592,0.0126,0.0,AWAKE
0.2557,0.0128,0.0,AWAKE
0.2459,0.0,0.0,AWAKE
0.2514,0.0,0.0,AWAKE
0.2712,0.0179,0.0,AWAKE
0.2698,0.0,0.0,AWAKE
0.255,0.0,0.0,AWAKE
0.2732,0.0,0.0,AWAKE
0.2679,0.0128,0.0,AWAKE
0.2677,0.0255,0.0,AWAKE
0.2704,0.0128,0.0,AWAKE
0.2763,0.0128,0.0,AWAKE
0.2618,0.0,0.0,AWAKE
0.0757,0.0135,0.0,EYE_CLOSED
0.0749,0.0133,0.0,EYE_CLOSED
0.0729,0.0191,0.0,EYE_CLOSED
0.0709,0.0135,0.0,EYE_CLOSED
0.0765,0.0,0.0,EYE_CLOSED
0.082,0.0188,0.0,EYE_CLOSED
0.072,0.0,0.0,EYE_CLOSED
0.0728,0.0133,0.0,EYE_CLOSED
0.074,0.0188,0.0,EYE_CLOSED
0.0658,0.0189,0.0,EYE_CLOSED
0.0729,0.0133,0.0,EYE_CLOSED
0.0744,0.0188,0.0,EYE_CLOSED
0.0808,0.0186,0.0,EYE_CLOSED
0.0745,0.0132,0.0,EYE_CLOSED
0.0692,0.0133,0.0,EYE_CLOSED
0.078,0.0,0.0,EYE_CLOSED
0.0729,0.0186,0.0,EYE_CLOSED
0.0658,0.0133,0.0,EYE_CLOSED
0.0666,0.0186,0.0,EYE_CLOSED
0.0729,0.0,0.0,EYE_CLOSED
0.0791,0.0133,0.0,EYE_CLOSED
0.0704,0.0133,0.0,EYE_CLOSED
0.0685,0.0,0.0,EYE_CLOSED
0.0771,0.0,0.0,EYE_CLOSED
0.0733,0.0133,0.0,EYE_CLOSED
0.0765,0.0,0.0,EYE_CLOSED
0.0709,0.0,0.0,EYE_CLOSED
0.0711,0.0,0.0,EYE_CLOSED
0.0717,0.0,0.0,EYE_CLOSED
0.076,0.0,0.0,EYE_CLOSED
0.0724,0.0135,0.0,EYE_CLOSED
0.0576,0.0133,0.0,EYE_CLOSED
0.0592,0.0133,0.0,EYE_CLOSED
0.0646,0.0,0.0,EYE_CLOSED
0.0544,0.0194,0.0,EYE_CLOSED
0.0581,0.0,0.0,EYE_CLOSED
0.0617,0.0,0.0,EYE_CLOSED
0.0576,0.0,0.0,EYE_CLOSED
0.064,0.0139,0.0,EYE_CLOSED
0.0698,0.0,0.0,EYE_CLOSED
0.0697,0.0137,0.0,EYE_CLOSED
0.0632,0.0,0.0,EYE_CLOSED
0.0744,0.0137,0.0,EYE_CLOSED
0.0772,0.0263,0.0,EYE_CLOSED
0.0772,0.0189,0.0,EYE_CLOSED
0.0788,0.0135,0.0,EYE_CLOSED
0.085,0.0,0.0,EYE_CLOSED
0.0856,0.0132,0.0,EYE_CLOSED
0.0748,0.0133,0.0,EYE_CLOSED
0.0816,0.0,0.0,EYE_CLOSED
0.0771,0.0,0.0,EYE_CLOSED
0.0801,0.0,0.0,EYE_CLOSED
0.0868,0.0,0.0,EYE_CLOSED
0.088,0.0,0.0,EYE_CLOSED
0.0892,0.0133,0.0,EYE_CLOSED
0.0875,0.0,0.0,EYE_CLOSED
0.0886,0.0,0.0,EYE_CLOSED
0.0861,0.0133,0.0,EYE_CLOSED
0.0746,0.0,0.0,EYE_CLOSED
0.0711,0.0,0.0,EYE_CLOSED
0.0809,0.0,0.0,EYE_CLOSED
0.0741,0.0133,0.0,EYE_CLOSED
0.0689,0.0135,0.0,EYE_CLOSED
0.0704,0.0,0.0,EYE_CLOSED
0.0704,0.0,0.0,EYE_CLOSED
0.0679,0.0,0.0,EYE_CLOSED
0.0739,0.0,0.0,EYE_CLOSED
0.0844,0.0,0.0,EYE_CLOSED
0.0783,0.0133,0.0,EYE_CLOSED
0.0763,0.0189,0.0,EYE_CLOSED
0.0703,0.0133,0.0,EYE_CLOSED
0.0696,0.0132,0.0,EYE_CLOSED
0.0692,0.0135,0.0,EYE_CLOSED
0.0739,0.0135,0.0,EYE_CLOSED
0.0783,0.0135,0.0,EYE_CLOSED
0.0765,0.0133,0.0,EYE_CLOSED
0.0835,0.0,0.0,EYE_CLOSED
0.0791,0.0135,0.0,EYE_CLOSED
0.0721,0.0135,0.0,EYE_CLOSED
0.0728,0.0,0.0,EYE_CLOSED
0.0729,0.0,0.0,EYE_CLOSED
0.0711,0.0,0.0,EYE_CLOSED
0.0718,0.0133,0.0,EYE_CLOSED
0.0704,0.0,0.0,EYE_CLOSED
0.0718,0.0,0.0,EYE_CLOSED
0.0711,0.0,0.0,EYE_CLOSED
0.0851,0.0132,0.0,EYE_CLOSED
0.0701,0.0133,0.0,EYE_CLOSED
0.0683,0.0,0.0,EYE_CLOSED
0.0694,0.0135,0.0,EYE_CLOSED
0.0806,0.0135,0.0,EYE_CLOSED
0.0706,0.0,0.0,EYE_CLOSED
0.0701,0.0,0.0,EYE_CLOSED
0.0708,0.0,0.0,EYE_CLOSED
0.0708,0.0,0.0,EYE_CLOSED
0.0827,0.0133,0.0,EYE_CLOSED
0.0732,0.0,0.0,EYE_CLOSED
0.0701,0.0,0.0,EYE_CLOSED
0.0782,0.0,0.0,EYE_CLOSED
0.0723,0.0,0.0,EYE_CLOSED
0.0642,0.0,0.0,EYE_CLOSED
0.0644,0.0132,0.0,EYE_CLOSED
0.0642,0.0132,0.0,EYE_CLOSED
0.0569,0.0132,0.0,EYE_CLOSED
0.0694,0.0,0.0,EYE_CLOSED
0.0757,0.0135,0.0,EYE_CLOSED
0.0655,0.0133,0.0,EYE_CLOSED
0.0687,0.0,0.0,EYE_CLOSED
0.0633,0.0,0.0,EYE_CLOSED
0.0783,0.0,0.0,EYE_CLOSED
0.0641,0.0,0.0,EYE_CLOSED
0.0613,0.0189,0.0,EYE_CLOSED
0.0695,0.0,0.0,EYE_CLOSED
0.0695,0.0,0.0,EYE_CLOSED
0.0708,0.0,0.0,EYE_CLOSED
0.0762,0.0,0.0,EYE_CLOSED
0.0758,0.0132,0.0,EYE_CLOSED
0.0765,0.0,0.0,EYE_CLOSED
0.0739,0.0135,0.0,EYE_CLOSED
0.068,0.0133,0.0,EYE_CLOSED
0.0694,0.0133,0.0,EYE_CLOSED
0.0749,0.0135,0.0,EYE_CLOSED
0.0695,0.0135,0.0,EYE_CLOSED
0.0682,0.0135,0.0,EYE_CLOSED
0.0713,0.0135,0.0,EYE_CLOSED
0.0702,0.0132,0.0,EYE_CLOSED
0.064,0.0,0.0,EYE_CLOSED
0.0658,0.0,0.0,EYE_CLOSED
0.0703,0.0189,0.0,EYE_CLOSED
0.0649,0.0135,0.0,EYE_CLOSED
0.0649,0.0133,0.0,EYE_CLOSED
0.0729,0.0,0.0,EYE_CLOSED
0.0695,0.0133,0.0,EYE_CLOSED
0.0755,0.0189,0.0,EYE_CLOSED
0.0742,0.0133,0.0,EYE_CLOSED
0.0688,0.0,0.0,EYE_CLOSED
0.069,0.0132,0.0,EYE_CLOSED
0.0694,0.0132,0.0,EYE_CLOSED
0.0691,0.0,0.0,EYE_CLOSED
0.069,0.0189,0.0,EYE_CLOSED
0.0756,0.0191,0.0,EYE_CLOSED
0.0698,0.0133,0.0,EYE_CLOSED
0.0653,0.0,0.0,EYE_CLOSED
0.0745,0.0,0.0,EYE_CLOSED
0.0758,0.0,0.0,EYE_CLOSED
0.0703,0.0,0.0,EYE_CLOSED
0.0745,0.0,0.0,EYE_CLOSED
0.0739,0.0,0.0,EYE_CLOSED
0.0633,0.0189,0.0,EYE_CLOSED
0.0654,0.0133,0.0,EYE_CLOSED
0.0692,0.0133,0.0,EYE_CLOSED
0.0697,0.0,0.0,EYE_CLOSED
0.0756,0.0,0.0,EYE_CLOSED
0.0758,0.0,0.0,EYE_CLOSED
0.0704,0.0,0.0,EYE_CLOSED
0.0689,0.0133,0.0,EYE_CLOSED
0.0621,0.0133,0.0,EYE_CLOSED
0.0623,0.0133,0.0,EYE_CLOSED
0.0695,0.0,0.0,EYE_CLOSED
0.0709,0.0,0.0,EYE_CLOSED
0.0649,0.0,0.0,EYE_CLOSED
0.0589,0.0133,0.0,EYE_CLOSED
0.0703,0.0133,0.0,EYE_CLOSED
0.0712,0.0133,0.0,EYE_CLOSED
0.0773,0.0,0.0,EYE_CLOSED
0.068,0.0,0.0,EYE_CLOSED
0.065,0.0135,0.0,EYE_CLOSED
0.0694,0.0,0.0,EYE_CLOSED
0.0641,0.0132,0.0,EYE_CLOSED
0.0691,0.0,0.0,EYE_CLOSED
0.0683,0.0,0.0,EYE_CLOSED
0.0752,0.0,0.0,EYE_CLOSED
0.0756,0.013,0.0,EYE_CLOSED
0.0688,0.0,0.0,EYE_CLOSED
0.0627,0.0132,0.0,EYE_CLOSED
0.064,0.013,0.0,EYE_CLOSED
0.0701,0.0,0.0,EYE_CLOSED
0.078,0.0133,0.0,EYE_CLOSED
0.0739,0.0133,0.0,EYE_CLOSED
0.0782,0.0,0.0,EYE_CLOSED
0.0664,0.013,0.0,EYE_CLOSED
0.0678,0.0132,0.0,EYE_CLOSED
0.063,0.0,0.0,EYE_CLOSED
0.0701,0.0132,0.0,EYE_CLOSED
0.0722,0.0132,0.0,EYE_CLOSED
0.067,0.0,0.0,EYE_CLOSED
0.0687,0.0,0.0,EYE_CLOSED
0.0628,0.0,0.0,EYE_CLOSED
0.0766,0.0135,0.0,EYE_CLOSED
0.0655,0.0,0.0,EYE_CLOSED
0.0613,0.0,0.0,EYE_CLOSED
0.0562,0.0,0.0,EYE_CLOSED
0.0592,0.0133,0.0,EYE_CLOSED
0.0626,0.0,0.0,EYE_CLOSED
0.0612,0.0133,0.0,EYE_CLOSED
0.0601,0.0,0.0,EYE_CLOSED
0.0715,0.0,0.0,EYE_CLOSED
0.0823,0.0,0.0,EYE_CLOSED
0.0676,0.0,0.0,EYE_CLOSED
0.0706,0.0,0.0,EYE_CLOSED
0.079,0.0133,0.0,EYE_CLOSED
0.0854,0.0133,0.0,EYE_CLOSED
0.0782,0.0,0.0,EYE_CLOSED
0.0826,0.0,0.0,EYE_CLOSED
0.0928,0.0,0.0,EYE_CLOSED
0.0939,0.013,0.0,EYE_CLOSED
0.1019,0.0133,0.0,EYE_CLOSED
0.0983,0.0,0.0,EYE_CLOSED
0.1052,0.0,0.0,EYE_CLOSED
0.0995,0.0,0.0,EYE_CLOSED
0.0992,0.013,0.0,EYE_CLOSED
0.0924,0.0,0.0,EYE_CLOSED
0.1031,0.0,0.0,EYE_CLOSED
0.1104,0.013,0.0,EYE_CLOSED
0.1018,0.0,0.0,EYE_CLOSED
0.0983,0.0131,0.0,EYE_CLOSED
0.1038,0.0131,0.0,EYE_CLOSED
0.0975,0.0,0.0,EYE_CLOSED
0.1033,0.0131,0.0,EYE_CLOSED
0.0977,0.0,0.0,EYE_CLOSED
0.1093,0.0,0.0,EYE_CLOSED
0.0974,0.0,0.0,EYE_CLOSED
0.0974,0.0,0.0,EYE_CLOSED
0.0979,0.0,0.0,EYE_CLOSED
0.0988,0.0131,0.0,EYE_CLOSED
0.0926,0.0,0.0,EYE_CLOSED
0.1042,0.013,0.0,EYE_CLOSED
0.1019,0.0,0.0,EYE_CLOSED
0.0942,0.0,0.0,EYE_CLOSED
0.0989,0.0,0.0,EYE_CLOSED
0.1032,0.0,0.0,EYE_CLOSED
0.1044,0.0133,0.0,EYE_CLOSED
0.1033,0.0,0.0,EYE_CLOSED
0.0988,0.0,0.0,EYE_CLOSED
0.0982,0.0,0.0,EYE_CLOSED
0.0933,0.0131,0.0,EYE_CLOSED
0.0972,0.0,0.0,EYE_CLOSED
0.0983,0.0131,0.0,EYE_CLOSED
0.0972,0.0,0.0,EYE_CLOSED
0.0924,0.0,0.0,EYE_CLOSED
0.1038,0.0,0.0,EYE_CLOSED
0.0983,0.0,0.0,EYE_CLOSED
0.099,0.0,0.0,EYE_CLOSED
0.0968,0.0,0.0,EYE_CLOSED
0.1009,0.0,0.0,EYE_CLOSED
0.0994,0.0,0.0,EYE_CLOSED
0.0936,0.0,0.0,EYE_CLOSED
0.0925,0.013,0.0,EYE_CLOSED
0.0922,0.0131,0.0,EYE_CLOSED
0.0978,0.0,0.0,EYE_CLOSED
0.0943,0.0131,0.0,EYE_CLOSED
0.089,0.0133,0.0,EYE_CLOSED
0.0902,0.0,0.0,EYE_CLOSED
0.1003,0.0,0.0,EYE_CLOSED
0.0924,0.0,0.0,EYE_CLOSED
0.0862,0.0131,0.0,EYE_CLOSED
0.0874,0.0,0.0,EYE_CLOSED
0.0875,0.0,0.0,EYE_CLOSED
0.0868,0.0,0.0,EYE_CLOSED
0.0819,0.0,0.0,EYE_CLOSED
0.089,0.0131,0.0,EYE_CLOSED
0.0934,0.0133,0.0,EYE_CLOSED
0.0877,0.0,0.0,EYE_CLOSED
0.0988,0.0,0.0,EYE_CLOSED
0.0955,0.013,0.0,EYE_CLOSED
0.0955,0.0,0.0,EYE_CLOSED
0.0929,0.0,0.0,EYE_CLOSED
0.096,0.0,0.0,EYE_CLOSED
0.09,0.0,0.0,EYE_CLOSED
0.0871,0.0131,0.0,EYE_CLOSED
0.0925,0.0,0.0,EYE_CLOSED
0.0853,0.0131,0.0,EYE_CLOSED
0.0799,0.0131,0.0,EYE_CLOSED
0.0837,0.0,0.0,EYE_CLOSED
0.09,0.0,0.0,EYE_CLOSED
0.0861,0.0,0.0,EYE_CLOSED
0.0878,0.0,0.0,EYE_CLOSED
0.0928,0.0,0.0,EYE_CLOSED
0.095,0.0,0.0,EYE_CLOSED
0.0897,0.0,0.0,EYE_CLOSED
0.0817,0.0,0.0,EYE_CLOSED
0.0902,0.0,0.0,EYE_CLOSED
0.0918,0.0,0.0,EYE_CLOSED
0.0858,0.0,0.0,EYE_CLOSED
0.0918,0.0,0.0,EYE_CLOSED
0.0882,0.0133,0.0,EYE_CLOSED
0.0966,0.0,0.0,EYE_CLOSED
0.092,0.0,0.0,EYE_CLOSED
0.0861,0.0,0.0,EYE_CLOSED
0.0817,0.0,0.0,EYE_CLOSED
0.0913,0.0,0.0,EYE_CLOSED
0.0879,0.0,0.0,EYE_CLOSED
0.0826,0.0,0.0,EYE_CLOSED
0.0864,0.0,0.0,EYE_CLOSED
0.0861,0.0,0.0,EYE_CLOSED
0.0793,0.0,0.0,EYE_CLOSED
0.0919,0.0,0.0,EYE_CLOSED
0.0871,0.0,0.0,EYE_CLOSED
0.0956,0.0,0.0,EYE_CLOSED
0.0961,0.0,0.0,EYE_CLOSED
0.0871,0.0,0.0,EYE_CLOSED
0.093,0.0,0.0,EYE_CLOSED
0.095,0.0,0.0,EYE_CLOSED
0.0925,0.0,0.0,EYE_CLOSED
0.0925,0.0,0.0,EYE_CLOSED
0.0962,0.0,0.0,EYE_CLOSED
0.0913,0.0,0.0,EYE_CLOSED
0.0801,0.0,0.0,EYE_CLOSED
0.0962,0.0,0.0,EYE_CLOSED
0.0919,0.0,0.0,EYE_CLOSED
0.0909,0.0,0.0,EYE_CLOSED
0.0899,0.0,0.0,EYE_CLOSED
0.0842,0.0,0.0,EYE_CLOSED
0.0981,0.0,0.0,EYE_CLOSED
0.0808,0.0,0.0,EYE_CLOSED
0.0755,0.0,0.0,EYE_CLOSED
0.0817,0.0,0.0,EYE_CLOSED
0.0871,0.0,0.0,EYE_CLOSED
0.0808,0.0,0.0,EYE_CLOSED
0.0845,0.0,0.0,EYE_CLOSED
0.0879,0.0,0.0,EYE_CLOSED
0.0835,0.0,0.0,EYE_CLOSED
0.0867,0.0,0.0,EYE_CLOSED
0.0915,0.0,0.0,EYE_CLOSED
0.0913,0.0,0.0,EYE_CLOSED
0.0952,0.0,0.0,EYE_CLOSED
0.0861,0.0,0.0,EYE_CLOSED
0.0963,0.0,0.0,EYE_CLOSED
0.0861,0.0,0.0,EYE_CLOSED
0.0853,0.0,0.0,EYE_CLOSED
0.0853,0.0,0.0,EYE_CLOSED
0.0853,0.0,0.0,EYE_CLOSED
0.0765,0.013,0.0,EYE_CLOSED
0.0774,0.0,0.0,EYE_CLOSED
0.0774,0.0,0.0,EYE_CLOSED
0.0855,0.0,0.0,EYE_CLOSED
0.0852,0.0,0.0,EYE_CLOSED
0.0774,0.0131,0.0,EYE_CLOSED
0.0833,0.0,0.0,EYE_CLOSED
0.0885,0.0132,0.0,EYE_CLOSED
0.0831,0.0186,0.0,EYE_CLOSED
0.0782,0.0,0.0,EYE_CLOSED
0.0839,0.0,0.0,EYE_CLOSED
0.0859,0.0,0.0,EYE_CLOSED
0.0846,0.0,0.0,EYE_CLOSED
0.0864,0.0,0.0,EYE_CLOSED
0.0855,0.0,0.0,EYE_CLOSED
0.0861,0.0,0.0,EYE_CLOSED
0.0861,0.0,0.0,EYE_CLOSED
0.0899,0.0,0.0,EYE_CLOSED
0.0852,0.0132,0.0,EYE_CLOSED
0.08,0.0,0.0,EYE_CLOSED
0.0855,0.0,0.0,EYE_CLOSED
0.0855,0.0,0.0,EYE_CLOSED
0.0817,0.0,0.0,EYE_CLOSED
0.0908,0.0,0.0,EYE_CLOSED
0.087,0.0,0.0,EYE_CLOSED
0.0829,0.0,0.0,EYE_CLOSED
0.083,0.0,0.0,EYE_CLOSED
0.0791,0.0,0.0,EYE_CLOSED
0.0808,0.0,0.0,EYE_CLOSED
0.0732,0.0,0.0,EYE_CLOSED
0.0732,0.0,0.0,EYE_CLOSED
0.0789,0.0,0.0,EYE_CLOSED
0.0722,0.0,0.0,EYE_CLOSED
0.0772,0.0,0.0,EYE_CLOSED
0.0675,0.0,0.0,EYE_CLOSED
0.0784,0.0,0.0,EYE_CLOSED
0.086,0.0,0.0,EYE_CLOSED
0.079,0.0,0.0,EYE_CLOSED
0.068,0.0,0.0,EYE_CLOSED
0.0799,0.0,0.0,EYE_CLOSED
0.0793,0.0,0.0,EYE_CLOSED
0.0846,0.0,0.0,EYE_CLOSED
0.0793,0.0,0.0,EYE_CLOSED
0.0862,0.0,0.0,EYE_CLOSED
0.0826,0.0,0.0,EYE_CLOSED
0.0815,0.0,0.0,EYE_CLOSED
0.0808,0.0132,0.0,EYE_CLOSED
0.0821,0.0,0.0,EYE_CLOSED
0.0755,0.0,0.0,EYE_CLOSED
0.0765,0.0,0.0,EYE_CLOSED
0.0721,0.0,0.0,EYE_CLOSED
0.0732,0.0,0.0,EYE_CLOSED
0.0742,0.0,0.0,EYE_CLOSED
0.0755,0.0,0.0,EYE_CLOSED
0.0681,0.0,0.0,EYE_CLOSED
0.0808,0.0,0.0,EYE_CLOSED
0.0808,0.0131,0.0,EYE_CLOSED
0.0773,0.0,0.0,EYE_CLOSED
0.0717,0.0132,0.0,EYE_CLOSED
0.0784,0.0,0.0,EYE_CLOSED
0.0791,0.0,0.0,EYE_CLOSED
0.0784,0.0,0.0,EYE_CLOSED
0.0784,0.0,0.0,EYE_CLOSED
0.0811,0.0,0.0,EYE_CLOSED
0.0803,0.0,0.0,EYE_CLOSED
0.0817,0.0,0.0,EYE_CLOSED
0.0811,0.0,0.0,EYE_CLOSED
0.0826,0.0,0.0,EYE_CLOSED
0.0732,0.0,0.0,EYE_CLOSED
0.0763,0.0,0.0,EYE_CLOSED
0.081,0.0,0.0,EYE_CLOSED
0.0756,0.0,0.0,EYE_CLOSED
0.0817,0.0,0.0,EYE_CLOSED
0.0837,0.0,0.0,EYE_CLOSED
0.0852,0.0,0.0,EYE_CLOSED
0.0784,0.0,0.0,EYE_CLOSED
0.0774,0.0132,0.0,EYE_CLOSED
0.0748,0.0,0.0,EYE_CLOSED
0.0782,0.0,0.0,EYE_CLOSED
0.0817,0.0,0.0,EYE_CLOSED
0.0865,0.0133,0.0,EYE_CLOSED
0.0704,0.0131,0.0,EYE_CLOSED
0.0767,0.0131,0.0,EYE_CLOSED
0.0696,0.0,0.0,EYE_CLOSED
0.0817,0.0,0.0,EYE_CLOSED
0.0808,0.0,0.0,EYE_CLOSED
0.0868,0.0,0.0,EYE_CLOSED
0.087,0.0,0.0,EYE_CLOSED
0.0851,0.0,0.0,EYE_CLOSED
0.0793,0.0,0.0,EYE_CLOSED
0.0793,0.0,0.0,EYE_CLOSED
0.0741,0.0,0.0,EYE_CLOSED
0.0782,0.0,0.0,EYE_CLOSED
0.0739,0.0,0.0,EYE_CLOSED
0.0811,0.0,0.0,EYE_CLOSED
0.0808,0.0132,0.0,EYE_CLOSED
0.0782,0.013,0.0,EYE_CLOSED
0.0732,0.0132,0.0,EYE_CLOSED
0.24,0.3289,0.0,YAWNING
0.2397,0.3921,0.0,YAWNING
0.2384,0.4933,0.0,YAWNING
0.2423,0.5614,0.0,YAWNING
0.2215,0.5808,0.0,YAWNING
0.2352,0.6293,0.0,YAWNING
0.2354,0.6348,0.0,YAWNING
0.214,0.6712,0.0,YAWNING
0.2321,0.6528,0.0,YAWNING
0.2235,0.6809,0.0,YAWNING
0.2202,0.7182,0.0,YAWNING
0.2109,0.7292,0.0,YAWNING
0.1967,0.7217,0.0,YAWNING
0.1811,0.7292,0.0,YAWNING
0.1636,0.7536,0.0,YAWNING
0.1663,0.7542,0.0,YAWNING
0.1805,0.7793,0.0,YAWNING
0.132,0.7696,0.0,YAWNING
0.1133,0.7685,0.0,YAWNING
0.1655,0.829,0.0,YAWNING
0.2114,0.8163,0.0,YAWNING
0.2238,0.7645,0.0,YAWNING
0.2416,0.7792,0.0,YAWNING
0.236,0.7679,0.0,YAWNING
0.245,0.7535,0.0,YAWNING
0.2506,0.7319,0.0,YAWNING
0.2573,0.7791,0.0,YAWNING
0.2485,0.7645,0.0,YAWNING
0.2699,0.724,0.0,YAWNING
0.221,0.7501,0.0,YAWNING
0.2242,0.7645,0.0,YAWNING
0.2364,0.7392,0.0,YAWNING
0.2164,0.7942,0.0,YAWNING
0.2308,0.7613,0.0,YAWNING
0.226,0.7644,0.0,YAWNING
0.2395,0.7392,0.0,YAWNING
0.1911,0.8031,0.0,YAWNING
0.212,0.7646,0.0,YAWNING
0.194,0.7312,0.0,YAWNING
0.1556,0.72,0.0,YAWNING
0.0567,0.7842,0.0,YAWNING
0.0426,0.7617,0.0,YAWNING
0.0353,0.7851,0.0,YAWNING
0.0287,0.7851,0.0,YAWNING
0.0347,0.7732,0.0,YAWNING
0.0766,0.7792,0.0,YAWNING
0.1249,0.7884,0.0,YAWNING
0.1566,0.8461,0.0,YAWNING
0.1859,0.806,0.0,YAWNING
0.2209,0.8771,0.0,YAWNING
0.2069,0.8638,0.0,YAWNING
0.2011,0.7749,0.0,YAWNING
0.2113,0.7776,0.0,YAWNING
0.2071,0.7966,0.0,YAWNING
0.2092,0.8075,0.0,YAWNING
0.2033,0.848,0.0,YAWNING
0.1974,0.7879,0.0,YAWNING
0.2079,0.8255,0.0,YAWNING
0.2037,0.8035,0.0,YAWNING
0.1883,0.8036,0.0,YAWNING
0.1999,0.7937,0.0,YAWNING
0.1926,0.8049,0.0,YAWNING
0.1825,0.773,0.0,YAWNING
0.1818,0.708,0.0,YAWNING
0.1875,0.7126,0.0,YAWNING
0.2021,0.677,0.0,YAWNING
0.2194,0.6471,0.0,YAWNING
0.2129,0.6575,0.0,YAWNING
0.2173,0.631,0.0,YAWNING
0.1978,0.6207,0.0,YAWNING
0.2019,0.6351,0.0,YAWNING
0.1965,0.6275,0.0,YAWNING
0.1948,0.6248,0.0,YAWNING
0.2,0.6479,0.0,YAWNING
0.1899,0.6306,0.0,YAWNING
0.2042,0.5981,0.0,YAWNING
0.1766,0.6256,0.0,YAWNING
0.1948,0.6023,0.0,YAWNING
0.1835,0.6536,0.0,YAWNING
0.1825,0.6137,0.0,YAWNING
0.192,0.6256,0.0,YAWNING
0.1988,0.6384,0.0,YAWNING
0.2045,0.6175,0.0,YAWNING
0.1833,0.6499,0.0,YAWNING
0.1897,0.7103,0.0,YAWNING
0.1916,0.741,0.0,YAWNING
0.1867,0.7733,0.0,YAWNING
0.1928,0.7733,0.0,YAWNING
0.2021,0.7733,0.0,YAWNING
0.0573,0.7781,0.0,YAWNING
0.0618,0.7999,0.0,YAWNING
0.0604,0.8099,0.0,YAWNING
0.0612,0.8357,0.0,YAWNING
0.0879,0.8071,0.0,YAWNING
0.1528,0.7273,0.0,YAWNING
0.1807,0.7533,0.0,YAWNING
0.2075,0.7499,0.0,YAWNING
0.2182,0.7597,0.0,YAWNING
0.2308,0.7335,0.0,YAWNING
0.2324,0.7262,0.0,YAWNING
0.205,0.7083,0.0,YAWNING
0.2264,0.6849,0.0,YAWNING
0.2287,0.7271,0.0,YAWNING
0.2305,0.3676,0.0,YAWNING
0.2523,0.0,0.0,YAWNING
0.2493,0.0,0.0,YAWNING
0.2553,0.0143,0.0,YAWNING
0.2616,0.0,0.0,YAWNING
0.2681,0.0154,0.0,YAWNING
0.2652,0.0159,0.0,YAWNING
0.2763,0.0154,0.0,YAWNING
0.2693,0.0147,0.0,YAWNING
0.2729,0.0196,0.0,YAWNING
0.2738,0.0,0.0,YAWNING
0.2673,0.0,0.0,YAWNING
0.2633,0.0,0.0,YAWNING
0.2573,0.0211,0.0,YAWNING
0.2644,0.0,0.0,YAWNING
0.273,0.0308,0.0,YAWNING
0.2571,0.0316,0.0,YAWNING
0.2585,0.0334,0.0,YAWNING
0.2505,0.4709,0.0,YAWNING
0.2298,0.5127,0.0,YAWNING
0.2273,0.4708,0.0,YAWNING
0.2276,0.4712,0.0,YAWNING
0.204,0.6434,0.0,YAWNING
0.2218,0.6662,0.0,YAWNING
0.2118,0.2947,0.0,YAWNING
0.1938,0.6796,0.0,YAWNING
0.2105,0.5205,0.0,YAWNING
0.1981,0.4789,0.0,YAWNING
0.1958,0.5477,0.0,YAWNING
0.1738,0.649,0.0,YAWNING
0.0635,0.7838,0.0,YAWNING
0.0553,0.7946,0.0,YAWNING
0.0649,0.6989,0.0,YAWNING
0.0583,0.8782,0.0,YAWNING
0.0617,0.8919,0.0,YAWNING
0.1352,0.8181,0.0,YAWNING
0.1899,0.7686,0.0,YAWNING
0.2096,0.7364,0.0,YAWNING
0.2239,0.7595,0.0,YAWNING
0.227,0.7101,0.0,YAWNING
0.2182,0.7457,0.0,YAWNING
0.2222,0.7431,0.0,YAWNING
0.2152,0.7665,0.0,YAWNING
0.2205,0.7367,0.0,YAWNING
0.2133,0.7599,0.0,YAWNING
0.2261,0.7012,0.0,YAWNING
0.2188,0.7602,0.0,YAWNING
0.2283,0.7278,0.0,YAWNING
0.2302,0.7084,0.0,YAWNING
0.2181,0.6963,0.0,YAWNING
0.2218,0.7047,0.0,YAWNING
0.2197,0.7159,0.0,YAWNING
0.2188,0.7242,0.0,YAWNING
0.2104,0.71,0.0,YAWNING
0.2219,0.7059,0.0,YAWNING
0.2081,0.7217,0.0,YAWNING
0.2205,0.7472,0.0,YAWNING
0.2131,0.7346,0.0,YAWNING
0.2104,0.744,0.0,YAWNING
0.2083,0.7565,0.0,YAWNING
0.2299,0.7664,0.0,YAWNING
0.2303,0.7531,0.0,YAWNING
0.2164,0.7436,0.0,YAWNING
0.232,0.7088,0.0,YAWNING
0.2295,0.7272,0.0,YAWNING
0.2305,0.7179,0.0,YAWNING
0.215,0.6538,0.0,YAWNING
0.2302,0.6329,0.0,YAWNING
0.2346,0.6277,0.0,YAWNING
0.2456,0.6277,0.0,YAWNING
0.2506,0.6622,0.0,YAWNING
0.2319,0.6538,0.0,YAWNING
0.2376,0.6749,0.0,YAWNING
0.243,0.6752,0.0,YAWNING
0.223,0.7201,0.0,YAWNING
0.0501,0.7367,0.0,YAWNING
0.0343,0.7104,0.0,YAWNING
0.0406,0.7334,0.0,YAWNING
0.0486,0.7464,0.0,YAWNING
0.0688,0.767,0.0,YAWNING
0.1787,0.77,0.0,YAWNING
0.2129,0.7435,0.0,YAWNING
0.2142,0.7431,0.0,YAWNING
0.2366,0.7298,0.0,YAWNING
0.2343,0.7145,0.0,YAWNING
0.2391,0.7334,0.0,YAWNING
0.2507,0.711,0.0,YAWNING
0.2512,0.6764,0.0,YAWNING
0.2484,0.6625,0.0,YAWNING
0.2595,0.6711,0.0,YAWNING
0.2504,0.6754,0.0,YAWNING
0.2421,0.6624,0.0,YAWNING
0.2553,0.6711,0.0,YAWNING
0.2455,0.6363,0.0,YAWNING
0.2419,0.671,0.0,YAWNING
0.2481,0.6712,0.0,YAWNING
0.2567,0.6625,0.0,YAWNING
0.2668,0.658,0.0,YAWNING
0.264,0.6449,0.0,YAWNING
0.2587,0.671,0.0,YAWNING
0.2637,0.658,0.0,YAWNING
0.2608,0.6449,0.0,YAWNING
0.2589,0.6317,0.0,YAWNING
0.2539,0.6711,0.0,YAWNING
0.2533,0.6365,0.0,YAWNING
0.2427,0.6625,0.0,YAWNING
0.2651,0.6579,0.0,YAWNING
0.2611,0.6495,0.0,YAWNING
0.2668,0.658,0.0,YAWNING
0.2666,0.658,0.0,YAWNING
0.2373,0.6843,0.0,YAWNING
0.243,0.6805,0.0,YAWNING
0.2512,0.6668,0.0,YAWNING
0.2566,0.6449,0.0,YAWNING
0.2564,0.658,0.0,YAWNING
0.2454,0.6449,0.0,YAWNING
0.2491,0.6672,0.0,YAWNING
0.2343,0.6405,0.0,YAWNING
0.2378,0.6406,0.0,YAWNING
0.2353,0.6316,0.0,YAWNING
0.2371,0.6535,0.0,YAWNING
0.2371,0.6535,0.0,YAWNING
0.2336,0.6623,0.0,YAWNING
0.2342,0.6623,0.0,YAWNING
0.2309,0.6321,0.0,YAWNING
0.2312,0.6539,0.0,YAWNING
0.2377,0.6535,0.0,YAWNING
0.2367,0.6449,0.0,YAWNING
0.2362,0.6406,0.0,YAWNING
0.2381,0.6406,0.0,YAWNING
0.2341,0.658,0.0,YAWNING
0.234,0.6672,0.0,YAWNING
0.2355,0.6135,0.0,YAWNING
0.2346,0.6317,0.0,YAWNING
0.233,0.6535,0.0,YAWNING
0.2392,0.6667,0.0,YAWNING
0.2292,0.6405,0.0,YAWNING
0.2346,0.6668,0.0,YAWNING
0.2283,0.6621,0.0,YAWNING
0.2223,0.6447,0.0,YAWNING
0.2236,0.6488,0.0,YAWNING
0.2259,0.6405,0.0,YAWNING
0.2331,0.6534,0.0,YAWNING
0.2192,0.6234,0.0,YAWNING
0.0388,0.6233,0.0,YAWNING
0.0385,0.6027,0.0,YAWNING
0.0397,0.5897,0.0,YAWNING
0.0706,0.5844,0.0,YAWNING
0.152,0.5844,0.0,YAWNING
0.2149,0.5585,0.0,YAWNING
0.2145,0.592,0.0,YAWNING
0.2229,0.5586,0.0,YAWNING
0.2359,0.5389,0.0,YAWNING
0.2308,0.4932,0.0,YAWNING
0.2236,0.4563,0.0,YAWNING
0.2244,0.4185,0.0,YAWNING
0.2174,0.3932,0.0,YAWNING
0.2163,0.3252,0.0,YAWNING
0.2175,0.284,0.0,YAWNING
0.2238,0.2966,0.0,YAWNING
0.2158,0.2805,0.0,YAWNING
0.2193,0.2564,0.0,YAWNING
0.2208,0.2533,0.0,YAWNING
0.2262,0.2442,0.0,YAWNING
0.2174,0.2564,0.0,YAWNING
0.2175,0.2564,0.0,YAWNING
0.2202,0.2842,0.0,YAWNING
0.223,0.3295,0.0,YAWNING
0.2232,0.3877,0.0,YAWNING
0.2281,0.4252,0.0,YAWNING
0.2233,0.4881,0.0,YAWNING
0.2251,0.5262,0.0,YAWNING
0.2226,0.5571,0.0,YAWNING
0.2268,0.5844,0.0,YAWNING
0.2385,0.5849,0.0,YAWNING
0.2311,0.6109,0.0,YAWNING
0.2376,0.6233,0.0,YAWNING
0.231,0.6182,0.0,YAWNING
0.2319,0.6317,0.0,YAWNING
0.2309,0.6401,0.0,YAWNING
0.2341,0.6351,0.0,YAWNING
0.2246,0.6487,0.0,YAWNING
0.2342,0.6401,0.0,YAWNING
0.2397,0.6401,0.0,YAWNING
0.2457,0.6401,0.0,YAWNING
0.2363,0.6399,0.0,YAWNING
0.2448,0.6401,0.0,YAWNING
0.2317,0.6184,0.0,YAWNING
0.2321,0.6185,0.0,YAWNING
0.2299,0.6184,0.0,YAWNING
0.2297,0.6315,0.0,YAWNING
0.2297,0.6399,0.0,YAWNING
0.2301,0.6266,0.0,YAWNING
0.2273,0.6268,0.0,YAWNING
0.2271,0.6401,0.0,YAWNING
0.2383,0.6268,0.0,YAWNING
0.2309,0.6216,0.0,YAWNING
0.2293,0.6486,0.0,YAWNING
0.2298,0.6534,0.0,YAWNING
0.2355,0.6317,0.0,YAWNING
0.241,0.6235,0.0,YAWNING
0.241,0.5897,0.0,YAWNING
0.2421,0.5771,0.0,YAWNING
0.2443,0.5697,0.0,YAWNING
0.2372,0.5715,0.0,YAWNING
0.2422,0.5571,0.0,YAWNING
0.23,0.5642,0.0,YAWNING
0.242,0.5642,0.0,YAWNING
0.2323,0.577,0.0,YAWNING
0.2458,0.577,0.0,YAWNING
0.2393,0.5698,0.0,YAWNING
0.2286,0.5642,0.0,YAWNING
0.2308,0.5715,0.0,YAWNING
0.2255,0.5845,0.0,YAWNING
0.2295,0.5646,0.0,YAWNING
0.2282,0.5846,0.0,YAWNING
0.2277,0.5975,0.0,YAWNING
0.2397,0.5714,0.0,YAWNING
0.2232,0.5844,0.0,YAWNING
0.2306,0.5642,0.0,YAWNING
0.2295,0.5571,0.0,YAWNING
0.236,0.5769,0.0,YAWNING
0.2365,0.5642,0.0,YAWNING
0.2308,0.5697,0.0,YAWNING
0.2349,0.5698,0.0,YAWNING
0.2442,0.5769,0.0,YAWNING
0.2337,0.5696,0.0,YAWNING
0.2299,0.5642,0.0,YAWNING
0.2286,0.5698,0.0,YAWNING
0.2346,0.577,0.0,YAWNING
0.2396,0.5846,0.0,YAWNING
0.2422,0.585,0.0,YAWNING
0.2324,0.5844,0.0,YAWNING
0.2411,0.5771,0.0,YAWNING
0.2271,0.557,0.0,YAWNING
0.2319,0.5641,0.0,YAWNING
0.2355,0.5571,0.0,YAWNING
0.2299,0.5899,0.0,YAWNING
0.2332,0.5698,0.0,YAWNING
0.2426,0.5697,0.0,YAWNING
0.2363,0.5846,0.0,YAWNING
0.2358,0.5715,0.0,YAWNING
0.2404,0.5715,0.0,YAWNING
0.2402,0.5897,0.0,YAWNING
0.2299,0.5769,0.0,YAWNING
0.2312,0.5769,0.0,YAWNING
0.2275,0.5714,0.0,YAWNING
0.2217,0.5846,0.0,YAWNING
0.2176,0.5921,0.0,YAWNING
0.2249,0.5789,0.0,YAWNING
0.2236,0.5646,0.0,YAWNING
0.2331,0.5714,0.0,YAWNING
0.226,0.5845,0.0,YAWNING
0.2354,0.5714,0.0,YAWNING
0.2277,0.5715,0.0,YAWNING
0.2277,0.5789,0.0,YAWNING
0.2413,0.5844,0.0,YAWNING
0.23,0.5845,0.0,YAWNING
0.2264,0.6054,0.0,YAWNING
0.2366,0.5514,0.0,YAWNING
0.2368,0.5844,0.0,YAWNING
0.2331,0.5921,0.0,YAWNING
0.2338,0.5771,0.0,YAWNING
0.2276,0.577,0.0,YAWNING
0.2375,0.577,0.0,YAWNING
0.2245,0.6133,0.0,YAWNING
0.2266,0.6049,0.0,YAWNING
0.215,0.6107,0.0,YAWNING
0.2163,0.6155,0.0,YAWNING
0.2272,0.6097,0.0,YAWNING
0.2109,0.636,0.0,YAWNING
0.2232,0.649,0.0,YAWNING
0.2317,0.6535,0.0,YAWNING
0.2317,0.6582,0.0,YAWNING
0.2317,0.6838,0.0,YAWNING
0.2327,0.6575,0.0,YAWNING
0.2219,0.6578,0.0,YAWNING
0.2217,0.6799,0.0,YAWNING
0.2327,0.6931,0.0,YAWNING
0.2292,0.6932,0.0,YAWNING
0.224,0.7199,0.0,YAWNING
0.2301,0.6971,0.0,YAWNING
0.2248,0.6798,0.0,YAWNING
0.2258,0.6973,0.0,YAWNING
0.2336,0.7333,0.0,YAWNING
0.2311,0.6756,0.0,YAWNING
0.2363,0.6707,0.0,YAWNING
0.2204,0.6666,0.0,YAWNING
0.2317,0.6799,0.0,YAWNING
0.2266,0.6713,0.0,YAWNING
0.2279,0.6539,0.0,YAWNING
0.2215,0.6622,0.0,YAWNING
0.2204,0.649,0.0,YAWNING
0.2218,0.6798,0.0,YAWNING
0.2157,0.6584,0.0,YAWNING
0.2213,0.6671,0.0,YAWNING
0.2266,0.6666,0.0,YAWNING
0.2235,0.6582,0.0,YAWNING
0.2255,0.6667,0.0,YAWNING
0.2266,0.667,0.0,YAWNING
0.224,0.6538,0.0,YAWNING
0.227,0.6671,0.0,YAWNING
0.2257,0.6582,0.0,YAWNING
0.234,0.6578,0.0,YAWNING
0.234,0.6536,0.0,YAWNING
0.233,0.6667,0.0,YAWNING
0.2264,0.6451,0.0,YAWNING
0.2288,0.6452,0.0,YAWNING
0.2251,0.6241,0.0,YAWNING
0.226,0.6316,0.0,YAWNING
0.2292,0.6056,0.0,YAWNING
0.2155,0.6319,0.0,YAWNING
0.2319,0.6396,0.0,YAWNING
0.2306,0.6626,0.0,YAWNING
0.2331,0.649,0.0,YAWNING
0.2267,0.6274,0.0,YAWNING
0.2328,0.6456,0.0,YAWNING
0.2418,0.6678,0.0,YAWNING
0.2479,0.6549,0.0,YAWNING
0.1642,0.631,0.0,YAWNING
0.077,0.6641,0.0,YAWNING
0.0479,0.65,0.0,YAWNING
0.0455,0.6508,0.0,YAWNING
0.0519,0.6572,0.0,YAWNING
0.0645,0.6326,0.0,YAWNING
0.0741,0.6356,0.0,YAWNING
0.0505,0.6401,0.0,YAWNING
0.0583,0.5834,0.0,YAWNING
0.0709,0.5405,0.0,YAWNING
0.0662,0.5555,0.0,YAWNING
0.0705,0.5376,0.0,YAWNING
0.0698,0.5637,0.0,YAWNING
0.0515,0.5414,0.0,YAWNING
0.0584,0.5637,0.0,YAWNING
0.1014,0.5365,0.0,YAWNING
0.1138,0.5515,0.0,YAWNING
0.1562,0.5867,0.0,YAWNING
0.189,0.5776,0.0,YAWNING
0.2128,0.5693,0.0,YAWNING
0.222,0.5888,0.0,YAWNING
0.2264,0.5974,0.0,YAWNING
0.2095,0.5886,0.0,YAWNING
0.2126,0.604,0.0,YAWNING
0.2063,0.6028,0.0,YAWNING
0.2053,0.6105,0.0,YAWNING
0.2219,0.6324,0.0,YAWNING
0.2206,0.6143,0.0,YAWNING
0.2127,0.6052,0.0,YAWNING
0.2303,0.6403,0.0,YAWNING
0.2189,0.6284,0.0,YAWNING
0.2168,0.6457,0.0,YAWNING
0.2145,0.6598,0.0,YAWNING
0.2086,0.6854,0.0,YAWNING
0.2321,0.6891,0.0,YAWNING
0.2243,0.7067,0.0,YAWNING
0.2251,0.6895,0.0,YAWNING
0.2183,0.6801,0.0,YAWNING
0.227,0.6711,0.0,YAWNING
0.2238,0.6934,0.0,YAWNING
0.2292,0.7068,0.0,YAWNING
0.2285,0.6891,0.0,YAWNING
0.2317,0.658,0.0,YAWNING
0.2237,0.6621,0.0,YAWNING
0.2262,0.6448,0.0,YAWNING
0.2245,0.6666,0.0,YAWNING
0.2212,0.671,0.0,YAWNING
0.2211,0.6446,0.0,YAWNING
0.2228,0.6667,0.0,YAWNING
0.2253,0.6799,0.0,YAWNING
0.2176,0.6756,0.0,YAWNING
0.2322,0.6237,0.0,YAWNING
0.2281,0.6534,0.0,YAWNING
0.2335,0.6578,0.0,YAWNING
0.2284,0.6932,0.0,YAWNING
0.2289,0.6452,0.0,YAWNING
0.2292,0.6538,0.0,YAWNING
0.2303,0.6239,0.0,YAWNING
0.2265,0.6498,0.0,YAWNING
0.2363,0.6494,0.0,YAWNING
0.2253,0.6368,0.0,YAWNING
0.2264,0.6237,0.0,YAWNING
0.2301,0.6031,0.0,YAWNING
0.2334,0.6446,0.0,YAWNING
0.2201,0.6107,0.0,YAWNING
0.2153,0.6239,0.0,YAWNING
0.2238,0.6448,0.0,YAWNING
0.229,0.6452,0.0,YAWNING
0.2252,0.6239,0.0,YAWNING
0.2184,0.6234,0.0,YAWNING
0.2282,0.6239,0.0,YAWNING
0.2121,0.6321,0.0,YAWNING
0.229,0.6319,0.0,YAWNING
0.2336,0.6317,0.0,YAWNING
0.2234,0.6319,0.0,YAWNING
0.2269,0.6237,0.0,YAWNING
0.224,0.6233,0.0,YAWNING
0.2326,0.6107,0.0,YAWNING
0.2321,0.6316,0.0,YAWNING
0.2331,0.6244,0.0,YAWNING
0.2348,0.6373,0.0,YAWNING
0.2273,0.6326,0.0,YAWNING
0.224,0.6244,0.0,YAWNING
0.2311,0.6457,0.0,YAWNING
0.2295,0.6457,0.0,YAWNING
0.2412,0.6588,0.0,YAWNING
0.2426,0.6676,0.0,YAWNING
0.2317,0.6673,0.0,YAWNING
0.2301,0.6815,0.0,YAWNING
0.2301,0.6951,0.0,YAWNING
0.2423,0.6806,0.0,YAWNING
0.238,0.6857,0.0,YAWNING
0.2258,0.6948,0.0,YAWNING
0.2302,0.6683,0.0,YAWNING
0.2248,0.6676,0.0,YAWNING
0.2301,0.6818,0.0,YAWNING
0.2629,0.0116,0.0,HEAD_DROP
0.2638,0.0118,0.0,HEAD_DROP
0.2704,0.0166,0.0,HEAD_DROP
0.2636,0.0238,0.0,HEAD_DROP
0.2695,0.0241,0.0,HEAD_DROP
0.2622,0.0361,0.0,HEAD_DROP
0.2625,0.0357,0.0,HEAD_DROP
0.2554,0.0372,0.0,HEAD_DROP
0.2583,0.0266,0.0,HEAD_DROP
0.2592,0.0273,0.0,HEAD_DROP
0.2552,0.0122,0.0,HEAD_DROP
0.2547,0.0168,0.0,HEAD_DROP
0.2618,0.012,0.0,HEAD_DROP
0.2539,0.039,0.0,HEAD_DROP
0.2604,0.0,0.0,HEAD_DROP
0.2456,0.0,0.0,HEAD_DROP
0.2536,0.0,0.0,HEAD_DROP
0.2627,0.0123,0.0,HEAD_DROP
0.2381,0.0,0.0,HEAD_DROP
0.2582,0.012,0.0,HEAD_DROP
0.2721,0.0,0.0,HEAD_DROP
0.2826,0.0,0.0,HEAD_DROP
0.2999,0.0123,0.0,HEAD_DROP
0.3186,0.0,0.0,HEAD_DROP
0.3215,0.0119,0.0,HEAD_DROP
0.3343,0.0125,0.0,HEAD_DROP
0.3345,0.0125,0.0,HEAD_DROP
0.337,0.0,0.0,HEAD_DROP
0.3529,0.0126,0.0,HEAD_DROP
0.3343,0.0131,0.0,HEAD_DROP
0.3373,0.0191,0.0,HEAD_DROP
0.345,0.0137,0.0,HEAD_DROP
0.3313,0.0,0.0,HEAD_DROP
0.3173,0.0381,0.0,HEAD_DROP
0.3146,0.0139,0.0,HEAD_DROP
0.2902,0.0,0.0,HEAD_DROP
0.2912,0.0,0.0,HEAD_DROP
0.2684,0.0,0.0,HEAD_DROP
0.2834,0.0,0.0,HEAD_DROP
0.2965,0.0,0.0,HEAD_DROP
0.2945,0.013,0.0,HEAD_DROP
0.2794,0.0,0.0,HEAD_DROP
0.2761,0.0179,0.0,HEAD_DROP
0.28,0.0,0.0,HEAD_DROP
0.2997,0.0123,0.0,HEAD_DROP
0.299,0.0,0.0,HEAD_DROP
0.2973,0.0,0.0,HEAD_DROP
0.277,0.0133,0.0,HEAD_DROP
0.2945,0.0181,0.0,HEAD_DROP
0.3011,0.0,0.0,HEAD_DROP
0.295,0.0183,0.0,HEAD_DROP
0.3018,0.0,0.0,HEAD_DROP
0.3063,0.0131,0.0,HEAD_DROP
0.311,0.0,0.0,HEAD_DROP
0.3112,0.0,0.0,HEAD_DROP
0.3214,0.0,0.0,HEAD_DROP
0.3165,0.0,0.0,HEAD_DROP
0.3005,0.0,0.0,HEAD_DROP
0.3198,0.013,0.0,HEAD_DROP
0.3073,0.0,0.0,HEAD_DROP
0.3124,0.0,0.0,HEAD_DROP
0.3159,0.0,0.0,HEAD_DROP
0.3013,0.0128,0.0,HEAD_DROP
0.31,0.0127,0.0,HEAD_DROP
0.2994,0.0,0.0,HEAD_DROP
0.3203,0.0128,0.0,HEAD_DROP
0.3158,0.0126,0.0,HEAD_DROP
0.3234,0.0,0.0,HEAD_DROP
0.3129,0.0128,0.0,HEAD_DROP
0.311,0.0181,0.0,HEAD_DROP
0.3333,0.0,0.0,HEAD_DROP
0.3195,0.0127,0.0,HEAD_DROP
0.3179,0.0184,0.0,HEAD_DROP
0.3145,0.0133,0.0,HEAD_DROP
0.3173,0.0,0.0,HEAD_DROP
0.3081,0.0,0.0,HEAD_DROP
0.3066,0.0,0.0,HEAD_DROP
0.3039,0.0126,0.0,HEAD_DROP
0.3121,0.0,0.0,HEAD_DROP
0.3001,0.0,0.0,HEAD_DROP
0.2821,0.0,0.0,HEAD_DROP
0.277,0.0128,0.0,HEAD_DROP
0.2897,0.038,0.0,HEAD_DROP
0.2853,0.1306,0.0,HEAD_DROP
0.2764,0.1084,0.0,HEAD_DROP
0.2534,0.0755,0.0,HEAD_DROP
0.2634,0.0982,0.0,HEAD_DROP
0.2688,0.1126,0.0,HEAD_DROP
0.2573,0.0464,0.0,HEAD_DROP
0.2474,0.0621,0.0,HEAD_DROP
0.2343,0.0323,0.0,HEAD_DROP
0.2315,0.0314,0.0,HEAD_DROP
0.2528,0.0151,0.0,HEAD_DROP
0.2412,0.0202,0.0,HEAD_DROP
0.2503,0.0464,0.0,HEAD_DROP
0.2357,0.044,0.0,HEAD_DROP
0.2351,0.0143,0.0,HEAD_DROP
0.2706,0.0139,0.0,HEAD_DROP
0.2665,0.0145,0.0,HEAD_DROP
0.2431,0.0142,0.0,HEAD_DROP
0.2494,0.0426,0.0,HEAD_DROP
0.2606,0.0852,0.0,HEAD_DROP
0.2698,0.098,0.0,HEAD_DROP
0.2734,0.0831,0.0,HEAD_DROP
0.2586,0.0966,0.0,HEAD_DROP
0.2533,0.0747,0.0,HEAD_DROP
0.2632,0.0382,0.0,HEAD_DROP
0.2758,0.0945,0.0,HEAD_DROP
0.2734,0.0298,0.0,HEAD_DROP
0.2779,0.0398,0.0,HEAD_DROP
0.2692,0.0693,0.0,HEAD_DROP
0.2628,0.1112,0.0,HEAD_DROP
0.2712,0.0982,0.0,HEAD_DROP
0.2806,0.1359,0.0,HEAD_DROP
0.2887,0.1176,0.0,HEAD_DROP
0.2851,0.1228,0.0,HEAD_DROP
0.2937,0.081,0.0,HEAD_DROP
0.2842,0.0688,0.0,HEAD_DROP
0.278,0.0854,0.0,HEAD_DROP
0.2823,0.0889,0.0,HEAD_DROP
0.2925,0.1359,0.0,HEAD_DROP
0.2907,0.1376,0.0,HEAD_DROP
0.2942,0.0866,0.0,HEAD_DROP
0.2909,0.1071,0.0,HEAD_DROP
0.2738,0.151,0.0,HEAD_DROP
0.2822,0.1358,0.0,HEAD_DROP
0.2874,0.1882,0.0,HEAD_DROP
0.2946,0.204,0.0,HEAD_DROP
0.2901,0.1264,0.0,HEAD_DROP
0.2844,0.1247,0.0,HEAD_DROP
0.2927,0.1228,0.0,HEAD_DROP
0.2898,0.1357,0.0,HEAD_DROP
0.298,0.1489,0.0,HEAD_DROP
0.2835,0.1098,0.0,HEAD_DROP
0.2927,0.1128,0.0,HEAD_DROP
0.2902,0.0996,0.0,HEAD_DROP
0.285,0.1113,0.0,HEAD_DROP
0.2881,0.1113,0.0,HEAD_DROP
0.2921,0.0969,0.0,HEAD_DROP
0.2947,0.1262,0.0,HEAD_DROP
0.2932,0.0983,0.0,HEAD_DROP
0.3005,0.162,0.0,HEAD_DROP
0.2831,0.1211,0.0,HEAD_DROP
0.2873,0.1028,0.0,HEAD_DROP
0.2912,0.148,0.0,HEAD_DROP
0.298,0.0854,0.0,HEAD_DROP
0.2948,0.1015,0.0,HEAD_DROP
0.2858,0.1626,0.0,HEAD_DROP
0.3005,0.0983,0.0,HEAD_DROP
0.2913,0.1731,0.0,HEAD_DROP
0.3138,0.0957,0.0,HEAD_DROP
0.3063,0.1625,0.0,HEAD_DROP
0.3001,0.0933,0.0,HEAD_DROP
0.2956,0.1754,0.0,HEAD_DROP
0.2941,0.1304,0.0,HEAD_DROP
0.304,0.0727,0.0,HEAD_DROP
0.299,0.1244,0.0,HEAD_DROP
0.3082,0.0944,0.0,HEAD_DROP
0.29,0.0983,0.0,HEAD_DROP
0.3022,0.081,0.0,HEAD_DROP
0.291,0.0699,0.0,HEAD_DROP
0.3029,0.0881,0.0,HEAD_DROP
0.3038,0.0747,0.0,HEAD_DROP
0.2987,0.0859,0.0,HEAD_DROP
0.2972,0.0468,0.0,HEAD_DROP
0.3037,0.0462,0.0,HEAD_DROP
0.3025,0.0573,0.0,HEAD_DROP
0.2966,0.0588,0.0,HEAD_DROP
0.2941,0.1478,0.0,HEAD_DROP
0.2956,0.1027,0.0,HEAD_DROP
0.2943,0.1442,0.0,HEAD_DROP
0.2847,0.1094,0.0,HEAD_DROP
0.2889,0.0372,0.0,HEAD_DROP
0.2834,0.0831,0.0,HEAD_DROP
0.1938,0.1013,0.0,HEAD_DROP
0.1921,0.0726,0.0,HEAD_DROP
0.1654,0.0957,0.0,HEAD_DROP
0.1704,0.1279,0.0,HEAD_DROP
0.1666,0.1371,0.0,HEAD_DROP
0.1589,0.0956,0.0,HEAD_DROP
0.1698,0.1422,0.0,HEAD_DROP
0.1651,0.1373,0.0,HEAD_DROP
0.1678,0.0708,0.0,HEAD_DROP
0.1635,0.1,0.0,HEAD_DROP
0.1586,0.0787,0.0,HEAD_DROP
0.1552,0.1,0.0,HEAD_DROP
0.1527,0.0988,0.0,HEAD_DROP
0.1486,0.0982,0.0,HEAD_DROP
0.1413,0.1214,0.0,HEAD_DROP
0.153,0.0951,0.0,HEAD_DROP
0.1582,0.0931,0.0,HEAD_DROP
0.1668,0.0799,0.0,HEAD_DROP
0.164,0.0768,0.0,HEAD_DROP
0.1477,0.0767,0.0,HEAD_DROP
0.1604,0.0799,0.0,HEAD_DROP
0.1648,0.1404,0.0,HEAD_DROP
0.1487,0.1092,0.0,HEAD_DROP
0.1758,0.1166,0.0,HEAD_DROP
0.1827,0.0904,0.0,HEAD_DROP
0.2056,0.0841,0.0,HEAD_DROP
0.2106,0.0403,0.0,HEAD_DROP
0.2086,0.0397,0.0,HEAD_DROP
0.2169,0.0628,0.0,HEAD_DROP
0.2191,0.0528,0.0,HEAD_DROP
0.2257,0.0646,0.0,HEAD_DROP
0.2177,0.0984,0.0,HEAD_DROP
0.2332,0.0843,0.0,HEAD_DROP
0.2466,0.0656,0.0,HEAD_DROP
0.2414,0.0767,0.0,HEAD_DROP
0.245,0.0521,0.0,HEAD_DROP
0.2323,0.0637,0.0,HEAD_DROP
0.2357,0.0323,0.0,HEAD_DROP
0.2211,0.0613,0.0,HEAD_DROP
0.2465,0.0328,0.0,HEAD_DROP
0.2613,0.0529,0.0,HEAD_DROP
0.2462,0.0445,0.0,HEAD_DROP
0.2344,0.0319,0.0,HEAD_DROP
0.235,0.0791,0.0,HEAD_DROP
0.2277,0.0628,0.0,HEAD_DROP
0.2221,0.0768,0.0,HEAD_DROP
0.2163,0.0521,0.0,HEAD_DROP
0.2116,0.0408,0.0,HEAD_DROP
0.2003,0.0204,0.0,HEAD_DROP
0.1602,0.0338,0.0,HEAD_DROP
0.1834,0.031,0.0,HEAD_DROP
0.1976,0.0458,0.0,HEAD_DROP
0.1685,0.1412,0.0,HEAD_DROP
0.1686,0.0647,0.0,HEAD_DROP
0.1667,0.0329,0.0,HEAD_DROP
0.1661,0.0281,0.0,HEAD_DROP
0.1623,0.031,0.0,HEAD_DROP
0.1763,0.0324,0.0,HEAD_DROP
0.1734,0.0319,0.0,HEAD_DROP
0.1625,0.0208,0.0,HEAD_DROP
0.1589,0.0211,0.0,HEAD_DROP
0.1807,0.0648,0.0,HEAD_DROP
0.185,0.0285,0.0,HEAD_DROP
0.1894,0.0791,0.0,HEAD_DROP
0.1767,0.1292,0.0,HEAD_DROP
0.1758,0.1534,0.0,HEAD_DROP
0.1869,0.0707,0.0,HEAD_DROP
0.1746,0.1219,0.0,HEAD_DROP
0.1759,0.0,0.0,HEAD_DROP
0.1788,0.0149,0.0,HEAD_DROP
0.182,0.0433,0.0,HEAD_DROP
0.1731,0.1369,0.0,HEAD_DROP
0.1776,0.1275,0.0,HEAD_DROP
0.177,0.2515,0.0,HEAD_DROP
0.1572,0.091,0.0,HEAD_DROP
0.1649,0.0125,0.0,HEAD_DROP
0.1577,0.0366,0.0,HEAD_DROP
0.1749,0.013,0.0,HEAD_DROP
0.1647,0.0529,0.0,HEAD_DROP
0.1584,0.0128,0.0,HEAD_DROP
0.1874,0.0127,0.0,HEAD_DROP
0.164,0.0135,0.0,HEAD_DROP
0.1529,0.013,0.0,HEAD_DROP
0.1618,0.0,0.0,HEAD_DROP
0.1572,0.0186,0.0,HEAD_DROP
0.1555,0.0132,0.0,HEAD_DROP
0.1753,0.0273,0.0,HEAD_DROP
0.198,0.0,0.0,HEAD_DROP
0.1543,0.041,0.0,HEAD_DROP
0.2042,0.0821,0.0,HEAD_DROP
0.1748,0.04,0.0,HEAD_DROP
0.1792,0.1148,0.0,HEAD_DROP
0.1827,0.014,0.0,HEAD_DROP
0.1959,0.0153,0.0,HEAD_DROP
0.1605,0.0158,0.0,HEAD_DROP
0.2093,0.0226,0.0,HEAD_DROP
0.2423,0.0144,0.0,HEAD_DROP
0.2106,0.0144,0.0,HEAD_DROP
0.2014,0.014,0.0,HEAD_DROP
0.2169,0.02,0.0,HEAD_DROP
0.1933,0.021,0.0,HEAD_DROP
0.1946,0.0136,0.0,HEAD_DROP
0.198,0.0145,0.0,HEAD_DROP
0.3027,0.0609,0.0,HEAD_DROP
0.236,0.0471,0.0,HEAD_DROP
0.2354,0.0333,0.0,HEAD_DROP
0.2709,0.0151,0.0,HEAD_DROP
0.2608,0.015,0.0,HEAD_DROP
0.2803,0.0148,0.0,HEAD_DROP
0.2691,0.0,0.0,HEAD_DROP
0.2743,0.0662,0.0,HEAD_DROP
0.2637,0.0325,0.0,HEAD_DROP
0.2544,0.075,0.0,HEAD_DROP
0.268,0.0473,0.0,HEAD_DROP
0.2482,0.0764,0.0,HEAD_DROP
0.2802,0.1325,0.0,HEAD_DROP
0.2494,0.0332,0.0,HEAD_DROP
0.2615,0.0323,0.0,HEAD_DROP
0.2373,0.0,0.0,HEAD_DROP
0.2472,0.0205,0.0,HEAD_DROP
0.2457,0.0328,0.0,HEAD_DROP
0.2546,0.1211,0.0,HEAD_DROP
0.2499,0.0151,0.0,HEAD_DROP
0.2525,0.0217,0.0,HEAD_DROP
0.2502,0.0471,0.0,HEAD_DROP
0.2608,0.0312,0.0,HEAD_DROP
0.2615,0.0149,0.0,HEAD_DROP
0.2679,0.0202,0.0,HEAD_DROP
0.2714,0.0208,0.0,HEAD_DROP
0.275,0.0149,0.0,HEAD_DROP
0.2686,0.0143,0.0,HEAD_DROP
0.2706,0.0289,0.0,HEAD_DROP
0.2559,0.0676,0.0,HEAD_DROP
0.2534,0.044,0.0,HEAD_DROP
0.2565,0.0537,0.0,HEAD_DROP
0.2527,0.0303,0.0,HEAD_DROP
0.2601,0.0451,0.0,HEAD_DROP
0.2681,0.0514,0.0,HEAD_DROP
0.2566,0.0323,0.0,HEAD_DROP
0.2482,0.0628,0.0,HEAD_DROP
0.2535,0.0202,0.0,HEAD_DROP
0.2488,0.0144,0.0,HEAD_DROP
0.2539,0.0596,0.0,HEAD_DROP
0.2608,0.0343,0.0,HEAD_DROP
0.2452,0.0605,0.0,HEAD_DROP
0.248,0.0207,0.0,HEAD_DROP
0.2504,0.0332,0.0,HEAD_DROP
0.2337,0.0137,0.0,HEAD_DROP
0.2528,0.0421,0.0,HEAD_DROP
0.2377,0.0201,0.0,HEAD_DROP
0.26,0.028,0.0,HEAD_DROP
0.2419,0.0426,0.0,HEAD_DROP
0.2327,0.0293,0.0,HEAD_DROP
0.2331,0.0144,0.0,HEAD_DROP
0.2355,0.0284,0.0,HEAD_DROP
0.2448,0.0146,0.0,HEAD_DROP
0.245,0.0288,0.0,HEAD_DROP
0.2429,0.0284,0.0,HEAD_DROP
0.2444,0.0146,0.0,HEAD_DROP
0.2585,0.0142,0.0,HEAD_DROP
0.2353,0.0,0.0,HEAD_DROP
0.2321,0.0322,0.0,HEAD_DROP
0.2166,0.0292,0.0,HEAD_DROP
0.1992,0.0207,0.0,HEAD_DROP
0.2114,0.0142,0.0,HEAD_DROP
0.2125,0.0,0.0,HEAD_DROP
0.2326,0.0455,0.0,HEAD_DROP
0.2129,0.0153,0.0,HEAD_DROP
0.2142,0.0332,0.0,HEAD_DROP
0.2192,0.0469,0.0,HEAD_DROP
0.2237,0.0153,0.0,HEAD_DROP
0.253,0.0149,0.0,HEAD_DROP
0.2492,0.0151,0.0,HEAD_DROP
0.2416,0.0204,0.0,HEAD_DROP
0.2549,0.0144,0.0,HEAD_DROP
0.2633,0.0528,0.0,HEAD_DROP
0.271,0.0478,0.0,HEAD_DROP
0.2651,0.0605,0.0,HEAD_DROP
0.2725,0.0338,0.0,HEAD_DROP
0.2806,0.0221,0.0,HEAD_DROP
0.2774,0.0333,0.0,HEAD_DROP
0.2886,0.0478,0.0,HEAD_DROP
0.2831,0.0708,0.0,HEAD_DROP
0.2838,0.0333,0.0,HEAD_DROP
0.2709,0.036,0.0,HEAD_DROP
0.2776,0.0518,0.0,HEAD_DROP
0.2826,0.0349,0.0,HEAD_DROP
0.2666,0.0441,0.0,HEAD_DROP
0.2594,0.0353,0.0,HEAD_DROP
0.264,0.0153,0.0,HEAD_DROP
0.2722,0.0149,0.0,HEAD_DROP
0.2759,0.0337,0.0,HEAD_DROP
0.2804,0.0213,0.0,HEAD_DROP
0.2798,0.0297,0.0,HEAD_DROP
0.27,0.0297,0.0,HEAD_DROP
0.2677,0.0342,0.0,HEAD_DROP
0.2391,0.0301,0.0,HEAD_DROP
0.1709,0.0327,0.0,HEAD_DROP
0.1701,0.0851,0.0,HEAD_DROP
0.1948,0.0724,0.0,HEAD_DROP
0.2236,0.0462,0.0,HEAD_DROP
0.268,0.1149,0.0,HEAD_DROP
0.2698,0.0348,0.0,HEAD_DROP
0.267,0.0981,0.0,HEAD_DROP
0.2674,0.0899,0.0,HEAD_DROP
0.2674,0.0151,0.0,HEAD_DROP
0.2516,0.0632,0.0,HEAD_DROP
0.248,0.064,0.0,HEAD_DROP
0.2529,0.0611,0.0,HEAD_DROP
0.2627,0.0337,0.0,HEAD_DROP
0.2566,0.022,0.0,HEAD_DROP
0.2603,0.0301,0.0,HEAD_DROP
0.2737,0.0654,0.0,HEAD_DROP
0.2695,0.0464,0.0,HEAD_DROP
0.2978,0.0471,0.0,HEAD_DROP
0.2845,0.0613,0.0,HEAD_DROP
0.2836,0.0297,0.0,HEAD_DROP
0.3154,0.0147,0.0,HEAD_DROP
0.2907,0.0776,0.0,HEAD_DROP
0.2839,0.0193,0.0,HEAD_DROP
0.2987,0.0192,0.0,HEAD_DROP
0.2914,0.0,0.0,HEAD_DROP
0.2956,0.0135,0.0,HEAD_DROP
0.2822,0.0144,0.0,HEAD_DROP
0.2719,0.0,0.0,HEAD_DROP
0.2763,0.0142,0.0,HEAD_DROP
0.2809,0.0198,0.0,HEAD_DROP
0.281,0.0141,0.0,HEAD_DROP
0.2728,0.0321,0.0,HEAD_DROP
0.2696,0.014,0.0,HEAD_DROP
0.2682,0.0776,0.0,HEAD_DROP
0.2471,0.0,0.0,HEAD_DROP
0.2441,0.0332,0.0,HEAD_DROP
0.2758,0.0317,0.0,HEAD_DROP
0.2759,0.0335,0.0,HEAD_DROP
0.2705,0.0287,0.0,HEAD_DROP
0.2586,0.0189,0.0,HEAD_DROP
0.2399,0.0145,0.0,HEAD_DROP
0.2508,0.0147,0.0,HEAD_DROP
0.2617,0.016,0.0,HEAD_DROP
0.2439,0.0155,0.0,HEAD_DROP
0.2409,0.0216,0.0,HEAD_DROP
0.2473,0.015,0.0,HEAD_DROP
0.2398,0.0301,0.0,HEAD_DROP
0.2605,0.0157,0.0,HEAD_DROP
0.2535,0.0513,0.0,HEAD_DROP
0.2585,0.0325,0.0,HEAD_DROP
0.2409,0.0246,0.0,HEAD_DROP
0.2484,0.0223,0.0,HEAD_DROP
0.2414,0.0479,0.0,HEAD_DROP
0.2216,0.0315,0.0,HEAD_DROP
0.2339,0.016,0.0,HEAD_DROP
0.2371,0.0319,0.0,HEAD_DROP
0.2316,0.0319,0.0,HEAD_DROP
0.2199,0.0152,0.0,HEAD_DROP
0.2365,0.0152,0.0,HEAD_DROP
0.2484,0.0152,0.0,HEAD_DROP
0.2358,0.0216,0.0,HEAD_DROP
0.2577,0.033,0.0,HEAD_DROP
0.2591,0.0155,0.0,HEAD_DROP
0.2679,0.0,0.0,HEAD_DROP
0.2629,0.0155,0.0,HEAD_DROP
0.2669,0.0216,0.0,HEAD_DROP
0.2748,0.0353,0.0,HEAD_DROP
0.2702,0.0596,0.0,HEAD_DROP
0.2917,0.1054,0.0,HEAD_DROP
0.2912,0.0258,0.0,HEAD_DROP
0.3033,0.0131,0.0,HEAD_DROP
0.2791,0.0188,0.0,HEAD_DROP
0.3254,0.0123,0.0,HEAD_DROP
0.3202,0.0,0.0,HEAD_DROP
0.3058,0.0125,0.0,HEAD_DROP
0.3288,0.0123,0.0,HEAD_DROP
0.3375,0.0,0.0,HEAD_DROP
0.3402,0.0126,0.0,HEAD_DROP
0.3202,0.0128,0.0,HEAD_DROP
0.3345,0.0123,0.0,HEAD_DROP
0.3317,0.0,0.0,HEAD_DROP
0.3448,0.0,0.0,HEAD_DROP
0.3423,0.0,0.0,HEAD_DROP
0.3261,0.012,0.0,HEAD_DROP
0.3317,0.0175,0.0,HEAD_DROP
0.3257,0.0179,0.0,HEAD_DROP
0.3348,0.0127,0.0,HEAD_DROP
0.3343,0.0,0.0,HEAD_DROP
0.3394,0.013,0.0,HEAD_DROP
0.333,0.0,0.0,HEAD_DROP
0.3426,0.0,0.0,HEAD_DROP
0.33,0.0,0.0,HEAD_DROP
0.3415,0.0128,0.0,HEAD_DROP
0.3413,0.0177,0.0,HEAD_DROP
0.3308,0.0128,0.0,HEAD_DROP
0.3403,0.0127,0.0,HEAD_DROP
0.076,0.0645,4.3386,AWAKE
0.077,0.0781,2.5108,AWAKE
0.0762,0.0469,1.5084,AWAKE
0.0731,0.0,0.9424,AWAKE
0.0724,0.0,2.256,AWAKE
0.0723,0.0221,2.4927,AWAKE
0.0741,0.0156,1.2307,AWAKE
0.087,0.0156,0.5606,AWAKE
0.0788,0.0312,0.8763,AWAKE
0.095,0.0156,0.3405,AWAKE
0.0769,0.0156,0.4753,AWAKE
0.0742,0.0154,1.2163,AWAKE
0.0867,0.0,1.4013,AWAKE
0.0769,0.0221,0.0885,AWAKE
0.0888,0.0,0.4122,AWAKE
0.0908,0.0,0.7584,AWAKE
0.0951,0.0156,0.4882,AWAKE
0.0939,0.0156,1.0215,AWAKE
0.0857,0.0156,0.7801,AWAKE
0.0855,0.0156,0.511,AWAKE
0.0817,0.0159,0.5315,AWAKE
0.0888,0.0156,0.1714,AWAKE
0.0916,0.0156,0.2358,AWAKE
0.0901,0.0156,0.1448,AWAKE
0.0929,0.0159,0.3228,AWAKE
0.0889,0.0159,0.9304,AWAKE
0.0957,0.0312,0.4149,AWAKE
0.091,0.0159,0.652,AWAKE
0.0968,0.0218,0.1185,AWAKE
0.0905,0.0,0.269,AWAKE
0.102,0.0156,0.0553,AWAKE
0.0846,0.0156,0.0465,AWAKE
0.0939,0.0224,0.2084,AWAKE
0.0809,0.0159,0.0938,AWAKE
0.0819,0.0221,0.3741,AWAKE
0.0867,0.0224,0.1483,AWAKE
0.0827,0.0221,0.4705,AWAKE
0.0876,0.0156,0.1761,AWAKE
0.0898,0.0154,0.4888,AWAKE
0.0788,0.0156,0.386,AWAKE
0.077,0.0,0.9254,AWAKE
0.0928,0.0156,0.7702,AWAKE
0.0939,0.0154,0.4841,AWAKE
0.088,0.0,0.305,AWAKE
0.0892,0.0156,0.1446,AWAKE
0.0986,0.0,1.7295,AWAKE
0.2216,0.0,0.2727,AWAKE
0.2828,0.0154,1.9029,AWAKE
0.3055,0.0308,0.9265,AWAKE
0.3103,0.0312,0.9821,AWAKE
0.3245,0.0312,1.6264,AWAKE
0.3308,0.0312,1.0753,AWAKE
0.3261,0.0156,0.9117,AWAKE
0.3322,0.0218,0.7685,AWAKE
0.3295,0.0,0.7818,AWAKE
0.3301,0.0151,1.257,AWAKE
0.3492,0.0339,1.5823,AWAKE
0.3502,0.0303,1.9985,AWAKE
0.3418,0.0,2.571,AWAKE
0.3195,0.0151,2.3798,AWAKE
0.3198,0.0757,2.8793,AWAKE
0.3187,0.1076,4.5502,AWAKE
0.3192,0.1258,7.9398,AWAKE
0.3224,0.1433,8.1159,AWAKE
0.3217,0.1074,8.8749,AWAKE
0.3133,0.1227,9.5436,AWAKE
0.315,0.0779,9.3008,AWAKE
0.3106,0.0934,9.1936,AWAKE
0.3203,0.1158,8.4534,AWAKE
0.3136,0.0965,6.0319,AWAKE
0.3106,0.0819,6.5755,AWAKE
0.3198,0.0483,6.2154,AWAKE
0.3077,0.0161,5.7938,AWAKE
0.3024,0.0372,9.0085,AWAKE
0.3024,0.0161,8.6375,AWAKE
0.3087,0.0228,9.5499,AWAKE
0.2903,0.0161,9.3254,AWAKE
0.2973,0.0,9.7993,AWAKE
0.2872,0.0,10.2782,AWAKE
0.2909,0.0161,6.8382,AWAKE
0.2938,0.0491,8.9963,AWAKE
0.2937,0.0806,7.7395,AWAKE
0.2996,0.0819,9.0551,AWAKE
0.3005,0.0667,8.8085,AWAKE
0.2897,0.0678,9.3235,AWAKE
0.2747,0.0794,10.2411,AWAKE
0.2574,0.0937,11.7604,AWAKE
0.241,0.1093,12.7359,AWAKE
0.1964,0.2585,15.5071,AWAKE
0.2136,0.1538,17.1809,AWAKE
0.2342,0.1666,18.7679,AWAKE
0.2347,0.1231,16.2526,AWAKE
0.2552,0.0986,23.3948,AWAKE
0.2417,0.1949,20.322,AWAKE
0.263,0.1081,21.6789,AWAKE
0.259,0.1333,21.5287,AWAKE
0.2681,0.1216,21.4086,AWAKE
0.2649,0.1466,21.1888,AWAKE
0.2595,0.1711,19.2227,AWAKE
0.2627,0.1823,24.0969,AWAKE
0.2564,0.1667,1.2508,AWAKE
0.2508,0.2004,0.9753,AWAKE
0.2321,0.2301,7.4325,AWAKE
0.2299,0.1757,2.6362,AWAKE
0.2542,0.2059,4.1561,AWAKE
0.2304,0.2222,9.8562,AWAKE
0.2212,0.1781,7.1149,AWAKE
0.2122,0.1293,4.9366,AWAKE
0.2097,0.1312,2.2965,AWAKE
0.2066,0.1665,0.7233,AWAKE
0.2312,0.0922,0.4437,AWAKE
0.2307,0.0921,0.2584,AWAKE
0.2326,0.0935,2.158,AWAKE
0.2201,0.1428,0.4893,AWAKE
0.2373,0.129,1.0682,AWAKE
0.2205,0.0938,1.8233,AWAKE
0.1898,0.123,1.9897,AWAKE
0.2311,0.1087,4.3702,AWAKE
0.2027,0.1414,2.6485,AWAKE
0.1707,0.2261,0.7313,AWAKE
0.2221,0.0793,0.0531,AWAKE
0.2302,0.0769,0.5404,AWAKE
0.2183,0.0,0.0285,AWAKE
0.2205,0.0,2.207,AWAKE
0.2423,0.0,0.8204,AWAKE
0.2356,0.0154,0.6935,AWAKE
0.2201,0.0833,0.3003,AWAKE
0.2249,0.1366,0.3059,AWAKE
0.2456,0.0833,1.2056,AWAKE
0.2468,0.0645,2.4115,AWAKE
0.2387,0.0164,3.2681,AWAKE
0.2274,0.0,3.6406,AWAKE
0.2072,0.0159,3.9115,AWAKE
0.2248,0.0154,2.6481,AWAKE
0.2349,0.0,3.3158,AWAKE
0.218,0.0,2.8652,AWAKE
0.2223,0.0,2.6331,AWAKE
0.2387,0.0156,4.7785,AWAKE
0.2479,0.0462,3.8211,AWAKE
0.2434,0.106,3.6221,AWAKE
0.2602,0.1562,3.1906,AWAKE
0.2568,0.1384,3.8212,AWAKE
0.2665,0.1824,3.8324,AWAKE
0.2069,0.2655,2.9752,AWAKE
0.2053,0.2307,0.73,AWAKE
0.2422,0.2307,1.2821,AWAKE
0.223,0.1428,3.0527,AWAKE
0.2193,0.2154,3.3781,AWAKE
0.229,0.1094,2.4656,AWAKE
0.2293,0.1475,4.1857,AWAKE
0.2349,0.129,4.2614,AWAKE
0.1717,0.1752,3.525,AWAKE
0.1951,0.1259,2.9247,AWAKE
0.2041,0.1452,4.0152,AWAKE
0.2201,0.1774,5.0271,AWAKE
0.1859,0.1941,4.3342,AWAKE
0.2033,0.1753,3.8722,AWAKE
0.2012,0.1746,4.8889,AWAKE
0.2057,0.1967,5.402,AWAKE
0.2058,0.1311,4.3842,AWAKE
0.2388,0.1674,4.0727,AWAKE
0.2369,0.1525,5.3456,AWAKE
0.2033,0.1311,5.1259,AWAKE
0.222,0.1674,2.2034,AWAKE
0.2302,0.2075,0.425,AWAKE
0.2347,0.2209,0.0168,AWAKE
0.108,0.1588,0.652,AWAKE
0.0884,0.2328,5.1755,AWAKE
0.079,0.193,6.1354,AWAKE
0.0806,0.1241,6.5251,AWAKE
0.082,0.1754,5.9616,AWAKE
0.0916,0.2143,6.3667,AWAKE
0.0971,0.1896,7.6585,AWAKE
0.0882,0.1754,7.9421,AWAKE
0.1027,0.1929,8.6837,AWAKE
0.108,0.1388,9.4364,AWAKE
0.1059,0.1412,8.8221,AWAKE
0.1112,0.1759,9.9925,AWAKE
0.1161,0.1726,9.9317,AWAKE
0.1058,0.1204,9.1588,AWAKE
0.0949,0.1216,9.2761,AWAKE
0.1087,0.1559,8.8286,AWAKE
0.1139,0.1216,9.3905,AWAKE
0.1273,0.1559,8.941,AWAKE
0.1107,0.1933,7.5054,AWAKE
0.1379,0.1923,7.2891,AWAKE
0.1124,0.1933,7.5095,AWAKE
0.129,0.19,6.5094,AWAKE
0.1179,0.0876,5.4185,AWAKE
0.1222,0.0863,5.551,AWAKE
0.1208,0.1218,6.1541,AWAKE
0.111,0.1365,5.6049,AWAKE
0.1231,0.173,6.9936,AWAKE
0.1084,0.1533,5.7169,AWAKE
0.115,0.103,6.0401,AWAKE
0.1113,0.1388,6.6542,AWAKE
0.1092,0.0686,6.9862,AWAKE
0.1128,0.0517,7.5901,AWAKE
0.1099,0.0339,7.3007,AWAKE
0.1013,0.05,8.201,AWAKE
0.096,0.0518,7.7998,AWAKE
0.1179,0.0167,9.2653,AWAKE
0.1084,0.0655,7.811,AWAKE
0.1031,0.0328,9.055,AWAKE
0.1005,0.0,9.0081,AWAKE
0.1099,0.0161,9.244,AWAKE
0.118,0.0161,10.9673,AWAKE
0.1161,0.0164,12.1994,AWAKE
0.1195,0.0161,11.0093,AWAKE
0.1233,0.0169,10.8766,AWAKE
0.1255,0.0,12.702,AWAKE
0.1312,0.0,13.0415,AWAKE
0.126,0.0,13.6909,AWAKE
0.1194,0.0,14.779,AWAKE
0.1146,0.0,15.3177,AWAKE
0.1316,0.0,14.8704,AWAKE
0.1279,0.0,15.6964,AWAKE
0.1305,0.0,15.6035,AWAKE
0.1301,0.0,16.0418,AWAKE
0.1278,0.0,15.8229,AWAKE
0.1318,0.0,16.1672,AWAKE
0.1465,0.0,15.5351,AWAKE
0.1387,0.0,15.1517,AWAKE
0.1484,0.0159,15.3916,AWAKE
0.1463,0.0,16.1497,AWAKE
0.1298,0.0,15.8744,AWAKE
0.1259,0.0,15.8482,AWAKE
0.1372,0.0,15.9814,AWAKE
0.1413,0.0,16.6301,AWAKE
0.1502,0.0156,16.0734,AWAKE
0.1406,0.0,17.3529,AWAKE
0.1499,0.0,16.0261,AWAKE
0.1516,0.0,17.7253,AWAKE
0.1683,0.0,17.6243,AWAKE
0.1574,0.0156,17.3901,AWAKE
0.143,0.0,17.7029,AWAKE
0.1371,0.0,17.3062,AWAKE
0.1559,0.0,17.3478,AWAKE
0.1519,0.0,17.158,AWAKE
0.133,0.0,17.217,AWAKE
0.1619,0.0,18.978,AWAKE
0.1562,0.0,18.1889,AWAKE
0.1541,0.0,18.3358,AWAKE
0.1479,0.0,18.8838,AWAKE
0.1442,0.0,18.5229,AWAKE
0.1572,0.0,17.411,AWAKE
0.1625,0.0,17.1479,AWAKE
0.1581,0.0164,17.3485,AWAKE
0.141,0.0167,16.6125,AWAKE
0.138,0.0167,16.9605,AWAKE
0.1395,0.0167,16.9268,AWAKE
0.1342,0.0,17.8448,AWAKE
0.1381,0.0,17.5951,AWAKE
0.1366,0.0,17.3375,AWAKE
0.1489,0.0,18.1538,AWAKE
0.1405,0.0,17.5298,AWAKE
0.1518,0.0156,17.9632,AWAKE
0.1441,0.0214,18.9374,AWAKE
0.1466,0.0154,18.9199,AWAKE
0.1369,0.0218,19.4267,AWAKE
0.1318,0.0214,20.0438,AWAKE
0.1403,0.0149,19.9457,AWAKE
0.1481,0.0,19.2406,AWAKE
0.1509,0.0,19.7349,AWAKE
0.1388,0.0152,19.7468,AWAKE
0.1486,0.0149,19.9959,AWAKE
0.1505,0.0145,19.9671,AWAKE
0.1457,0.0,20.6057,AWAKE
0.146,0.0147,19.2323,AWAKE
0.1389,0.0,19.2436,AWAKE
0.1452,0.0,20.2146,AWAKE
0.1308,0.0,20.2283,AWAKE
0.133,0.0149,19.6686,AWAKE
0.1406,0.0,21.17,AWAKE
0.1545,0.0,22.2314,AWAKE
0.1598,0.0147,21.4759,AWAKE
0.1717,0.0,22.5141,AWAKE
0.1703,0.0,21.8132,AWAKE
0.1901,0.0149,23.2923,AWAKE
0.1936,0.0151,21.152,AWAKE
0.2011,0.0,22.3547,AWAKE
0.178,0.0156,21.984,AWAKE
0.1971,0.0,22.6545,AWAKE
0.1927,0.0,23.3648,AWAKE
0.1819,0.0,23.3348,AWAKE
0.19,0.0,22.9889,AWAKE
0.22,0.0202,23.1701,AWAKE
0.2214,0.0,24.9762,AWAKE
0.1932,0.0,24.0105,AWAKE
0.1958,0.0147,24.2244,AWAKE
0.2137,0.0145,23.9437,AWAKE
0.2175,0.0,25.1371,AWAKE
0.2286,0.0205,24.1093,AWAKE
0.2058,0.0,23.7825,AWAKE
0.2161,0.0147,23.0792,AWAKE
0.2081,0.0145,23.8645,AWAKE
0.2074,0.0145,23.2369,AWAKE
0.2224,0.0149,23.976,AWAKE
0.2068,0.0,24.1064,AWAKE
0.2017,0.0141,24.4009,AWAKE
0.2108,0.0,23.3641,AWAKE
0.2162,0.0,24.1912,AWAKE
0.2119,0.0,23.2019,AWAKE
0.2092,0.0145,23.865,AWAKE
0.2014,0.0,23.7232,AWAKE
0.209,0.0147,23.0665,AWAKE
0.2107,0.0,24.789,AWAKE
0.1846,0.0141,23.4283,AWAKE
0.217,0.0145,23.9811,AWAKE
0.2003,0.0199,25.9685,AWAKE
0.2006,0.0,24.0684,AWAKE
0.1833,0.0199,24.1897,AWAKE
0.1905,0.0139,25.72,AWAKE
0.1897,0.0,25.0041,AWAKE
0.1903,0.0139,25.2329,AWAKE
0.2017,0.0143,24.2725,AWAKE
0.1933,0.0145,23.7221,AWAKE
0.1943,0.0143,24.8981,AWAKE
0.2073,0.0143,24.7568,AWAKE
0.1854,0.0,24.5184,AWAKE
0.1957,0.0149,23.833,AWAKE
0.1801,0.0,25.2273,AWAKE
0.1856,0.0,25.5016,AWAKE
0.1923,0.0,25.4406,AWAKE
0.1785,0.0149,25.537,AWAKE
0.1983,0.0149,24.436,AWAKE
0.1804,0.0,24.3987,AWAKE
0.1681,0.0149,25.4293,AWAKE
0.1639,0.0,26.0483,AWAKE
0.1702,0.0,25.7003,AWAKE
0.1629,0.0,25.8799,AWAKE
0.174,0.0211,25.7845,AWAKE
0.1829,0.0149,26.555,AWAKE
0.1793,0.0147,25.253,AWAKE
0.1926,0.0,26.5718,AWAKE
0.1921,0.0,27.0431,AWAKE
0.1935,0.0,26.5319,AWAKE
0.2012,0.0,26.7207,AWAKE
0.2015,0.0151,26.3865,AWAKE
0.2024,0.0,26.7817,AWAKE
0.2115,0.0154,25.3583,AWAKE
0.2024,0.0,26.6221,AWAKE
0.1957,0.0,26.6099,AWAKE
0.2157,0.0,28.0608,AWAKE
0.1941,0.0146,26.8133,AWAKE
0.1967,0.0207,27.3446,AWAKE
0.1941,0.0146,26.9475,AWAKE
0.2031,0.0,27.246,AWAKE
0.2052,0.0,28.3576,AWAKE
0.1897,0.0142,27.6529,AWAKE
0.2103,0.0144,28.5623,AWAKE
0.1982,0.014,26.9357,AWAKE
0.1986,0.0,26.7667,AWAKE
0.2036,0.0147,25.3004,AWAKE
0.1952,0.0147,24.7755,AWAKE
0.2044,0.0149,25.4913,AWAKE
0.2046,0.0,24.5544,AWAKE
0.2226,0.0,24.6696,AWAKE
0.2172,0.0,24.7834,AWAKE
0.2228,0.0,25.5726,AWAKE
0.2099,0.0,24.455,AWAKE
0.214,0.0149,24.4196,AWAKE
0.2143,0.0,25.423,AWAKE
0.2171,0.0147,24.8828,AWAKE
0.1991,0.0149,25.0446,AWAKE
0.2105,0.0,24.5429,AWAKE
0.2076,0.0,23.8796,AWAKE
0.2022,0.0,23.5901,AWAKE
0.2055,0.0151,23.2732,AWAKE
0.2011,0.0,23.8337,AWAKE
0.2084,0.0,24.2233,AWAKE
0.2125,0.0,23.967,AWAKE
0.2198,0.0,24.0776,AWAKE
0.2,0.0,23.7845,AWAKE
0.1994,0.0,24.0864,AWAKE
0.2028,0.0,22.7651,AWAKE
0.1806,0.0,23.0714,AWAKE
0.1724,0.0,23.1154,AWAKE
0.1751,0.0,23.7895,AWAKE
0.1749,0.0,22.9185,AWAKE
0.1662,0.0,23.3982,AWAKE
0.1585,0.0149,22.9116,AWAKE
0.1666,0.0149,23.8909,AWAKE
0.1764,0.0,22.6307,AWAKE
0.1659,0.0,22.2641,AWAKE
0.178,0.0,22.3667,AWAKE
0.1595,0.0149,22.8704,AWAKE
0.1709,0.0211,21.8885,AWAKE
0.1561,0.0149,23.1001,AWAKE
0.1665,0.0,22.818,AWAKE
0.1557,0.0,23.0624,AWAKE
0.1559,0.0,22.8918,AWAKE
0.1588,0.0,22.0916,AWAKE
0.1517,0.0,22.8779,AWAKE
0.1534,0.0147,22.7457,AWAKE
0.1419,0.0,22.6826,AWAKE
0.1535,0.0154,22.4287,AWAKE
0.1635,0.0,22.5298,AWAKE
0.1647,0.0172,20.1898,AWAKE
0.1641,0.0,19.0123,AWAKE
0.152,0.0172,18.1563,AWAKE
0.1911,0.0,17.4946,AWAKE
0.1974,0.0317,15.5812,AWAKE
0.2636,0.0,13.1509,AWAKE
0.2667,0.0,13.2468,AWAKE
0.2664,0.0,11.4257,AWAKE
0.2674,0.0,10.8324,AWAKE
0.2487,0.0166,9.8526,AWAKE
0.2467,0.0,9.2405,AWAKE
0.2531,0.0166,9.0786,AWAKE
0.2154,0.0166,9.4764,AWAKE
0.2445,0.0166,10.1581,AWAKE
0.2249,0.0231,9.246,AWAKE
0.2319,0.0,9.5915,AWAKE
0.2297,0.0158,9.2866,AWAKE
0.2626,0.066,10.4014,AWAKE
0.2245,0.0157,10.3348,AWAKE
0.2279,0.0325,9.7581,AWAKE
0.2232,0.0162,9.2274,AWAKE
0.2088,0.0229,11.1073,AWAKE
0.2048,0.0229,10.6812,AWAKE
0.2004,0.0,11.6333,AWAKE
0.2008,0.0,9.1795,AWAKE
0.2102,0.0,10.8689,AWAKE
0.2095,0.0227,10.673,AWAKE
0.2245,0.0156,9.8524,AWAKE
0.2565,0.0,12.2942,AWAKE
0.213,0.0163,11.8246,AWAKE
0.2327,0.0,12.4046,AWAKE
0.1859,0.0164,15.8483,AWAKE
0.2165,0.0169,19.8039,AWAKE
0.2666,0.0167,20.6148,AWAKE
0.265,0.024,24.7623,AWAKE
0.3069,0.0164,23.4874,AWAKE
0.3026,0.0161,26.7141,AWAKE
0.3099,0.0235,24.0157,AWAKE
0.2934,0.0235,24.4445,AWAKE
0.2732,0.0238,25.4941,AWAKE
0.2703,0.0235,24.7157,AWAKE
0.2837,0.023,25.9616,AWAKE
0.2698,0.0166,25.6922,AWAKE
0.249,0.0166,26.2475,AWAKE
0.2846,0.016,24.0254,AWAKE
0.2904,0.0159,24.6104,AWAKE
0.2761,0.0151,22.5601,AWAKE
0.2841,0.044,20.7092,AWAKE
0.2875,0.0452,21.352,AWAKE
0.2886,0.0158,20.309,AWAKE
0.2802,0.0164,20.4942,AWAKE
0.2743,0.0228,21.8733,AWAKE
0.3147,0.0511,21.5267,AWAKE
0.3002,0.1343,20.4577,AWAKE
0.3053,0.1668,20.5815,AWAKE
0.3076,0.1913,23.6549,AWAKE
0.3293,0.2014,25.5011,AWAKE
0.3084,0.1929,24.9247,AWAKE
0.2901,0.1841,24.5765,AWAKE
0.3131,0.0623,24.157,AWAKE
0.2881,0.0,21.886,AWAKE
0.3097,0.0,23.542,AWAKE
0.2862,0.0,21.7466,AWAKE
0.2875,0.0,22.1641,AWAKE
0.2724,0.017,22.7906,AWAKE
0.292,0.0176,24.093,AWAKE
0.2849,0.0393,23.4733,AWAKE
0.2964,0.1425,22.3608,AWAKE
0.2705,0.1673,25.0289,AWAKE
0.2916,0.1943,23.6043,AWAKE
0.2735,0.2613,25.4979,AWAKE
0.2589,0.2192,24.5295,AWAKE
0.2741,0.2406,22.6742,AWAKE
0.2887,0.262,27.461,AWAKE
0.3121,0.2391,30.625,AWAKE
0.3019,0.1702,29.5401,AWAKE
0.2852,0.1846,30.5775,AWAKE
0.2565,0.2028,35.1699,AWAKE
0.1743,0.1933,35.1407,AWAKE
0.1636,0.0858,41.6991,AWAKE
0.1619,0.1902,41.4691,AWAKE
0.1703,0.2519,103.6238,AWAKE
0.2814,0.0877,0.0551,AWAKE
0.3003,0.0714,0.8048,AWAKE
0.2779,0.0714,0.403,AWAKE
0.2844,0.069,0.6397,AWAKE
0.2902,0.0893,0.0714,AWAKE
0.2785,0.0877,0.5417,AWAKE
0.2706,0.0893,0.3637,AWAKE
0.266,0.0536,0.0979,AWAKE
0.2832,0.0714,0.4497,AWAKE
0.2741,0.0536,0.1098,AWAKE
0.2845,0.0702,0.1862,AWAKE
0.2847,0.0526,0.2276,AWAKE
0.2889,0.0526,0.4634,AWAKE
0.2847,0.0526,0.6998,AWAKE
0.2832,0.0526,0.8662,AWAKE
0.2697,0.0714,0.728,AWAKE
0.2739,0.0893,0.2858,AWAKE
0.2814,0.0893,0.3569,AWAKE
0.2772,0.1071,0.1183,AWAKE
0.2701,0.1053,0.6486,AWAKE
0.2711,0.069,0.1497,AWAKE
0.263,0.0702,1.3302,AWAKE
0.2932,0.069,1.1842,AWAKE
0.2743,0.0877,0.2465,AWAKE
0.2657,0.0877,0.786,AWAKE
0.2797,0.0893,0.3111,AWAKE
0.27,0.0702,0.786,AWAKE
0.2628,0.0893,0.2912,AWAKE
0.2628,0.0862,0.2862,AWAKE
0.2641,0.0862,0.0171,AWAKE
0.2626,0.0847,0.3444,AWAKE
0.2628,0.0702,0.2703,AWAKE
0.2814,0.1034,0.0365,AWAKE
0.2752,0.1207,0.3216,AWAKE
0.2667,0.0847,0.3598,AWAKE
0.2849,0.1049,0.87,AWAKE
0.2706,0.1052,1.1131,AWAKE
0.2592,0.125,0.7171,AWAKE
0.2628,0.1052,0.315,AWAKE
0.2628,0.0702,0.5803,AWAKE
0.2628,0.0702,0.0261,AWAKE
0.2568,0.0517,0.222,AWAKE
0.2682,0.0517,0.395,AWAKE
0.256,0.0879,0.0293,AWAKE
0.2509,0.0877,0.1331,AWAKE
0.2628,0.0893,1.587,AWAKE
0.2595,0.0893,0.9672,AWAKE
0.2703,0.1262,0.8852,AWAKE
0.2697,0.1053,0.4942,AWAKE
0.2546,0.1053,0.4513,AWAKE
0.2515,0.1086,0.2023,AWAKE
0.2595,0.0877,0.7355,AWAKE
0.2514,0.0877,0.9325,AWAKE
0.2514,0.0877,0.0402,AWAKE
0.267,0.0877,0.6481,AWAKE
0.2586,0.1071,1.3536,AWAKE
0.2589,0.1053,0.4296,AWAKE
0.2591,0.1034,0.7076,AWAKE
0.2664,0.1034,0.9762,AWAKE
0.2546,0.0877,0.8052,AWAKE
0.2553,0.0702,1.7541,AWAKE
0.2553,0.0893,1.0875,AWAKE
0.2598,0.0714,1.0082,AWAKE
0.248,0.0862,1.0316,AWAKE
0.2636,0.0893,1.0875,AWAKE
0.2814,0.0893,1.1133,AWAKE
0.2639,0.0893,1.0042,AWAKE
0.2586,0.0862,0.8668,AWAKE
0.2659,0.0702,1.3187,AWAKE
0.2598,0.0877,0.9623,AWAKE
0.2526,0.0877,0.7872,AWAKE
0.2683,0.0702,0.5879,AWAKE
0.2597,0.0678,1.1515,AWAKE
0.2599,0.069,1.2795,AWAKE
0.2522,0.0895,0.883,AWAKE
0.2513,0.0714,0.8001,AWAKE
0.2814,0.0702,1.0964,AWAKE
0.2575,0.0877,1.1793,AWAKE
0.2685,0.1053,1.4181,AWAKE
0.2774,0.0893,1.0868,AWAKE
0.2599,0.0877,0.7575,AWAKE
0.264,0.0862,0.5763,AWAKE
0.2709,0.1034,1.1017,AWAKE
0.2756,0.0877,2.109,AWAKE
0.2772,0.1052,2.1912,AWAKE
0.2587,0.1071,1.3973,AWAKE
0.2652,0.0877,0.0458,AWAKE
0.2736,0.0702,0.163,AWAKE
0.2805,0.0893,0.5315,AWAKE
0.2843,0.0702,0.1293,AWAKE
0.266,0.069,0.1716,AWAKE
0.2711,0.0714,0.7797,AWAKE
0.2714,0.0714,0.0513,AWAKE
0.2828,0.069,0.0382,AWAKE
0.2814,0.0877,0.746,AWAKE
0.2553,0.069,0.1203,AWAKE
0.2666,0.0345,0.0348,AWAKE
0.278,0.0517,0.2418,AWAKE
0.2586,0.069,0.253,AWAKE
0.2556,0.0877,0.162,AWAKE
0.2478,0.0526,0.5796,AWAKE
0.2553,0.0714,1.1913,AWAKE
0.2548,0.0877,1.0415,AWAKE
0.2437,0.0351,1.2428,AWAKE
0.2741,0.0536,1.728,AWAKE
0.2478,0.0248,1.723,AWAKE
0.2553,0.0526,1.4234,AWAKE
0.2664,0.0517,1.0772,AWAKE
0.2624,0.0345,1.258,AWAKE
0.2512,0.0,1.0137,AWAKE
0.255,0.0,1.3462,AWAKE
0.2545,0.0172,0.5641,AWAKE
0.2677,0.0169,1.3358,AWAKE
0.255,0.0,1.0149,AWAKE
0.2675,0.0236,0.8913,AWAKE
0.263,0.0,1.1344,AWAKE
0.2519,0.0169,0.9381,AWAKE
0.2633,0.0,0.7511,AWAKE
0.2285,0.0167,0.8288,AWAKE
0.036,0.0339,0.2902,AWAKE
0.0391,0.0339,1.0609,AWAKE
0.0494,0.0172,1.3093,AWAKE
0.133,0.0,1.3742,AWAKE
0.2138,0.0,0.7078,AWAKE
0.2444,0.0,0.6408,AWAKE
0.2435,0.0,0.7171,AWAKE
0.247,0.0169,0.4557,AWAKE
0.2471,0.0169,0.1456,AWAKE
0.2442,0.0,0.226,AWAKE
0.2473,0.0,0.584,AWAKE
0.247,0.0167,0.6202,AWAKE
0.2514,0.0167,0.7951,AWAKE
0.2623,0.0169,0.4369,AWAKE
0.2743,0.0169,0.3106,AWAKE
0.2783,0.0,0.6344,AWAKE
0.2734,0.0167,1.3872,AWAKE
0.2659,0.0167,1.0079,AWAKE
0.2708,0.0167,1.7588,AWAKE
0.2551,0.0339,1.5585,AWAKE
0.2476,0.0167,1.1532,AWAKE
0.2367,0.0164,1.4557,AWAKE
0.2527,0.0169,1.1276,AWAKE
0.248,0.0,3.3708,AWAKE
0.2675,0.0167,3.5049,AWAKE
0.2626,0.0,4.0109,AWAKE
0.2437,0.0167,3.5642,AWAKE
0.2509,0.0385,4.705,AWAKE
0.2417,0.0339,4.8851,AWAKE
0.2562,0.0339,4.2806,AWAKE
0.2618,0.0508,3.8378,AWAKE
0.2637,0.0339,4.4164,AWAKE
0.2635,0.0333,3.8701,AWAKE
0.2743,0.0169,2.993,AWAKE
0.2746,0.0345,3.9093,AWAKE
0.2773,0.0,3.8824,AWAKE
0.2899,0.0169,3.0301,AWAKE
0.2804,0.0169,3.2798,AWAKE
0.2651,0.0169,3.003,AWAKE
0.2692,0.0333,3.0401,AWAKE
0.2783,0.0167,0.6652,AWAKE
0.2697,0.0333,2.5111,AWAKE
0.2744,0.0236,2.3004,AWAKE
0.2802,0.0,1.9083,AWAKE
0.2802,0.0,0.9103,AWAKE
0.2633,0.0328,1.4738,AWAKE
0.2548,0.0169,1.5387,AWAKE
0.2656,0.0175,1.9272,AWAKE
0.267,0.0172,1.2491,AWAKE
0.2671,0.024,1.6152,AWAKE
0.2703,0.0167,2.7902,AWAKE
0.2621,0.0339,1.22,AWAKE
0.2729,0.0,1.7013,AWAKE
0.2681,0.0,1.1071,AWAKE
0.2598,0.0,1.4231,AWAKE
0.2744,0.0,1.3329,AWAKE
0.2706,0.0,1.338,AWAKE
0.2706,0.0,0.9367,AWAKE
0.2735,0.0339,1.0572,AWAKE
0.2696,0.0,0.7927,AWAKE
0.2757,0.0172,0.0469,AWAKE
0.2734,0.0339,0.2169,AWAKE
0.2636,0.0339,0.8651,AWAKE
0.2661,0.0339,1.3444,AWAKE
0.2656,0.0339,1.7268,AWAKE
0.263,0.0,1.2546,AWAKE
0.2573,0.0339,1.2546,AWAKE
0.2595,0.0,1.0158,AWAKE
0.2698,0.0,0.7796,AWAKE
0.2573,0.0,0.9603,AWAKE
0.2645,0.0345,1.0861,AWAKE
0.2718,0.0169,1.9877,AWAKE
0.2633,0.0172,1.6712,AWAKE
0.263,0.0172,1.5212,AWAKE
0.263,0.0167,1.4792,AWAKE
0.2708,0.0167,1.2027,AWAKE
0.2774,0.0244,1.5672,AWAKE
0.2673,0.0,0.9207,AWAKE
0.2696,0.0,1.0952,AWAKE
0.2771,0.0236,1.2231,AWAKE
0.2588,0.0244,1.0699,AWAKE
0.2513,0.0172,0.7243,AWAKE
0.26,0.0169,1.1203,AWAKE
0.2638,0.0244,1.0699,AWAKE
0.2697,0.0172,1.0699,AWAKE
0.2744,0.0169,1.1137,AWAKE
0.2785,0.0172,1.0124,AWAKE
0.2736,0.0244,0.9468,AWAKE
0.2712,0.0,1.6014,AWAKE
0.2699,0.0339,1.1587,AWAKE
0.2599,0.0345,1.6664,AWAKE
0.2698,0.0175,0.621,AWAKE
0.2626,0.0,1.6965,AWAKE
0.2553,0.0175,2.4399,AWAKE
0.2548,0.0175,2.3115,AWAKE
0.261,0.0248,2.514,AWAKE
0.2774,0.0339,2.4977,AWAKE
0.2776,0.0172,1.9839,AWAKE
0.2515,0.0175,1.5286,AWAKE
0.2713,0.0179,1.7015,AWAKE
0.2641,0.0,1.2538,AWAKE
0.2664,0.0,1.7345,AWAKE
0.2588,0.0,1.0106,AWAKE
0.2553,0.0,0.4042,AWAKE
0.2516,0.0,0.8753,AWAKE
0.2591,0.0,1.291,AWAKE
0.2566,0.0,0.9077,AWAKE
0.2544,0.0175,1.2719,AWAKE
0.2591,0.0175,1.2929,AWAKE
0.2561,0.0175,1.3446,AWAKE
0.2541,0.0,0.9355,AWAKE
0.2706,0.0172,0.9126,AWAKE
0.2597,0.0172,0.5797,AWAKE
0.2661,0.0339,0.536,AWAKE
0.2781,0.0345,0.8893,AWAKE
0.2548,0.0175,0.5469,AWAKE
0.2548,0.0175,0.5386,AWAKE
0.2633,0.0172,1.2711,AWAKE
0.2617,0.0175,0.4893,AWAKE
0.2595,0.0172,0.9363,AWAKE
0.2715,0.0,1.4949,AWAKE
0.2651,0.0,0.8477,AWAKE
0.2878,0.0172,0.8571,AWAKE
0.2651,0.0,0.8315,AWAKE
0.2619,0.0172,0.3854,AWAKE
0.2694,0.0,0.5601,AWAKE
0.2809,0.0169,1.4152,AWAKE
0.2729,0.0172,0.6335,AWAKE
0.2696,0.0172,1.4695,AWAKE
0.2692,0.0169,0.7242,AWAKE
0.269,0.0169,1.2495,AWAKE
0.2631,0.0172,1.3504,AWAKE
0.2708,0.0172,1.4162,AWAKE
0.27,0.0167,1.1741,AWAKE
0.2628,0.0169,1.6146,AWAKE
0.2734,0.0167,1.3264,AWAKE
0.2694,0.0169,1.3002,AWAKE
0.2749,0.0169,0.661,AWAKE
0.2625,0.0172,1.2958,AWAKE
0.2665,0.0169,0.9302,AWAKE
0.2712,0.0169,0.9842,AWAKE
0.2696,0.0172,1.0608,AWAKE
0.259,0.0,0.9391,AWAKE
0.2477,0.0,0.4336,AWAKE
0.2562,0.0,1.169,AWAKE
0.2562,0.0172,1.2925,AWAKE
0.27,0.0,0.775,AWAKE
0.2539,0.0172,1.5996,AWAKE
0.2524,0.0,1.8678,AWAKE
0.2595,0.0172,2.3566,AWAKE
0.258,0.0169,1.5272,AWAKE
0.2544,0.0169,1.7935,AWAKE
0.2561,0.0169,2.4794,AWAKE
0.2667,0.0339,1.5272,AWAKE
0.2588,0.0169,1.6124,AWAKE
0.2639,0.0,1.7935,AWAKE
0.2639,0.0169,2.0602,AWAKE
0.259,0.0169,1.2388,AWAKE
0.2551,0.0169,1.7954,AWAKE
0.2616,0.0339,1.3257,AWAKE
0.2576,0.0169,1.0053,AWAKE
0.2558,0.0,1.5446,AWAKE
0.2519,0.0169,1.0053,AWAKE
0.2604,0.0169,1.3497,AWAKE
0.2561,0.0169,1.3497,AWAKE
0.2623,0.0169,0.6986,AWAKE
0.2561,0.0169,1.0797,AWAKE
0.2544,0.0172,1.0451,AWAKE
0.2548,0.0175,1.1426,AWAKE
0.2548,0.0169,1.0797,AWAKE
0.2548,0.0,1.7365,AWAKE
0.2548,0.0,1.6921,AWAKE
0.2621,0.0,1.4177,AWAKE
0.2475,0.0172,1.656,AWAKE
0.2641,0.0169,1.2372,AWAKE
0.0617,0.0169,1.5262,AWAKE
0.0471,0.0339,1.6004,AWAKE
0.0446,0.0339,0.6683,AWAKE
0.066,0.0339,1.0973,AWAKE
0.171,0.0345,0.994,AWAKE
0.224,0.0339,1.2282,AWAKE
0.2445,0.0345,1.5148,AWAKE
0.2513,0.0385,1.3257,AWAKE
0.2659,0.0385,1.0103,AWAKE
0.2695,0.0172,1.3629,AWAKE
0.2695,0.0169,1.4895,AWAKE
0.2663,0.0345,1.8527,AWAKE
0.2717,0.0172,1.0821,AWAKE
0.2771,0.0172,1.471,AWAKE
0.2855,0.0,1.3388,AWAKE
0.2783,0.0,1.2439,AWAKE
0.2801,0.0,0.9941,AWAKE
0.2734,0.0172,0.889,AWAKE
0.2712,0.0169,0.7927,AWAKE
0.2588,0.0172,0.889,AWAKE
0.271,0.0172,1.1579,AWAKE
0.2698,0.0167,1.0977,AWAKE
0.2692,0.0172,0.889,AWAKE
0.2782,0.024,1.0613,AWAKE
0.271,0.0172,1.1579,AWAKE
0.2597,0.0172,1.1579,AWAKE
0.2668,0.0172,0.889,AWAKE
0.2667,0.0167,1.0977,AWAKE
0.2782,0.0169,1.0613,AWAKE
0.2782,0.024,1.0613,AWAKE
0.2684,0.0172,1.1579,AWAKE
0.2754,0.0172,1.1579,AWAKE
0.2737,0.0169,1.2633,AWAKE
0.2742,0.0,1.1579,AWAKE
0.2784,0.0,1.6508,AWAKE
0.281,0.0172,1.1222,AWAKE
0.2814,0.0169,1.9967,AWAKE
0.2826,0.0172,1.8151,AWAKE
0.2826,0.0169,1.9967,AWAKE
0.2814,0.0,1.7229,AWAKE
0.2794,0.0169,1.7229,AWAKE
0.2714,0.0,1.6768,AWAKE
0.2627,0.0172,0.9612,AWAKE
0.2741,0.0,1.6768,AWAKE
0.271,0.0,1.8681,AWAKE
0.2698,0.0172,1.8681,AWAKE
0.2705,0.0172,2.1399,AWAKE
0.291,0.0172,1.6014,AWAKE
0.2865,0.0,1.7952,AWAKE
0.2852,0.0172,1.2045,AWAKE
0.2856,0.0172,1.5603,AWAKE
0.2852,0.0169,1.2983,AWAKE
0.2812,0.0169,1.2983,AWAKE
0.2808,0.0169,1.2983,AWAKE
0.2738,0.0339,1.9751,AWAKE
0.2674,0.0169,1.3803,AWAKE
0.2741,0.0,2.0061,AWAKE
0.2671,0.0,1.1751,AWAKE
0.2675,0.0339,0.9056,AWAKE
0.2741,0.0169,1.5626,AWAKE
0.2814,0.0339,1.2933,AWAKE
0.2814,0.0169,1.885,AWAKE
0.2774,0.0339,1.1103,AWAKE
0.2817,0.0169,1.4118,AWAKE
0.2778,0.0169,1.8821,AWAKE
0.2628,0.0,2.4105,AWAKE
0.2698,0.0,2.4232,AWAKE
0.2742,0.0,2.045,AWAKE
0.2786,0.0,1.5175,AWAKE
0.2708,0.0,1.7041,AWAKE
0.2821,0.0,1.1514,AWAKE
0.2652,0.0,1.1514,AWAKE
0.291,0.0,1.7404,AWAKE
0.2835,0.0,1.5047,AWAKE
0.2887,0.0339,2.4144,AWAKE
0.2868,0.0339,1.5234,AWAKE
0.2613,0.0172,1.3015,AWAKE
0.2331,0.0172,2.3684,AWAKE
0.2134,0.0172,2.1605,AWAKE
0.2005,0.0339,2.8027,AWAKE
0.1977,0.0,2.8027,AWAKE
0.2071,0.0339,2.8127,AWAKE
0.182,0.0,1.9658,AWAKE
0.1974,0.0169,3.078,AWAKE
0.1814,0.0,3.084,AWAKE
0.1889,0.0172,2.0027,AWAKE
0.2154,0.0172,2.5979,AWAKE
0.2021,0.0,1.8776,AWAKE
0.1907,0.0,1.7467,AWAKE
0.2403,0.0,2.3096,AWAKE
0.2549,0.0172,1.7388,AWAKE
0.2783,0.0169,1.738,AWAKE
0.2852,0.0172,1.7013,AWAKE
0.2674,0.0172,1.5492,AWAKE
0.2804,0.0172,1.4639,AWAKE
0.2781,0.0169,1.5518,AWAKE
0.2856,0.0339,1.5518,AWAKE
0.2793,0.0,0.5846,AWAKE
0.2852,0.0,0.6292,AWAKE
0.2706,0.0,0.9201,AWAKE
0.2694,0.0,1.3778,AWAKE
0.2738,0.0244,1.0643,AWAKE
0.2742,0.0,0.3745,AWAKE
0.27,0.0,0.5821,AWAKE
0.2767,0.0,0.5442,AWAKE
0.2742,0.0,0.9667,AWAKE
0.2813,0.0169,0.0161,AWAKE
0.278,0.0169,1.1422,AWAKE
0.2601,0.0,0.7108,AWAKE
0.2666,0.0175,1.4582,AWAKE
0.2599,0.0172,1.3604,AWAKE
0.2688,0.0169,1.3933,AWAKE
0.2753,0.0172,1.0398,AWAKE
0.2706,0.0167,1.2645,AWAKE
0.2722,0.0167,0.9094,AWAKE
0.2771,0.0,1.2434,AWAKE
0.2844,0.0169,1.278,AWAKE
0.2698,0.0169,1.278,AWAKE
0.2626,0.0,0.8387,AWAKE
0.2783,0.0,0.8746,AWAKE
0.2771,0.0,1.0069,AWAKE
0.2796,0.0,0.9717,AWAKE
0.271,0.0169,0.8387,AWAKE
0.2621,0.0169,0.8746,AWAKE
0.2694,0.0,1.1103,AWAKE
0.2706,0.0,1.1103,AWAKE
0.2811,0.0,1.2861,AWAKE
0.2769,0.0,1.1103,AWAKE
0.2769,0.0,1.1103,AWAKE
0.2632,0.0,0.8746,AWAKE
0.2644,0.0345,1.4806,AWAKE
0.2824,0.0,0.9072,AWAKE
0.2636,0.0,1.5209,AWAKE
0.2696,0.0339,1.0797,AWAKE
0.2736,0.0169,1.0391,AWAKE
0.2698,0.0,0.5056,AWAKE
0.2623,0.0,0.8978,AWAKE
0.2648,0.0373,0.9332,AWAKE
0.2767,0.0339,1.097,AWAKE
0.2692,0.0169,0.6846,AWAKE
0.2716,0.0169,1.1912,AWAKE
0.2748,0.0172,1.0852,AWAKE
0.2704,0.0172,1.0852,AWAKE
0.2811,0.0,1.5466,AWAKE
0.2692,0.0172,0.6694,AWAKE
0.2692,0.0175,1.0355,AWAKE
0.2913,0.0169,1.5088,AWAKE
0.2695,0.0169,1.5109,AWAKE
0.2801,0.0244,1.6768,AWAKE
0.2738,0.0,1.123,AWAKE
0.2727,0.0,1.0907,AWAKE
0.262,0.0172,1.09,AWAKE
0.27,0.0172,1.2868,AWAKE
0.2481,0.0172,1.09,AWAKE
0.2629,0.0169,0.7804,AWAKE
0.2699,0.0172,0.8471,AWAKE
0.2535,0.0,1.5779,AWAKE
0.2575,0.0333,2.9612,AWAKE
0.2359,0.0333,2.4331,AWAKE
0.26,0.0339,1.8166,AWAKE
0.2455,0.0172,1.7766,AWAKE
0.2521,0.0169,2.6125,AWAKE
0.2354,0.0,3.2746,AWAKE
0.2539,0.0175,3.0574,AWAKE
0.2413,0.0244,4.6632,AWAKE
0.2727,0.0175,4.8351,AWAKE
0.2657,0.0248,4.5919,AWAKE
0.2505,0.0175,6.6092,AWAKE
0.2745,0.0,7.2212,AWAKE
0.2629,0.0178,7.4542,AWAKE
0.259,0.0,8.7937,AWAKE
0.2761,0.0364,8.6172,AWAKE
0.274,0.0,9.4057,AWAKE
0.2853,0.0,8.7491,AWAKE
0.2775,0.0,10.4266,AWAKE
0.2697,0.0,10.336,AWAKE
0.2798,0.0,11.3193,AWAKE
0.2781,0.0267,11.0587,AWAKE
0.2748,0.0189,11.3919,AWAKE
0.2836,0.0189,11.1977,AWAKE
0.2617,0.0,10.0296,AWAKE
0.2789,0.0189,10.0975,AWAKE
0.2896,0.037,9.4997,AWAKE
0.2557,0.0182,7.1653,AWAKE
0.2734,0.0175,6.1579,AWAKE
0.2553,0.0339,4.2231,AWAKE
0.2429,0.024,2.3906,AWAKE
0.2514,0.0167,0.9737,AWAKE
0.2502,0.0172,0.0107,AWAKE
0.2371,0.0169,1.7968,AWAKE
0.2733,0.0339,1.0827,AWAKE
0.2634,0.0172,0.4851,AWAKE
0.2737,0.0175,0.3695,AWAKE
0.2631,0.0179,1.4595,AWAKE
0.2839,0.0175,2.8274,AWAKE
0.2689,0.0172,4.2214,AWAKE
0.2803,0.0175,4.1024,AWAKE
0.2755,0.0,4.9564,AWAKE
0.2821,0.0,5.4842,AWAKE
0.2993,0.0,6.106,AWAKE
0.2954,0.0,6.6131,AWAKE
0.2736,0.0,6.1868,AWAKE
0.2784,0.0,6.6727,AWAKE
0.2619,0.0,6.6147,AWAKE
0.2743,0.0,7.2014,AWAKE
0.2768,0.0,8.4593,AWAKE
0.2763,0.0,7.5419,AWAKE
0.2849,0.0,8.2429,AWAKE
0.2703,0.0,8.5181,AWAKE
0.2801,0.0,8.9833,AWAKE
0.2734,0.0,8.4388,AWAKE
0.275,0.0182,7.6773,AWAKE
0.2875,0.0,8.2471,AWAKE
0.292,0.0,6.3975,AWAKE
0.2974,0.0,6.2787,AWAKE
0.3027,0.0,5.1299,AWAKE
0.2807,0.0,4.5947,AWAKE
0.2698,0.0172,3.9219,AWAKE
0.2856,0.0,3.2981,AWAKE
0.275,0.0,1.2166,AWAKE
0.2722,0.0172,1.8774,AWAKE
0.2655,0.0,1.5578,AWAKE
0.2839,0.0178,0.9092,AWAKE
0.2859,0.0,0.4197,AWAKE
0.265,0.0,1.3485,AWAKE
0.278,0.0,1.8336,AWAKE
0.2563,0.0,2.2842,AWAKE
0.2655,0.0,1.9376,AWAKE
0.256,0.0,2.9586,AWAKE
0.2569,0.0175,3.1413,AWAKE
0.2628,0.0175,2.5396,AWAKE
0.2774,0.0172,2.7381,AWAKE
0.2673,0.0175,2.6238,AWAKE
0.251,0.0,3.7797,AWAKE
0.2606,0.0175,3.8294,AWAKE
0.2705,0.0,3.9356,AWAKE
0.2778,0.0,3.8911,AWAKE
0.2676,0.0,3.4815,AWAKE
0.2696,0.0172,4.4072,AWAKE
0.272,0.0175,3.7105,AWAKE
0.2765,0.0175,3.5496,AWAKE
0.2786,0.0,2.7697,AWAKE
0.285,0.0,2.8591,AWAKE
0.2755,0.0,3.5544,AWAKE
0.2776,0.0,2.7394,AWAKE
0.2643,0.0,3.1162,AWAKE
0.2667,0.0172,2.4722,AWAKE
0.2658,0.0,1.8903,AWAKE
0.2573,0.0,2.5486,AWAKE
0.251,0.0,2.5464,AWAKE
0.2134,0.0,1.6298,AWAKE
0.2011,0.0,1.9955,AWAKE
0.1977,0.0,0.4514,AWAKE
0.1838,0.0,2.0181,AWAKE
0.1756,0.0,1.3212,AWAKE
0.1707,0.0,2.1065,AWAKE
0.1812,0.0,2.3272,AWAKE
0.1881,0.0172,2.5113,AWAKE
0.1664,0.0172,1.0873,AWAKE
0.1978,0.0,1.3879,AWAKE
0.1978,0.0,1.0705,AWAKE
0.2292,0.0169,2.0255,AWAKE
0.2275,0.0172,1.7394,AWAKE
0.2217,0.0,1.7394,AWAKE
0.2201,0.0,2.429,AWAKE
0.2243,0.0,2.4081,AWAKE
0.217,0.0,2.3297,AWAKE
0.2345,0.0,1.1382,AWAKE
0.2345,0.0,2.1845,AWAKE
0.235,0.0,2.3426,AWAKE
0.2246,0.0,2.065,AWAKE
0.2426,0.0,2.3624,AWAKE
0.2279,0.0172,2.2903,AWAKE
0.2333,0.0169,2.2489,AWAKE
0.2271,0.0169,2.335,AWAKE
0.222,0.0,2.2138,AWAKE
0.2276,0.0169,1.2116,AWAKE
0.2241,0.0,1.5482,AWAKE
0.2289,0.0,1.5603,AWAKE
0.2192,0.0,1.1328,AWAKE
0.2243,0.0,0.9645,AWAKE
0.2275,0.0,2.2595,AWAKE
0.2291,0.0,1.9844,AWAKE
0.2216,0.0,1.3007,AWAKE
0.2275,0.0,1.8437,AWAKE
0.2241,0.0,1.8437,AWAKE
0.2767,0.0678,1.9763,EYE_CLOSED
0.2764,0.0339,1.4531,EYE_CLOSED
0.2804,0.0508,1.5596,EYE_CLOSED
0.289,0.0678,2.4127,EYE_CLOSED
0.2892,0.0667,1.0581,EYE_CLOSED
0.2878,0.0517,2.1203,EYE_CLOSED
0.2805,0.0339,2.05,EYE_CLOSED
0.2814,0.0699,2.1289,EYE_CLOSED
0.2805,0.0517,1.7099,EYE_CLOSED
0.2805,0.0345,1.7099,EYE_CLOSED
0.2692,0.0345,1.4498,EYE_CLOSED
0.2699,0.0169,1.7056,EYE_CLOSED
0.2259,0.0169,1.7014,EYE_CLOSED
0.0873,0.0,1.4229,EYE_CLOSED
0.0288,0.0164,2.3699,EYE_CLOSED
0.0415,0.0167,0.8549,EYE_CLOSED
0.0458,0.0,0.9304,EYE_CLOSED
0.0485,0.0167,1.4463,EYE_CLOSED
0.0391,0.0236,0.5621,EYE_CLOSED
0.0361,0.0164,0.9778,EYE_CLOSED
0.0329,0.0,1.4411,EYE_CLOSED
0.0488,0.0167,1.4583,EYE_CLOSED
0.0374,0.0167,2.1626,EYE_CLOSED
0.0508,0.0,1.5649,EYE_CLOSED
0.0423,0.0,1.4793,EYE_CLOSED
0.0452,0.0,2.1808,EYE_CLOSED
0.0515,0.0,1.3389,EYE_CLOSED
0.0515,0.0167,2.3183,EYE_CLOSED
0.0556,0.0367,2.107,EYE_CLOSED
0.0476,0.0167,1.8907,EYE_CLOSED
0.0502,0.0164,2.0735,EYE_CLOSED
0.051,0.0,2.3812,EYE_CLOSED
0.052,0.0164,1.6797,EYE_CLOSED
0.0484,0.0,1.4612,EYE_CLOSED
0.0504,0.0,2.0356,EYE_CLOSED
0.0367,0.0167,2.2506,EYE_CLOSED
0.0391,0.0,0.9454,EYE_CLOSED
0.0359,0.0,1.471,EYE_CLOSED
0.0485,0.0,1.8009,EYE_CLOSED
0.0467,0.0167,1.5102,EYE_CLOSED
0.0525,0.0,1.1373,EYE_CLOSED
0.0449,0.0169,1.1063,EYE_CLOSED
0.0458,0.0,1.525,EYE_CLOSED
0.0367,0.0,1.8321,EYE_CLOSED
0.0385,0.0169,1.1373,EYE_CLOSED
0.0324,0.0,2.5151,EYE_CLOSED
0.0443,0.0,2.0891,EYE_CLOSED
0.0384,0.0,2.9267,EYE_CLOSED
0.0426,0.0,2.2707,EYE_CLOSED
0.0493,0.0,1.92,EYE_CLOSED
0.0493,0.0,1.7915,EYE_CLOSED
0.046,0.0,2.0982,EYE_CLOSED
0.0448,0.0,2.0404,EYE_CLOSED
0.0435,0.0167,2.2889,EYE_CLOSED
0.0353,0.0167,1.0482,EYE_CLOSED
0.0517,0.0,1.927,EYE_CLOSED
0.0571,0.0,2.1074,EYE_CLOSED
0.0522,0.0,1.1467,EYE_CLOSED
0.0503,0.0,1.0996,EYE_CLOSED
0.036,0.0,1.4991,EYE_CLOSED
0.0495,0.0,2.2315,EYE_CLOSED
0.0573,0.0,1.4192,EYE_CLOSED
0.0591,0.0169,2.5347,EYE_CLOSED
0.0325,0.0,1.4176,EYE_CLOSED
0.0365,0.0,2.1057,EYE_CLOSED
0.0496,0.0,1.765,EYE_CLOSED
0.0416,0.0,1.3237,EYE_CLOSED
0.0445,0.0345,1.5433,EYE_CLOSED
0.0466,0.0526,2.276,EYE_CLOSED
0.051,0.0545,2.7152,EYE_CLOSED
0.0571,0.0172,2.2394,EYE_CLOSED
0.0325,0.0,2.6517,EYE_CLOSED
0.0367,0.0172,2.547,EYE_CLOSED
0.0427,0.0345,0.8152,EYE_CLOSED
0.0329,0.0169,0.7104,EYE_CLOSED
0.0284,0.0169,0.089,EYE_CLOSED
0.0531,0.0,0.3447,EYE_CLOSED
0.0467,0.0169,1.5755,EYE_CLOSED
0.0409,0.0,1.5193,EYE_CLOSED
0.0542,0.0,1.6503,EYE_CLOSED
0.0289,0.0169,0.7164,EYE_CLOSED
0.0283,0.0,1.445,EYE_CLOSED
0.0449,0.0,0.4853,EYE_CLOSED
0.0281,0.0,0.4977,EYE_CLOSED
0.0489,0.0172,0.7296,EYE_CLOSED
0.0396,0.0,1.363,EYE_CLOSED
0.0342,0.0169,0.3928,EYE_CLOSED
0.0312,0.0167,0.5035,EYE_CLOSED
0.0397,0.0172,1.4635,EYE_CLOSED
0.0475,0.0,1.204,EYE_CLOSED
0.0391,0.0167,1.6635,EYE_CLOSED
0.0457,0.0,1.7391,EYE_CLOSED
0.0424,0.0167,1.3987,EYE_CLOSED
0.0361,0.0,2.1403,EYE_CLOSED
0.0481,0.0,2.1904,EYE_CLOSED
0.0411,0.0,2.3228,EYE_CLOSED
0.0361,0.0,1.7149,EYE_CLOSED
0.0542,0.0,1.4824,EYE_CLOSED
0.0535,0.0,1.844,EYE_CLOSED
0.0462,0.0,0.751,EYE_CLOSED
0.0368,0.0,1.0108,EYE_CLOSED
0.0372,0.0172,1.6964,EYE_CLOSED
0.0417,0.0,1.1766,EYE_CLOSED
0.0435,0.0,1.8137,EYE_CLOSED
0.052,0.0,0.2059,EYE_CLOSED
0.0443,0.0,0.5086,EYE_CLOSED
0.047,0.0175,0.6596,EYE_CLOSED
0.0349,0.0,0.1835,EYE_CLOSED
0.0371,0.0,1.0106,EYE_CLOSED
0.0378,0.0,0.8404,EYE_CLOSED
0.0344,0.0,0.3835,EYE_CLOSED
0.0345,0.0,0.9254,EYE_CLOSED
0.0339,0.0175,0.7041,EYE_CLOSED
0.0338,0.0,1.2551,EYE_CLOSED
0.0338,0.0,1.0361,EYE_CLOSED
0.0231,0.0,1.565,EYE_CLOSED
0.0338,0.0,1.1086,EYE_CLOSED
0.0314,0.0,0.8635,EYE_CLOSED
0.0302,0.0,2.1671,EYE_CLOSED
0.0334,0.0,1.8225,EYE_CLOSED
0.0485,0.0,2.137,EYE_CLOSED
0.0334,0.0244,1.5458,EYE_CLOSED
0.0449,0.0175,1.021,EYE_CLOSED
0.0404,0.0,1.816,EYE_CLOSED
0.058,0.0179,2.055,EYE_CLOSED
0.0298,0.0,1.9215,EYE_CLOSED
0.0477,0.0175,2.8599,EYE_CLOSED
0.0571,0.0,2.2812,EYE_CLOSED
0.0528,0.0,1.6614,EYE_CLOSED
0.0508,0.0,1.7099,EYE_CLOSED
0.0324,0.0,2.2532,EYE_CLOSED
0.0329,0.0172,2.4301,EYE_CLOSED
0.0328,0.0,1.3578,EYE_CLOSED
0.0433,0.0,2.179,EYE_CLOSED
0.0462,0.0,1.9807,EYE_CLOSED
0.0571,0.0,1.4587,EYE_CLOSED
0.058,0.0,1.5743,EYE_CLOSED
0.0406,0.0,1.6769,EYE_CLOSED
0.0443,0.0,1.3012,EYE_CLOSED
0.0403,0.0175,1.7777,EYE_CLOSED
0.0505,0.0,2.2766,EYE_CLOSED
0.0537,0.0175,2.5815,EYE_CLOSED
0.0484,0.0,1.9962,EYE_CLOSED
0.0474,0.0,2.2032,EYE_CLOSED
0.0441,0.0,1.555,EYE_CLOSED
0.0484,0.0,2.0074,EYE_CLOSED
0.0366,0.0,2.2902,EYE_CLOSED
0.0387,0.0244,3.0081,EYE_CLOSED
0.0598,0.0,2.5934,EYE_CLOSED
0.0526,0.0,2.6134,EYE_CLOSED
0.0422,0.0172,3.3973,EYE_CLOSED
0.0505,0.0,2.5483,EYE_CLOSED
0.0355,0.0,2.5831,EYE_CLOSED
0.0581,0.0,3.2546,EYE_CLOSED
0.0532,0.0,2.9123,EYE_CLOSED
0.048,0.0,2.7744,EYE_CLOSED
0.0421,0.0,2.7744,EYE_CLOSED
0.0455,0.0,3.0191,EYE_CLOSED
0.0294,0.0,2.7179,EYE_CLOSED
0.0522,0.0,2.0849,EYE_CLOSED
0.0561,0.0,2.258,EYE_CLOSED
0.0395,0.0,2.5994,EYE_CLOSED
0.0433,0.0,2.6714,EYE_CLOSED
0.0503,0.0,2.3747,EYE_CLOSED
0.057,0.0,2.6379,EYE_CLOSED
0.0419,0.0172,2.5823,EYE_CLOSED
0.0413,0.0175,2.2298,EYE_CLOSED
0.0449,0.0175,2.2549,EYE_CLOSED
0.0484,0.0248,2.0418,EYE_CLOSED
0.0502,0.0175,2.8746,EYE_CLOSED
0.0474,0.0244,2.6495,EYE_CLOSED
0.0529,0.0169,2.9659,EYE_CLOSED
0.0395,0.0169,2.2596,EYE_CLOSED
0.0489,0.0,2.1599,EYE_CLOSED
0.0489,0.0244,3.1225,EYE_CLOSED
0.0508,0.0172,2.414,EYE_CLOSED
0.0426,0.0,1.6238,EYE_CLOSED
0.0623,0.0,2.8083,EYE_CLOSED
0.0571,0.0,3.8254,EYE_CLOSED
0.0439,0.0175,2.5329,EYE_CLOSED
0.0553,0.0172,2.9983,EYE_CLOSED
0.0422,0.0,1.7913,EYE_CLOSED
0.0355,0.0,2.0624,EYE_CLOSED
0.0562,0.0,2.685,EYE_CLOSED
0.0447,0.0172,2.9277,EYE_CLOSED
0.054,0.0,2.596,EYE_CLOSED
0.0472,0.0175,3.3265,EYE_CLOSED
0.0492,0.0175,3.7031,EYE_CLOSED
0.0596,0.0175,3.7459,EYE_CLOSED
0.06,0.0351,3.8727,EYE_CLOSED
0.0632,0.0,4.3129,EYE_CLOSED
0.0571,0.0179,4.854,EYE_CLOSED
0.0641,0.0,4.777,EYE_CLOSED
0.0434,0.0175,4.6295,EYE_CLOSED
0.064,0.0175,4.1216,EYE_CLOSED
0.0445,0.0,4.1629,EYE_CLOSED
0.0547,0.0,3.843,EYE_CLOSED
0.0556,0.0172,4.6281,EYE_CLOSED
0.0517,0.0175,4.5033,EYE_CLOSED
0.0484,0.0,4.4684,EYE_CLOSED
0.0563,0.0,4.5399,EYE_CLOSED
0.0541,0.0179,4.117,EYE_CLOSED
0.0445,0.0,4.8701,EYE_CLOSED
0.051,0.0,4.3587,EYE_CLOSED
0.0588,0.0,3.1185,EYE_CLOSED
0.0633,0.0,4.1577,EYE_CLOSED
0.0541,0.0,3.7136,EYE_CLOSED
0.0324,0.0,4.2347,EYE_CLOSED
0.0494,0.0,3.9034,EYE_CLOSED
0.0462,0.0,4.0115,EYE_CLOSED
0.0419,0.0172,3.6549,EYE_CLOSED
0.0503,0.0,3.5904,EYE_CLOSED
0.0589,0.0,3.2024,EYE_CLOSED
0.0541,0.0,4.117,EYE_CLOSED
0.0374,0.0,3.0338,EYE_CLOSED
0.0403,0.0,3.1392,EYE_CLOSED
0.0402,0.0,3.0526,EYE_CLOSED
0.0402,0.0,2.1371,EYE_CLOSED
0.0521,0.0,2.2464,EYE_CLOSED
0.0569,0.0,4.004,EYE_CLOSED
0.0447,0.0,3.4874,EYE_CLOSED
0.0403,0.0175,3.4874,EYE_CLOSED
0.0403,0.0,3.5594,EYE_CLOSED
0.0447,0.0,3.4749,EYE_CLOSED
0.0551,0.0,2.5707,EYE_CLOSED
0.0467,0.0,2.5078,EYE_CLOSED
0.0399,0.0,2.7215,EYE_CLOSED
0.0405,0.0,2.6904,EYE_CLOSED
0.0466,0.0,2.6274,EYE_CLOSED
0.0489,0.0172,2.6591,EYE_CLOSED
0.0532,0.0,2.9109,EYE_CLOSED
0.0396,0.0172,2.3534,EYE_CLOSED
0.0421,0.0172,3.0998,EYE_CLOSED
0.0385,0.0,2.7374,EYE_CLOSED
0.0503,0.0244,3.0791,EYE_CLOSED
0.0467,0.0169,2.7374,EYE_CLOSED
0.0551,0.0172,3.2437,EYE_CLOSED
0.0427,0.0,3.3712,EYE_CLOSED
0.0568,0.0,3.0837,EYE_CLOSED
0.0361,0.0,2.7905,EYE_CLOSED
0.0355,0.0244,2.9684,EYE_CLOSED
0.0614,0.0,3.5446,EYE_CLOSED
0.0403,0.0175,4.5209,EYE_CLOSED
0.0498,0.0,4.7795,EYE_CLOSED
0.0547,0.0,4.1611,EYE_CLOSED
0.0623,0.0,3.9089,EYE_CLOSED
0.0678,0.0179,5.1802,EYE_CLOSED
0.0605,0.0,6.3102,EYE_CLOSED
0.0695,0.0,6.3588,EYE_CLOSED
0.0827,0.0,8.6394,EYE_CLOSED
0.0953,0.0182,9.4263,EYE_CLOSED
0.0821,0.0,10.0748,EYE_CLOSED
0.0841,0.0,10.3184,EYE_CLOSED
0.0904,0.0,9.8062,EYE_CLOSED
0.0828,0.0,9.3323,EYE_CLOSED
0.0968,0.0,9.9727,EYE_CLOSED
0.0955,0.0,9.8956,EYE_CLOSED
0.1133,0.0,9.7806,EYE_CLOSED
0.0905,0.0,9.5119,EYE_CLOSED
0.088,0.0,10.3016,EYE_CLOSED
0.0869,0.0,10.8338,EYE_CLOSED
0.0949,0.0,10.3016,EYE_CLOSED
0.0804,0.0,10.0249,EYE_CLOSED
0.088,0.0,10.8338,EYE_CLOSED
0.0764,0.0,10.0564,EYE_CLOSED
0.0885,0.0,10.9798,EYE_CLOSED
0.0826,0.0,10.1197,EYE_CLOSED
0.085,0.0,9.6138,EYE_CLOSED
0.0955,0.0,9.2666,EYE_CLOSED
0.0881,0.0,9.8669,EYE_CLOSED
0.088,0.0,9.1243,EYE_CLOSED
0.0937,0.0,9.5169,EYE_CLOSED
0.0862,0.0175,9.6815,EYE_CLOSED
0.0841,0.0,9.7538,EYE_CLOSED
0.0764,0.0175,9.6427,EYE_CLOSED
0.0765,0.0,8.7542,EYE_CLOSED
0.081,0.0,9.3587,EYE_CLOSED
0.0839,0.0,9.6105,EYE_CLOSED
0.0766,0.0182,10.3479,EYE_CLOSED
0.0741,0.0,8.3959,EYE_CLOSED
0.0694,0.0,9.1861,EYE_CLOSED
0.067,0.0185,8.5923,EYE_CLOSED
0.0838,0.0,8.2167,EYE_CLOSED
0.0843,0.0182,8.0521,EYE_CLOSED
0.0771,0.0,8.0885,EYE_CLOSED
0.0758,0.0175,7.0629,EYE_CLOSED
0.0691,0.0,7.2239,EYE_CLOSED
0.077,0.0,7.0441,EYE_CLOSED
0.083,0.0175,6.2444,EYE_CLOSED
0.0699,0.0,6.5791,EYE_CLOSED
0.0754,0.0,7.3282,EYE_CLOSED
0.0614,0.0,7.3377,EYE_CLOSED
0.067,0.0,7.1664,EYE_CLOSED
0.069,0.0,6.3489,EYE_CLOSED
0.072,0.0,6.5739,EYE_CLOSED
0.0764,0.0,6.4877,EYE_CLOSED
0.0696,0.0,5.9309,EYE_CLOSED
0.0752,0.0,5.5603,EYE_CLOSED
0.067,0.0175,5.6904,EYE_CLOSED
0.0672,0.0175,6.2099,EYE_CLOSED
0.071,0.0,5.5273,EYE_CLOSED
0.0711,0.0,5.3345,EYE_CLOSED
0.0677,0.0175,5.7703,EYE_CLOSED
0.0686,0.0172,4.8214,EYE_CLOSED
0.0551,0.0175,5.6454,EYE_CLOSED
0.0631,0.0,5.1099,EYE_CLOSED
0.0789,0.0,4.6521,EYE_CLOSED
0.0613,0.0,4.7958,EYE_CLOSED
0.0562,0.0,5.6726,EYE_CLOSED
0.0553,0.0,4.954,EYE_CLOSED
0.0522,0.0,4.8088,EYE_CLOSED
0.0633,0.0,4.9309,EYE_CLOSED
0.0641,0.0,4.4856,EYE_CLOSED
0.0605,0.0,5.4783,EYE_CLOSED
0.0595,0.0,4.5081,EYE_CLOSED
0.0787,0.0,5.3154,EYE_CLOSED
0.077,0.0172,5.6925,EYE_CLOSED
0.0702,0.0248,5.4007,EYE_CLOSED
0.0717,0.0175,5.5568,EYE_CLOSED
0.0746,0.0172,6.0482,EYE_CLOSED
0.0764,0.0,6.4559,EYE_CLOSED
0.0678,0.0244,5.7844,EYE_CLOSED
0.0764,0.0,5.8743,EYE_CLOSED
0.0654,0.0,5.7277,EYE_CLOSED
0.0605,0.0,5.1354,EYE_CLOSED
0.0696,0.0,5.7253,EYE_CLOSED
0.0614,0.0,6.2082,EYE_CLOSED
0.0552,0.0,5.325,EYE_CLOSED
0.0694,0.0,5.2455,EYE_CLOSED
0.0676,0.0,4.6863,EYE_CLOSED
0.0752,0.0,5.726,EYE_CLOSED
0.0676,0.0169,4.9528,EYE_CLOSED
0.0682,0.0,6.4515,EYE_CLOSED
0.0682,0.0169,6.4515,EYE_CLOSED
0.0616,0.0169,6.2136,EYE_CLOSED
0.0736,0.0,5.395,EYE_CLOSED
0.0711,0.0,5.3225,EYE_CLOSED
0.0685,0.0,5.3402,EYE_CLOSED
0.0682,0.0172,5.3225,EYE_CLOSED
0.0632,0.0,5.9479,EYE_CLOSED
0.0614,0.0169,5.4866,EYE_CLOSED
0.0564,0.0,5.4136,EYE_CLOSED
0.0641,0.0,5.7344,EYE_CLOSED
0.0641,0.0175,5.8384,EYE_CLOSED
0.0781,0.0,5.4786,EYE_CLOSED
0.0684,0.0,5.3402,EYE_CLOSED
0.065,0.0172,5.8232,EYE_CLOSED
0.0622,0.0172,5.5905,EYE_CLOSED
0.0564,0.0,5.4003,EYE_CLOSED
0.071,0.0,5.3225,EYE_CLOSED
0.0641,0.0,5.3489,EYE_CLOSED
0.0636,0.0172,5.1938,EYE_CLOSED
0.0623,0.0172,5.4786,EYE_CLOSED
0.0623,0.0,5.3144,EYE_CLOSED
0.0677,0.0,5.4786,EYE_CLOSED
0.0623,0.0,6.1322,EYE_CLOSED
0.0781,0.0,5.9701,EYE_CLOSED
0.0623,0.0167,5.0272,EYE_CLOSED
0.0693,0.0169,5.3527,EYE_CLOSED
0.0835,0.0,4.7963,EYE_CLOSED
0.0823,0.0,5.4035,EYE_CLOSED
0.0702,0.0,5.2661,EYE_CLOSED
0.0614,0.0,6.1387,EYE_CLOSED
0.0765,0.0,5.9766,EYE_CLOSED
0.0616,0.0,5.7372,EYE_CLOSED
0.0727,0.0,4.4651,EYE_CLOSED
0.0886,0.0,5.417,EYE_CLOSED
0.0769,0.0,4.7262,EYE_CLOSED
0.0711,0.0,5.0457,EYE_CLOSED
0.0728,0.0,5.4617,EYE_CLOSED
0.0694,0.0,4.8866,EYE_CLOSED
0.0632,0.0,5.4712,EYE_CLOSED
0.0632,0.0,5.2896,EYE_CLOSED
0.0675,0.0,5.9931,EYE_CLOSED
0.0768,0.0172,5.091,EYE_CLOSED
0.076,0.0,4.7744,EYE_CLOSED
0.0678,0.0,5.3745,EYE_CLOSED
0.0703,0.0,5.8985,EYE_CLOSED
0.0694,0.0172,5.3229,EYE_CLOSED
0.0693,0.0,5.4259,EYE_CLOSED
0.0752,0.0,4.6157,EYE_CLOSED
0.0772,0.0,5.1929,EYE_CLOSED
0.0623,0.0,5.5154,EYE_CLOSED
0.0703,0.0,5.9968,EYE_CLOSED
0.0641,0.0,6.0608,EYE_CLOSED
0.0641,0.0172,6.1318,EYE_CLOSED
0.0699,0.0175,5.8985,EYE_CLOSED
0.0623,0.0,5.9766,EYE_CLOSED
0.0686,0.0,5.6558,EYE_CLOSED
0.0641,0.0,5.6475,EYE_CLOSED
0.0623,0.0172,5.7207,EYE_CLOSED
0.0641,0.0,5.6502,EYE_CLOSED
0.064,0.0,6.1387,EYE_CLOSED
0.0695,0.0172,5.9766,EYE_CLOSED
0.0694,0.0,5.3229,EYE_CLOSED
0.0703,0.0,6.1387,EYE_CLOSED
0.0729,0.0172,6.1387,EYE_CLOSED
0.0732,0.0,6.1387,EYE_CLOSED
0.0767,0.0,4.9663,EYE_CLOSED
0.0693,0.0175,4.9663,EYE_CLOSED
0.0853,0.0,5.9766,EYE_CLOSED
0.0706,0.0,5.2757,EYE_CLOSED
0.0765,0.0179,5.9726,EYE_CLOSED
0.0587,0.0,5.7768,EYE_CLOSED
0.0624,0.0172,5.753,EYE_CLOSED
0.0641,0.0169,5.3613,EYE_CLOSED
0.0631,0.0,5.157,EYE_CLOSED
0.0693,0.0,4.9243,EYE_CLOSED
0.0693,0.0,4.9243,EYE_CLOSED
0.0697,0.0175,5.5001,EYE_CLOSED
0.0765,0.0,5.166,EYE_CLOSED
0.065,0.0,4.6331,EYE_CLOSED
0.0758,0.0,5.2521,EYE_CLOSED
0.0728,0.0,5.3116,EYE_CLOSED
0.0641,0.0,5.4283,EYE_CLOSED
0.0734,0.0,5.0437,EYE_CLOSED
0.0614,0.0172,5.3116,EYE_CLOSED
0.0632,0.0,5.3896,EYE_CLOSED
0.0623,0.0,5.194,EYE_CLOSED
0.0579,0.0,5.0917,EYE_CLOSED
0.0571,0.0,4.6713,EYE_CLOSED
0.0624,0.0,6.0794,EYE_CLOSED
0.0753,0.0,6.4325,EYE_CLOSED
0.0771,0.0,5.9377,EYE_CLOSED
0.0614,0.0,6.0161,EYE_CLOSED
0.0691,0.0,5.7463,EYE_CLOSED
0.0769,0.0,5.206,EYE_CLOSED
0.0631,0.0,5.3073,EYE_CLOSED
0.0634,0.0,4.8721,EYE_CLOSED
0.0755,0.0,4.6234,EYE_CLOSED
0.0614,0.0,5.2376,EYE_CLOSED
0.0631,0.0,5.5845,EYE_CLOSED
0.0793,0.0172,5.5096,EYE_CLOSED
0.0764,0.0,5.3862,EYE_CLOSED
0.0676,0.0175,5.75,EYE_CLOSED
0.0633,0.0,5.7144,EYE_CLOSED
0.0614,0.0,5.7144,EYE_CLOSED
0.0641,0.0175,5.4455,EYE_CLOSED
0.0765,0.0,5.6964,EYE_CLOSED
0.0632,0.0175,5.4641,EYE_CLOSED
0.0632,0.0175,5.4455,EYE_CLOSED
0.0712,0.0,5.2332,EYE_CLOSED
0.0632,0.0,5.4455,EYE_CLOSED
0.072,0.0175,4.6044,EYE_CLOSED
0.0702,0.0,5.3663,EYE_CLOSED
0.0677,0.0,5.4455,EYE_CLOSED
0.0694,0.0172,5.3663,EYE_CLOSED
0.0669,0.0175,5.4455,EYE_CLOSED
0.065,0.0172,5.3663,EYE_CLOSED
0.066,0.0169,5.2631,EYE_CLOSED
0.072,0.0,5.1521,EYE_CLOSED
0.0754,0.0,5.8133,EYE_CLOSED
0.0781,0.0172,4.3854,EYE_CLOSED
0.0624,0.0,4.7723,EYE_CLOSED
0.0682,0.0,4.6858,EYE_CLOSED
0.0632,0.0,5.4455,EYE_CLOSED
0.079,0.0,5.4455,EYE_CLOSED
0.0835,0.0,4.7963,EYE_CLOSED
0.0735,0.0,4.45,EYE_CLOSED
0.0752,0.0,4.452,EYE_CLOSED
0.0677,0.0,4.4394,EYE_CLOSED
0.0777,0.0,4.3854,EYE_CLOSED
0.0707,0.0,5.082,EYE_CLOSED
0.0705,0.0,5.6783,EYE_CLOSED
0.0646,0.0,5.9501,EYE_CLOSED
0.0677,0.0,5.3655,EYE_CLOSED
0.0652,0.0,4.7237,EYE_CLOSED
0.0571,0.0,5.6874,EYE_CLOSED
0.0642,0.0175,5.2638,EYE_CLOSED
0.0632,0.0,5.4367,EYE_CLOSED
0.0632,0.0248,5.6874,EYE_CLOSED
0.0564,0.0,5.6387,EYE_CLOSED
0.0757,0.0175,4.7613,EYE_CLOSED
0.0675,0.0,5.6998,EYE_CLOSED
0.0658,0.0,5.7987,EYE_CLOSED
0.0616,0.0,5.3774,EYE_CLOSED
0.0661,0.0172,5.3774,EYE_CLOSED
0.0702,0.0,5.0969,EYE_CLOSED
0.0632,0.0175,5.0336,EYE_CLOSED
0.0684,0.0,4.4576,EYE_CLOSED
0.0642,0.0,4.9804,EYE_CLOSED
0.0541,0.0,6.004,EYE_CLOSED
0.0749,0.0,4.9741,EYE_CLOSED
0.0641,0.0175,5.6829,EYE_CLOSED
0.0458,0.0175,4.1299,EYE_CLOSED
0.065,0.0,4.6018,EYE_CLOSED
0.0729,0.0167,6.0566,EYE_CLOSED
0.0643,0.0,5.874,EYE_CLOSED
0.0697,0.0172,4.9028,EYE_CLOSED
0.0614,0.0,5.4526,EYE_CLOSED
0.0687,0.0172,6.4925,EYE_CLOSED
0.0589,0.0175,5.0333,EYE_CLOSED
0.084,0.0,5.2731,EYE_CLOSED
0.0781,0.0,5.2449,EYE_CLOSED
0.0624,0.0,5.3839,EYE_CLOSED
0.0663,0.0,4.8433,EYE_CLOSED
0.0686,0.0,5.3385,EYE_CLOSED
0.0635,0.0,4.968,EYE_CLOSED
0.0604,0.0,6.4564,EYE_CLOSED
0.0559,0.0172,4.8259,EYE_CLOSED
0.0686,0.0175,4.866,EYE_CLOSED
0.0666,0.0,4.8436,EYE_CLOSED
0.0674,0.0172,5.6909,EYE_CLOSED
0.071,0.0172,5.3844,EYE_CLOSED
0.0635,0.0,5.5315,EYE_CLOSED
0.0667,0.0,4.8954,EYE_CLOSED
0.0624,0.0175,5.1807,EYE_CLOSED
0.0599,0.0175,5.0463,EYE_CLOSED
0.057,0.0248,5.1039,EYE_CLOSED
0.0641,0.0,5.4299,EYE_CLOSED
0.0633,0.0169,4.9539,EYE_CLOSED
0.0824,0.0,6.5855,EYE_CLOSED
0.0735,0.0,5.0009,EYE_CLOSED
0.0661,0.0169,5.1519,EYE_CLOSED
0.0783,0.0172,5.2653,EYE_CLOSED
0.0769,0.0172,5.3535,EYE_CLOSED
0.0762,0.0244,5.3663,EYE_CLOSED
0.0627,0.0,5.3663,EYE_CLOSED
0.0582,0.0169,5.2875,EYE_CLOSED
0.0624,0.0,5.1716,EYE_CLOSED
0.0614,0.0,5.2539,EYE_CLOSED
0.0687,0.0169,5.1859,EYE_CLOSED
0.0714,0.0169,5.4214,EYE_CLOSED
0.0632,0.0175,5.9423,EYE_CLOSED
0.0677,0.0175,5.6053,EYE_CLOSED
0.0632,0.0175,5.005,EYE_CLOSED
0.0624,0.0248,6.2806,EYE_CLOSED
0.0695,0.0,5.4018,EYE_CLOSED
0.0623,0.0,4.6989,EYE_CLOSED
0.0758,0.0,5.2056,EYE_CLOSED
0.0686,0.0,5.9279,EYE_CLOSED
0.0623,0.0,4.8459,EYE_CLOSED
0.057,0.0175,4.9606,EYE_CLOSED
0.0669,0.0,5.5506,EYE_CLOSED
0.0624,0.0,5.4867,EYE_CLOSED
0.0666,0.0172,5.2741,EYE_CLOSED
0.0713,0.0175,4.3739,EYE_CLOSED
0.0666,0.0,6.1166,EYE_CLOSED
0.0722,0.0,5.4193,EYE_CLOSED
0.0702,0.0,5.7703,EYE_CLOSED
0.0633,0.0,5.2547,EYE_CLOSED
0.0634,0.0,6.0063,EYE_CLOSED
0.0631,0.0,5.9375,EYE_CLOSED
0.0614,0.0,5.3747,EYE_CLOSED
0.0631,0.0,5.2803,EYE_CLOSED
0.0564,0.0,5.1667,EYE_CLOSED
0.0489,0.0175,5.4543,EYE_CLOSED
0.0614,0.0,5.4006,EYE_CLOSED
0.0583,0.0,5.4356,EYE_CLOSED
0.0627,0.0,5.6284,EYE_CLOSED
0.0633,0.0,5.9375,EYE_CLOSED
0.0631,0.0,5.509,EYE_CLOSED
0.072,0.0,5.3849,EYE_CLOSED
0.0535,0.0,5.3536,EYE_CLOSED
0.0678,0.0,5.8827,EYE_CLOSED
0.0609,0.0,5.6134,EYE_CLOSED
0.0616,0.0,5.0644,EYE_CLOSED
0.0814,0.0,4.9954,EYE_CLOSED
0.0747,0.0,5.1716,EYE_CLOSED
0.0697,0.0,4.5621,EYE_CLOSED
0.0706,0.0,4.4112,EYE_CLOSED
0.0724,0.0,4.5941,EYE_CLOSED
0.064,0.0,4.2919,EYE_CLOSED
0.0711,0.0,4.7696,EYE_CLOSED
0.0497,0.0,4.9307,EYE_CLOSED
0.0666,0.0,4.5759,EYE_CLOSED
0.065,0.0,4.4137,EYE_CLOSED
0.0641,0.0,5.1154,EYE_CLOSED
0.0661,0.0,4.8619,EYE_CLOSED
0.0624,0.0,4.4485,EYE_CLOSED
0.0581,0.0,5.4701,EYE_CLOSED
0.0525,0.0169,5.2867,EYE_CLOSED
0.073,0.0,5.8135,EYE_CLOSED
0.0689,0.0,5.1575,EYE_CLOSED
0.0642,0.0175,5.6582,EYE_CLOSED
0.0588,0.0,5.4745,EYE_CLOSED
0.0632,0.0,5.3274,EYE_CLOSED
0.064,0.0,4.9674,EYE_CLOSED
0.0753,0.0,4.9674,EYE_CLOSED
0.0632,0.0,5.3274,EYE_CLOSED
0.0559,0.0,4.9555,EYE_CLOSED
0.0706,0.0,4.8605,EYE_CLOSED
0.074,0.0,5.2177,EYE_CLOSED
0.0693,0.0,4.3724,EYE_CLOSED
0.0754,0.0,5.0231,EYE_CLOSED
0.0754,0.0,5.4164,EYE_CLOSED
0.0744,0.0,4.4497,EYE_CLOSED
0.0685,0.0,4.8007,EYE_CLOSED
0.0684,0.0,5.9547,EYE_CLOSED
0.0604,0.0,5.5668,EYE_CLOSED
0.0622,0.0,5.5668,EYE_CLOSED
0.069,0.0175,5.4683,EYE_CLOSED
0.064,0.0,4.8839,EYE_CLOSED
0.0666,0.0,5.2177,EYE_CLOSED
0.0712,0.0,4.6908,EYE_CLOSED
0.0686,0.0,5.0464,EYE_CLOSED
0.0711,0.0,4.5513,EYE_CLOSED
0.075,0.0,4.9621,EYE_CLOSED
0.066,0.0,4.9425,EYE_CLOSED
0.0686,0.0,5.3381,EYE_CLOSED
0.0633,0.0,5.8312,EYE_CLOSED
0.0614,0.0,5.1137,EYE_CLOSED
0.0623,0.0,6.0352,EYE_CLOSED
0.0641,0.0,5.4456,EYE_CLOSED
0.0693,0.0,4.745,EYE_CLOSED
0.0745,0.0,5.7301,EYE_CLOSED
0.0783,0.0,5.3682,EYE_CLOSED
0.058,0.0,4.9609,EYE_CLOSED
0.0698,0.0,5.6005,EYE_CLOSED
0.0828,0.0,5.7864,EYE_CLOSED
0.0766,0.0,4.394,EYE_CLOSED
0.0644,0.0,4.2705,EYE_CLOSED
0.064,0.0,6.0971,EYE_CLOSED
0.0686,0.0,4.8474,EYE_CLOSED
0.0641,0.0,4.7248,EYE_CLOSED
0.065,0.0,4.9514,EYE_CLOSED
0.0632,0.0,4.5388,EYE_CLOSED
0.0694,0.0,5.2816,EYE_CLOSED
0.0696,0.0,5.5649,EYE_CLOSED
0.065,0.0,4.801,EYE_CLOSED
0.072,0.0,4.5996,EYE_CLOSED
0.0605,0.0,4.8338,EYE_CLOSED
0.0677,0.0,4.8781,EYE_CLOSED
0.0556,0.0,5.347,EYE_CLOSED
0.069,0.0,5.8087,EYE_CLOSED
0.0703,0.0172,5.9404,EYE_CLOSED
0.069,0.0,5.6784,EYE_CLOSED
0.0544,0.0,4.5628,EYE_CLOSED
0.0562,0.0,4.5513,EYE_CLOSED
0.0616,0.0172,4.5283,EYE_CLOSED
0.0527,0.0,6.4059,EYE_CLOSED
0.0635,0.0,5.2316,EYE_CLOSED
0.0693,0.0169,5.3819,EYE_CLOSED
0.066,0.0,5.973,EYE_CLOSED
0.0707,0.0175,5.142,EYE_CLOSED
0.0526,0.0,5.3923,EYE_CLOSED
0.0466,0.0,5.5615,EYE_CLOSED
0.0693,0.0,5.3457,EYE_CLOSED
0.0477,0.0172,5.4783,EYE_CLOSED
0.0614,0.0,5.6337,EYE_CLOSED
0.0633,0.0172,5.2316,EYE_CLOSED
0.0706,0.0,4.9207,EYE_CLOSED
0.0661,0.0,5.7936,EYE_CLOSED
0.0556,0.0175,5.4931,EYE_CLOSED
0.0622,0.0,5.5649,EYE_CLOSED
0.0631,0.0,5.5649,EYE_CLOSED
0.0685,0.0,4.9823,EYE_CLOSED
0.0561,0.0,5.4982,EYE_CLOSED
0.0564,0.0,5.2316,EYE_CLOSED
0.0632,0.0,5.4279,EYE_CLOSED
0.0632,0.0175,4.2584,EYE_CLOSED
0.2403,0.7547,3.0405,YAWNING
0.247,0.7925,0.0153,YAWNING
0.2403,0.7885,8.0005,YAWNING
0.2395,0.7846,2.843,YAWNING
0.2357,0.8115,7.6623,YAWNING
0.2259,0.846,5.27,YAWNING
0.2219,0.8114,8.3252,YAWNING
0.2177,0.8271,3.2762,YAWNING
0.2161,0.863,0.7898,YAWNING
0.2298,0.8778,3.5061,YAWNING
0.2177,0.8238,5.3489,YAWNING
0.2226,0.8085,1.3877,YAWNING
0.2296,0.804,3.3178,YAWNING
0.2054,0.8462,7.904,YAWNING
0.198,0.844,3.4701,YAWNING
0.2076,0.8635,4.3746,YAWNING
0.1985,0.8271,7.9565,YAWNING
0.2075,0.8464,6.863,YAWNING
0.2227,0.8602,6.3752,YAWNING
0.2228,0.8085,5.5603,YAWNING
0.2289,0.8654,1.3879,YAWNING
0.2338,0.8303,5.1172,YAWNING
0.217,0.8304,6.341,YAWNING
0.2373,0.844,2.6677,YAWNING
0.2298,0.8234,0.7884,YAWNING
0.2304,0.8398,0.2612,YAWNING
0.2205,0.7879,1.959,YAWNING
0.2205,0.7272,1.4277,YAWNING
0.2238,0.7268,1.7535,YAWNING
0.2272,0.7089,4.3729,YAWNING
0.2235,0.6249,4.7361,YAWNING
0.2368,0.6359,5.7175,YAWNING
0.2404,0.6191,0.3019,YAWNING
0.2305,0.6225,7.2034,YAWNING
0.2308,0.6107,4.4685,YAWNING
0.2203,0.5716,7.5197,YAWNING
0.2403,0.5737,7.513,YAWNING
0.2241,0.6033,0.1369,YAWNING
0.2341,0.5817,5.1196,YAWNING
0.2278,0.5848,10.1307,YAWNING
0.2179,0.5633,0.1408,YAWNING
0.2241,0.6073,2.9126,YAWNING
0.2369,0.6547,1.0246,YAWNING
0.2268,0.648,5.8326,YAWNING
0.2238,0.6976,5.5965,YAWNING
0.2345,0.7171,2.5022,YAWNING
0.2307,0.7879,2.5112,YAWNING
0.2441,0.8402,0.4636,YAWNING
0.2409,0.8425,3.2088,YAWNING
0.2272,0.8268,2.7448,YAWNING
0.2336,0.8656,3.329,YAWNING
0.22,0.8822,2.3011,YAWNING
0.2114,0.8654,3.6302,YAWNING
0.2097,0.8432,3.3845,YAWNING
0.1964,0.854,2.939,YAWNING
0.1894,0.6908,0.6746,YAWNING
0.1842,0.7042,1.9652,YAWNING
0.1867,0.7223,1.4487,YAWNING
0.2031,0.7779,1.6303,YAWNING
0.1938,0.7405,1.3717,YAWNING
0.1951,0.7779,1.8887,YAWNING
0.2123,0.8149,1.9015,YAWNING
0.1977,0.8147,1.1041,YAWNING
0.1966,0.8182,4.1709,YAWNING
0.2149,0.7933,10.7403,YAWNING
0.2209,0.7705,2.4011,YAWNING
0.2251,0.8197,7.0778,YAWNING
0.2341,0.8665,7.8614,YAWNING
0.2348,0.8548,0.5653,YAWNING
0.2476,0.8573,0.6656,YAWNING
0.2351,0.8866,0.5797,YAWNING
0.2472,0.8729,0.6344,YAWNING
0.2354,0.8749,2.9394,YAWNING
0.2351,0.8749,0.8577,YAWNING
0.2389,0.875,1.5607,YAWNING
0.2322,0.8594,2.9814,YAWNING
0.2293,0.8461,0.7937,YAWNING
0.2415,0.8305,0.605,YAWNING
0.2419,0.8572,0.7569,YAWNING
0.2296,0.8154,0.747,YAWNING
0.2387,0.8309,0.8837,YAWNING
0.2353,0.803,0.1538,YAWNING
0.2385,0.8096,0.6596,YAWNING
0.2343,0.8254,3.3772,YAWNING
0.2256,0.8097,0.8438,YAWNING
0.2323,0.8362,1.7579,YAWNING
0.2331,0.8413,0.7625,YAWNING
0.232,0.8387,0.102,YAWNING
0.2258,0.8283,0.7804,YAWNING
0.235,0.857,0.1685,YAWNING
0.2318,0.8709,1.9939,YAWNING
0.2352,0.8854,4.3852,YAWNING
0.2382,0.8983,2.6517,YAWNING
0.2291,0.9291,2.1905,YAWNING
0.2226,0.9138,3.3538,YAWNING
0.2218,0.9311,3.4784,YAWNING
0.2249,0.8332,2.8974,YAWNING
0.2164,0.8929,1.7017,YAWNING
0.2122,0.9093,1.4241,YAWNING
0.2353,0.8595,5.5503,YAWNING
0.2087,0.8621,2.7546,YAWNING
0.2193,0.893,2.6977,YAWNING
0.2219,0.8422,2.4585,YAWNING
0.2348,0.7932,4.6353,YAWNING
0.2314,0.7795,1.6289,YAWNING
0.2341,0.8071,1.2209,YAWNING
0.2274,0.8215,4.5838,YAWNING
0.231,0.8215,4.7982,YAWNING
0.2206,0.8069,1.7267,YAWNING
0.212,0.8213,4.4197,YAWNING
0.221,0.8033,3.3536,YAWNING
0.2272,0.7717,3.0652,YAWNING
0.2414,0.7757,1.8663,YAWNING
0.2149,0.793,2.3996,YAWNING
0.2124,0.7757,0.2838,YAWNING
0.211,0.8069,1.7141,YAWNING
0.2124,0.8105,6.8695,YAWNING
0.2251,0.8275,3.3869,YAWNING
0.1983,0.8598,0.0344,YAWNING
0.2143,0.8729,3.126,YAWNING
0.2181,0.8927,3.2003,YAWNING
0.1678,0.893,4.9666,YAWNING
0.024,0.8621,4.2659,YAWNING
0.022,0.8595,6.6731,YAWNING
0.0394,0.9446,1.5856,YAWNING
0.0597,0.8909,2.126,YAWNING
0.1284,0.8772,2.2005,YAWNING
0.179,0.8749,3.3687,YAWNING
0.2028,0.8757,5.0508,YAWNING
0.2252,0.8423,3.1702,YAWNING
0.2187,0.7858,5.7736,YAWNING
0.2248,0.7674,7.7717,YAWNING
0.2219,0.7541,6.8458,YAWNING
0.2247,0.7286,5.8957,YAWNING
0.2283,0.6434,5.1553,YAWNING
0.2277,0.5941,4.4089,YAWNING
0.212,0.6041,0.0623,YAWNING
0.2143,0.581,4.2415,YAWNING
0.2256,0.4747,6.0426,YAWNING
0.2186,0.4109,6.3722,YAWNING
0.2207,0.3677,7.366,YAWNING
0.2308,0.3228,7.1714,YAWNING
0.2272,0.3439,6.6549,YAWNING
0.2339,0.3224,5.1904,YAWNING
0.2132,0.2857,5.4903,YAWNING
0.2068,0.3446,4.4387,YAWNING
0.1998,0.3688,3.8123,YAWNING
0.2235,0.3945,3.7652,YAWNING
0.1999,0.4478,3.4428,YAWNING
0.2162,0.4919,10.9982,YAWNING
0.1903,0.5395,5.34,YAWNING
0.2033,0.6176,9.3796,YAWNING
0.2092,0.6951,3.7269,YAWNING
0.2061,0.8133,3.2414,YAWNING
0.2151,0.8139,3.0225,YAWNING
0.2198,0.9019,0.9944,YAWNING
0.2226,0.9223,5.9954,YAWNING
0.2109,0.9414,6.535,YAWNING
0.2004,1.0253,8.0322,YAWNING
0.1966,1.026,3.8538,YAWNING
0.1775,1.0299,6.3211,YAWNING
0.1922,1.1003,2.8493,YAWNING
0.1899,1.0049,3.249,YAWNING
0.1936,1.1205,5.7671,YAWNING
0.2226,1.0481,6.5219,YAWNING
0.1966,1.0469,3.5673,YAWNING
0.1995,1.0035,2.8174,YAWNING
0.2017,1.0069,4.9353,YAWNING
0.1909,1.0233,1.542,YAWNING
0.178,1.0047,3.935,YAWNING
0.1974,1.0038,6.488,YAWNING
0.217,1.0038,1.0737,YAWNING
0.217,0.9593,1.1168,YAWNING
0.2067,0.8517,4.2307,YAWNING
0.1984,0.7968,2.716,YAWNING
0.1952,0.7568,5.199,YAWNING
0.1934,0.6033,3.8428,YAWNING
0.1771,0.52,8.2619,YAWNING
0.1872,0.4981,2.0437,YAWNING
0.1688,0.4353,1.2532,YAWNING
0.2024,0.3202,10.8242,YAWNING
0.2172,0.314,0.4713,YAWNING
0.2172,0.2802,6.117,YAWNING
0.1967,0.2846,4.8681,YAWNING
0.1832,0.2578,7.2101,YAWNING
0.1764,0.2405,16.8072,YAWNING
0.1992,0.1837,0.587,YAWNING
0.2205,0.1963,0.5043,YAWNING
0.2022,0.2542,0.2311,YAWNING
0.1961,0.3031,4.5568,YAWNING
0.2116,0.3331,2.4748,YAWNING
0.1884,0.3876,3.262,YAWNING
0.2145,0.3653,3.0589,YAWNING
0.2247,0.4115,3.8623,YAWNING
0.2065,0.4228,1.7338,YAWNING
0.197,0.4119,2.159,YAWNING
0.0406,0.4054,2.3392,YAWNING
0.0154,0.4601,2.5259,YAWNING
0.0147,0.5689,3.1775,YAWNING
0.0555,0.6045,0.9735,YAWNING
0.0946,0.633,1.0559,YAWNING
0.1395,0.6667,7.2197,YAWNING
0.1656,0.6668,3.2448,YAWNING
0.1934,0.6531,1.1787,YAWNING
0.1899,0.6958,2.5124,YAWNING
0.2205,0.7167,0.9522,YAWNING
0.2287,0.7159,3.2219,YAWNING
0.2507,0.702,1.9889,YAWNING
0.2471,0.708,1.6732,YAWNING
0.2192,0.7162,1.4652,YAWNING
0.2347,0.7539,2.2858,YAWNING
0.2391,0.7596,1.994,YAWNING
0.2466,0.7222,1.6736,YAWNING
0.2376,0.7172,1.7132,YAWNING
0.2274,0.7297,1.2644,YAWNING
0.243,0.7094,8.3254,YAWNING
0.2357,0.682,4.1265,YAWNING
0.2205,0.668,2.3116,YAWNING
0.2241,0.6945,4.1694,YAWNING
0.2044,0.6942,7.732,YAWNING
0.2315,0.6603,6.9529,YAWNING
0.2324,0.6593,2.1498,YAWNING
0.2473,0.6114,0.5181,YAWNING
0.243,0.5699,10.7206,YAWNING
0.2289,0.5809,0.6577,YAWNING
0.2285,0.6086,2.0677,YAWNING
0.2315,0.5867,5.5529,YAWNING
0.2322,0.5664,3.9489,YAWNING
0.2383,0.5795,0.4065,YAWNING
0.2317,0.5699,1.9702,YAWNING
0.2274,0.623,1.4706,YAWNING
0.2322,0.6814,2.7825,YAWNING
0.2185,0.6615,2.3351,YAWNING
0.2426,0.643,5.2864,YAWNING
0.2441,0.6876,1.5488,YAWNING
0.2355,0.6553,1.9323,YAWNING
0.239,0.6559,0.0521,YAWNING
0.2256,0.6545,6.8242,YAWNING
0.2575,0.6887,2.052,YAWNING
0.2427,0.6673,1.1381,YAWNING
0.2431,0.6737,2.0313,YAWNING
0.2507,0.6118,1.9285,YAWNING
0.2533,0.6228,1.8059,YAWNING
0.2434,0.5552,3.8914,YAWNING
0.2442,0.5463,2.6759,YAWNING
0.2363,0.5454,2.769,YAWNING
0.2372,0.5369,1.6156,YAWNING
0.2546,0.5002,2.2723,YAWNING
0.2507,0.5181,3.2878,YAWNING
0.238,0.4926,2.4504,YAWNING
0.2445,0.5265,2.1585,YAWNING
0.2255,0.5172,1.9857,YAWNING
0.2053,0.5093,2.7411,YAWNING
0.1807,0.5262,3.5568,YAWNING
0.1693,0.5262,3.8159,YAWNING
0.1815,0.5256,1.6982,YAWNING
0.1821,0.5438,1.4016,YAWNING
0.1632,0.5451,0.9951,YAWNING
0.165,0.5263,2.2277,YAWNING
0.1523,0.534,1.4871,YAWNING
0.1342,0.5085,2.5304,YAWNING
0.1355,0.5088,2.906,YAWNING
0.1227,0.5088,2.5946,YAWNING
0.1682,0.5356,2.4613,YAWNING
0.1421,0.5451,2.4516,YAWNING
0.1272,0.5272,2.8223,YAWNING
0.1082,0.5451,2.5741,YAWNING
0.0367,0.57,3.085,YAWNING
0.0231,0.6105,2.8213,YAWNING
0.0263,0.6175,2.5512,YAWNING
0.0388,0.6251,2.6089,YAWNING
0.1165,0.66,2.3987,YAWNING
0.1934,0.6666,1.3705,YAWNING
0.2236,0.6965,1.9899,YAWNING
0.2336,0.732,1.7098,YAWNING
0.2419,0.7499,3.0491,YAWNING
0.2441,0.7497,2.7504,YAWNING
0.251,0.7368,2.7804,YAWNING
0.2436,0.7819,3.1217,YAWNING
0.2438,0.684,3.3561,YAWNING
0.2303,0.6773,3.1948,YAWNING
0.2505,0.6715,3.4337,YAWNING
0.254,0.6724,3.2047,YAWNING
0.2512,0.6213,2.8716,YAWNING
0.2272,0.6244,2.2216,YAWNING
0.234,0.6427,2.04,YAWNING
0.244,0.6251,2.7727,YAWNING
0.2305,0.6659,2.7108,YAWNING
0.2373,0.6665,2.3755,YAWNING
0.2338,0.6362,2.9547,YAWNING
0.2368,0.6041,2.5825,YAWNING
0.2479,0.6725,2.9721,YAWNING
0.2436,0.627,2.5612,YAWNING
0.2442,0.6493,1.9651,YAWNING
0.2441,0.6788,1.2142,YAWNING
0.2573,0.655,1.7733,YAWNING
0.2542,0.6612,1.2038,YAWNING
0.2374,0.6892,4.2422,YAWNING
0.2378,0.7076,1.7079,YAWNING
0.2474,0.6843,2.1423,YAWNING
0.2378,0.6726,1.6511,YAWNING
0.2474,0.6843,2.0924,YAWNING
0.2412,0.6725,3.7244,YAWNING
0.2211,0.6611,2.0443,YAWNING
0.2343,0.6501,1.4236,YAWNING
0.2372,0.6505,1.931,YAWNING
0.2344,0.6609,1.8682,YAWNING
0.2302,0.6725,2.218,YAWNING
0.2308,0.6725,1.4154,YAWNING
0.237,0.6553,2.3759,YAWNING
0.2313,0.6381,1.8079,YAWNING
0.2309,0.611,2.3,YAWNING
0.2274,0.6216,2.214,YAWNING
0.2278,0.6008,2.3576,YAWNING
0.2307,0.6216,2.2306,YAWNING
0.2307,0.6111,2.1804,YAWNING
0.2404,0.5942,2.4004,YAWNING
0.2346,0.5177,2.8425,YAWNING
0.2412,0.5343,3.6717,YAWNING
0.2476,0.4941,4.3594,YAWNING
0.2376,0.4859,4.3895,YAWNING
0.2444,0.4941,4.722,YAWNING
0.2411,0.4361,4.7346,YAWNING
0.2599,0.3946,5.6422,YAWNING
0.2474,0.3241,5.1362,YAWNING
0.2674,0.292,5.7448,YAWNING
0.2537,0.248,4.9465,YAWNING
0.249,0.2348,4.6476,YAWNING
0.2594,0.1698,4.9446,YAWNING
0.264,0.1384,4.0144,YAWNING
0.2551,0.1077,4.0402,YAWNING
0.2474,0.1212,4.9694,YAWNING
0.2546,0.1045,4.9566,YAWNING
0.2547,0.1045,4.9566,YAWNING
0.2558,0.1351,5.1808,YAWNING
0.2524,0.1514,5.662,YAWNING
0.2479,0.2006,4.9796,YAWNING
0.249,0.2661,4.5402,YAWNING
0.2451,0.2908,3.6427,YAWNING
0.2451,0.3337,3.639,YAWNING
0.2477,0.3458,4.3722,YAWNING
0.232,0.4512,4.0085,YAWNING
0.2352,0.4676,4.4386,YAWNING
0.2341,0.5509,3.6408,YAWNING
0.2309,0.5964,3.2715,YAWNING
0.2242,0.6497,3.0416,YAWNING
0.2482,0.6427,2.3775,YAWNING
0.2474,0.6787,2.9185,YAWNING
0.2352,0.6665,2.7487,YAWNING
0.2341,0.66,3.2785,YAWNING
0.2348,0.6791,3.0093,YAWNING
0.2417,0.6729,3.3917,YAWNING
0.1973,0.7147,3.3758,YAWNING
0.166,0.6842,4.2074,YAWNING
0.1685,0.7208,3.5239,YAWNING
0.1405,0.7325,4.4355,YAWNING
0.1425,0.7676,4.6196,YAWNING
0.1488,0.7535,4.3772,YAWNING
0.1614,0.7411,4.355,YAWNING
0.155,0.7417,4.505,YAWNING
0.0832,0.7411,3.6725,YAWNING
0.0383,0.7717,4.5417,YAWNING
0.0263,0.8033,5.0839,YAWNING
0.0306,0.8242,3.8793,YAWNING
0.0415,0.7967,4.8446,YAWNING
0.1026,0.8246,0.5148,YAWNING
0.1792,0.8421,0.1312,YAWNING
0.2143,0.8597,5.194,YAWNING
0.2279,0.8929,8.5917,YAWNING
0.2079,0.8948,0.416,YAWNING
0.2278,0.9286,8.4452,YAWNING
0.2215,0.9443,0.1036,YAWNING
0.2211,0.9286,7.9232,YAWNING
0.2377,0.9117,2.7769,YAWNING
0.2374,0.9286,7.2346,YAWNING
0.2312,0.9278,4.0839,YAWNING
0.2443,0.9445,6.201,YAWNING
0.2308,0.9423,7.8298,YAWNING
0.2235,0.9464,2.1598,YAWNING
0.2177,0.9273,5.6586,YAWNING
0.2207,0.9806,5.6588,YAWNING
0.2086,1.0196,6.3267,YAWNING
0.1794,0.9273,0.0348,YAWNING
0.1561,0.9093,6.5209,YAWNING
0.1509,0.9089,1.4446,YAWNING
0.1437,0.8911,4.2606,YAWNING
0.1417,0.8925,6.8702,YAWNING
0.1508,0.9085,3.3826,YAWNING
0.1286,0.857,0.72,YAWNING
0.1289,0.8388,2.0251,YAWNING
0.1219,0.8067,1.65,YAWNING
0.1181,0.789,2.2032,YAWNING
0.1189,0.818,0.7775,YAWNING
0.1063,0.8033,0.9571,YAWNING
0.0985,0.8033,0.9026,YAWNING
0.0984,0.7892,0.3369,YAWNING
0.114,0.7995,0.6239,YAWNING
0.0489,0.7815,6.8709,YAWNING
0.0313,0.7682,1.4955,YAWNING
0.0288,0.7858,0.1592,YAWNING
0.0477,0.8001,3.7573,YAWNING
0.1308,0.7858,0.3761,YAWNING
0.1752,0.7679,5.3322,YAWNING
0.211,0.7239,4.1267,YAWNING
0.2244,0.7245,3.5287,YAWNING
0.2279,0.7067,1.7036,YAWNING
0.2411,0.6942,1.8632,YAWNING
0.244,0.7412,0.0483,YAWNING
0.2372,0.7542,2.5304,YAWNING
0.237,0.7417,1.7368,YAWNING
0.2305,0.7547,0.1824,YAWNING
0.2373,0.7245,2.548,YAWNING
0.2337,0.7245,2.2878,YAWNING
0.2376,0.7191,2.1904,YAWNING
0.2376,0.7239,2.2651,YAWNING
0.2408,0.7377,2.6114,YAWNING
0.2295,0.6896,3.7196,YAWNING
0.237,0.6773,3.3517,YAWNING
0.2372,0.6485,3.8101,YAWNING
0.2274,0.649,4.121,YAWNING
0.2279,0.6208,4.6926,YAWNING
0.2479,0.5503,5.1516,YAWNING
0.234,0.5163,5.4919,YAWNING
0.2468,0.5008,4.9097,YAWNING
0.2541,0.5085,4.9552,YAWNING
0.2369,0.4752,6.3812,YAWNING
0.2303,0.4417,6.2549,YAWNING
0.2348,0.4419,6.659,YAWNING
0.2378,0.451,7.4244,YAWNING
0.2328,0.4152,6.7755,YAWNING
0.236,0.366,7.861,YAWNING
0.2419,0.4056,7.0444,YAWNING
0.2497,0.3709,6.8945,YAWNING
0.2454,0.4061,7.6079,YAWNING
0.2453,0.4454,5.8112,YAWNING
0.2446,0.4454,6.3408,YAWNING
0.241,0.4765,5.8375,YAWNING
0.2324,0.4847,5.9372,YAWNING
0.2428,0.558,6.027,YAWNING
0.2357,0.6008,5.0342,YAWNING
0.2413,0.6074,4.8277,YAWNING
0.2447,0.6449,4.6742,YAWNING
0.2346,0.6732,4.0153,YAWNING
0.2378,0.6784,4.1868,YAWNING
0.2342,0.6956,4.282,YAWNING
0.2512,0.7551,2.7589,YAWNING
0.2273,0.7721,4.1239,YAWNING
0.2342,0.7897,1.6303,YAWNING
0.2282,0.8071,0.3995,YAWNING
0.2309,0.8036,0.0609,YAWNING
0.227,0.8036,0.0987,YAWNING
0.2134,0.8071,2.0153,YAWNING
0.2313,0.8072,0.458,YAWNING
0.2343,0.7766,0.2803,YAWNING
0.2281,0.7726,0.6836,YAWNING
0.217,0.7765,2.1598,YAWNING
0.227,0.7901,0.4518,YAWNING
0.1888,0.7634,0.6181,YAWNING
0.029,0.8042,1.1628,YAWNING
0.035,0.7759,8.0898,YAWNING
0.0313,0.7932,0.4306,YAWNING
0.0997,0.7937,4.5156,YAWNING
0.1869,0.7803,1.8037,YAWNING
0.2073,0.7803,0.1219,YAWNING
0.211,0.8086,2.7853,YAWNING
0.2311,0.7939,1.3325,YAWNING
0.2311,0.7766,0.836,YAWNING
0.2277,0.7937,1.0773,YAWNING
0.2245,0.837,1.0354,YAWNING
0.2245,0.8077,1.3422,YAWNING
0.2343,0.8222,1.2913,YAWNING
0.2343,0.8222,1.5687,YAWNING
0.2343,0.7939,1.5754,YAWNING
0.2275,0.7939,1.5754,YAWNING
0.2343,0.7766,1.2294,YAWNING
0.2203,0.8262,0.4777,YAWNING
0.2302,0.8111,4.4673,YAWNING
0.2156,0.8291,0.7164,YAWNING
0.2155,0.812,4.4757,YAWNING
0.2199,0.7948,4.8032,YAWNING
0.2169,0.811,2.1397,YAWNING
0.2072,0.8463,2.1397,YAWNING
0.21,0.8624,2.177,YAWNING
0.1962,0.8602,6.6272,YAWNING
0.2057,0.8319,1.6074,YAWNING
0.211,0.8807,3.1774,YAWNING
0.2103,0.8953,0.4009,YAWNING
0.2031,0.9138,0.9271,YAWNING
0.1956,0.9153,1.1919,YAWNING
0.2004,0.8971,1.7824,YAWNING
0.1961,0.9144,2.1446,YAWNING
0.2169,0.9648,0.3228,YAWNING
0.2072,0.9648,3.1127,YAWNING
0.1959,0.9648,0.6963,YAWNING
0.1963,0.965,2.8263,YAWNING
0.1978,0.9474,0.1695,YAWNING
0.2045,0.9483,2.386,YAWNING
0.2044,0.9484,2.2796,YAWNING
0.2164,1.017,1.317,YAWNING
0.1936,1.0356,0.1328,YAWNING
0.208,1.035,1.1378,YAWNING
0.2135,1.0364,1.3379,YAWNING
0.2164,1.0,0.0298,YAWNING
0.2065,1.0522,2.0024,YAWNING
0.2033,1.035,6.5053,YAWNING
0.2045,1.0709,6.9089,YAWNING
0.2133,1.0887,1.348,YAWNING
0.193,1.0709,3.4735,YAWNING
0.1527,1.1271,2.5359,YAWNING
0.0163,1.0521,2.5239,YAWNING
0.0199,1.0531,2.0098,YAWNING
0.0346,1.0526,2.1984,YAWNING
0.1195,1.1066,1.729,YAWNING
0.1791,1.1085,1.9887,YAWNING
0.2087,1.0694,3.4315,YAWNING
0.2133,1.0531,6.4592,YAWNING
0.2274,1.0521,3.3663,YAWNING
0.2167,1.0876,4.1655,YAWNING
0.2306,1.0536,0.1261,YAWNING
0.2278,1.0719,2.8442,YAWNING
0.2067,1.0535,4.7701,YAWNING
0.2167,1.054,2.2047,YAWNING
0.2171,1.0883,5.091,YAWNING
0.2306,1.0183,6.5998,YAWNING
0.2299,1.0008,3.0195,YAWNING
0.2176,1.0186,4.4559,YAWNING
0.2208,1.0181,10.7433,YAWNING
0.2142,1.019,0.5984,YAWNING
0.2345,0.9648,3.4955,YAWNING
0.2344,0.9323,0.8465,YAWNING
0.231,0.9158,1.6124,YAWNING
0.2103,0.9307,2.7825,YAWNING
0.2278,0.9312,2.6741,YAWNING
0.2434,0.9662,2.326,YAWNING
0.2241,0.9488,6.7316,YAWNING
0.2277,0.9165,1.8719,YAWNING
0.2245,0.9656,0.1292,YAWNING
0.2142,0.9323,2.3667,YAWNING
0.2241,0.9496,1.5089,YAWNING
0.2175,0.9663,1.7083,YAWNING
0.2208,0.9666,2.1603,YAWNING
0.2075,0.9668,1.1414,YAWNING
0.227,0.9179,2.0735,YAWNING
0.2201,0.9342,2.6228,YAWNING
0.208,0.8865,2.7137,YAWNING
0.2009,0.9029,1.3192,YAWNING
0.2076,0.9495,2.6394,YAWNING
0.2242,0.9504,1.7737,YAWNING
0.2071,0.9833,1.6295,YAWNING
0.2074,0.9837,6.3612,YAWNING
0.2043,0.9668,1.0535,YAWNING
0.2113,0.9668,0.8092,YAWNING
0.2147,0.9495,1.6978,YAWNING
0.208,0.9668,1.6978,YAWNING
0.208,0.9345,1.1631,YAWNING
0.2055,0.9668,0.6836,YAWNING
0.2048,0.9335,0.8841,YAWNING
0.2048,0.9495,1.037,YAWNING
0.2039,0.9674,1.412,YAWNING
0.1973,0.9342,3.024,YAWNING
0.2004,0.95,1.1432,YAWNING
0.2014,0.9669,1.1432,YAWNING
0.2076,0.95,0.7817,YAWNING
0.1982,0.95,0.4916,YAWNING
0.1916,0.9835,0.5427,YAWNING
0.1977,0.9669,0.5625,YAWNING
0.1911,0.9835,1.5107,YAWNING
0.1942,1.018,2.6078,YAWNING
0.1834,1.0175,2.9372,YAWNING
0.1902,1.0524,1.1324,YAWNING
0.1843,1.0172,8.0963,YAWNING
0.1947,1.0352,2.0131,YAWNING
0.1882,1.0007,3.1204,YAWNING
0.185,1.0176,0.7371,YAWNING
0.1781,1.0354,2.3151,YAWNING
0.1809,1.0176,2.7337,YAWNING
0.1737,1.0354,2.0081,YAWNING
0.1808,1.0696,0.8511,YAWNING
0.1673,1.0526,4.0972,YAWNING
0.1655,1.0517,3.8615,YAWNING
0.1673,1.0161,0.3464,YAWNING
0.1645,1.0161,0.4157,YAWNING
0.1668,1.0498,7.8716,YAWNING
0.1543,1.0482,1.7334,YAWNING
0.1534,1.0491,0.3617,YAWNING
0.1621,1.0814,0.0289,YAWNING
0.1468,1.0321,2.4189,YAWNING
0.1481,1.0,10.071,YAWNING
0.1455,1.0,3.1568,YAWNING
0.1718,0.9994,4.7503,YAWNING
0.1718,1.0161,9.6467,YAWNING
0.1695,1.0161,1.0586,YAWNING
0.1602,0.9839,0.0915,YAWNING
0.1485,0.9677,0.8113,YAWNING
0.1429,0.9839,4.3195,YAWNING
0.0387,1.0,0.2979,YAWNING
0.0327,1.0,0.1237,YAWNING
0.0222,0.9677,2.1718,YAWNING
0.0387,0.8183,2.3362,YAWNING
0.0791,0.6817,2.6758,YAWNING
0.147,0.5719,1.1277,YAWNING
0.1877,0.4196,2.4469,YAWNING
0.2106,0.2149,3.2364,YAWNING
0.224,0.1453,4.8116,YAWNING
0.2203,0.1322,6.389,YAWNING
0.2365,0.093,6.5715,YAWNING
0.2422,0.1061,7.7267,YAWNING
0.2333,0.055,7.87,YAWNING
0.2349,0.0533,8.1908,YAWNING
0.2496,0.0542,8.6172,YAWNING
0.2423,0.0131,8.5213,YAWNING
0.2532,0.0,9.6868,YAWNING
0.2586,0.0,10.5386,YAWNING
0.249,0.0,10.5714,YAWNING
0.2661,0.0,10.8064,YAWNING
0.2636,0.0166,1.4509,HEAD_DROP
0.2643,0.0172,1.555,HEAD_DROP
0.2709,0.0526,2.0831,HEAD_DROP
0.2574,0.0333,2.1843,HEAD_DROP
0.2594,0.0344,2.4463,HEAD_DROP
0.2618,0.071,2.71,HEAD_DROP
0.244,0.035,3.5978,HEAD_DROP
0.2702,0.0248,4.8469,HEAD_DROP
0.2834,0.0,7.1398,HEAD_DROP
0.2794,0.0178,9.0297,HEAD_DROP
0.2776,0.0,10.9462,HEAD_DROP
0.3057,0.0,11.5401,HEAD_DROP
0.3295,0.0,12.6033,HEAD_DROP
0.333,0.0178,14.6952,HEAD_DROP
0.3557,0.0,15.9716,HEAD_DROP
0.3429,0.0,18.9492,HEAD_DROP
0.3397,0.0175,20.3086,HEAD_DROP
0.3235,0.0,20.8664,HEAD_DROP
0.2994,0.0,24.721,HEAD_DROP
0.3028,0.0,24.5548,HEAD_DROP
0.3087,0.0172,26.9726,HEAD_DROP
0.2916,0.0169,26.5704,HEAD_DROP
0.3077,0.0167,25.6857,HEAD_DROP
0.3053,0.0,25.6707,HEAD_DROP
0.3204,0.0167,25.4055,HEAD_DROP
0.2864,0.0,25.7906,HEAD_DROP
0.2254,0.0175,24.4535,HEAD_DROP
0.1835,0.0,26.5884,HEAD_DROP
0.1995,0.0,25.9596,HEAD_DROP
0.1849,0.0224,24.6934,HEAD_DROP
0.1778,0.0175,26.0563,HEAD_DROP
0.1786,0.0,23.5222,HEAD_DROP
0.199,0.0,24.2752,HEAD_DROP
0.2044,0.0189,27.7935,HEAD_DROP
0.1967,0.0182,23.6308,HEAD_DROP
0.1727,0.0169,30.4186,HEAD_DROP
0.1991,0.0169,31.9942,HEAD_DROP
0.2051,0.0172,31.3194,HEAD_DROP
0.2034,0.0,31.5076,HEAD_DROP
0.2121,0.0156,37.0012,HEAD_DROP
0.1973,0.0171,37.3614,HEAD_DROP
0.1988,0.0,36.5896,HEAD_DROP
0.2026,0.0169,37.8729,HEAD_DROP
0.1956,0.0,37.3798,HEAD_DROP
0.2036,0.0166,36.7416,HEAD_DROP
0.199,0.0,38.1788,HEAD_DROP
0.1805,0.0,33.9288,HEAD_DROP
0.1932,0.0,35.3604,HEAD_DROP
0.1885,0.0,33.0848,HEAD_DROP
0.2002,0.0,34.4499,HEAD_DROP
0.2027,0.0,36.6594,HEAD_DROP
0.2048,0.0161,40.7105,HEAD_DROP
0.1781,0.0,38.955,HEAD_DROP
0.1799,0.0166,39.4005,HEAD_DROP
0.1782,0.0169,38.708,HEAD_DROP
0.1925,0.0172,36.2135,HEAD_DROP
0.2053,0.0166,37.2392,HEAD_DROP
0.1833,0.0169,37.7888,HEAD_DROP
0.1893,0.0172,36.2066,HEAD_DROP
0.1986,0.0,32.1164,HEAD_DROP
0.1921,0.0,36.2091,HEAD_DROP
0.2066,0.0169,37.6116,HEAD_DROP
0.1945,0.0,35.5366,HEAD_DROP
0.1775,0.0166,37.2475,HEAD_DROP
0.1931,0.0235,38.1248,HEAD_DROP
0.1975,0.0235,37.2313,HEAD_DROP
0.1903,0.0167,34.6147,HEAD_DROP
0.1981,0.0166,35.4816,HEAD_DROP
0.1974,0.0,34.9698,HEAD_DROP
0.1984,0.0164,33.0977,HEAD_DROP
0.2077,0.0,32.8395,HEAD_DROP
0.1932,0.0,31.8132,HEAD_DROP
0.1903,0.0,34.6939,HEAD_DROP
0.1949,0.0169,36.3031,HEAD_DROP
0.1933,0.0,35.5944,HEAD_DROP
0.2019,0.0,36.3087,HEAD_DROP
0.2048,0.0164,35.1932,HEAD_DROP
0.1969,0.0,38.6496,HEAD_DROP
0.1989,0.0,36.0066,HEAD_DROP
0.2041,0.0,35.7357,HEAD_DROP
0.1999,0.0,34.4555,HEAD_DROP
0.1861,0.0169,33.6296,HEAD_DROP
0.2014,0.0,34.4609,HEAD_DROP
0.2013,0.0164,33.2481,HEAD_DROP
0.186,0.0224,31.0281,HEAD_DROP
0.1589,0.0159,27.1864,HEAD_DROP
0.1927,0.0,33.17,HEAD_DROP
0.1867,0.0156,29.5626,HEAD_DROP
0.1733,0.0149,26.8503,HEAD_DROP
0.1739,0.0151,28.3641,HEAD_DROP
0.1796,0.0149,31.694,HEAD_DROP
0.1771,0.0151,31.9152,HEAD_DROP
0.1386,0.0,29.2435,HEAD_DROP
0.1655,0.0,30.3977,HEAD_DROP
0.1463,0.0,30.4569,HEAD_DROP
0.1638,0.0,26.8496,HEAD_DROP
0.1895,0.0156,33.7512,HEAD_DROP
0.1684,0.0,27.0258,HEAD_DROP
0.185,0.0,29.1153,HEAD_DROP
0.1969,0.0169,32.1973,HEAD_DROP
0.1843,0.0,30.4144,HEAD_DROP
0.2016,0.0,28.3789,HEAD_DROP
0.2029,0.0,29.9837,HEAD_DROP
0.2001,0.0,30.7541,HEAD_DROP
0.2007,0.0,29.1916,HEAD_DROP
0.1999,0.0,28.8698,HEAD_DROP
0.1927,0.0,28.0184,HEAD_DROP
0.193,0.0,30.4728,HEAD_DROP
0.194,0.0,31.113,HEAD_DROP
0.1939,0.0,30.2787,HEAD_DROP
0.1863,0.0172,29.6105,HEAD_DROP
0.1949,0.0,29.8337,HEAD_DROP
0.195,0.0,31.7503,HEAD_DROP
0.2057,0.0,30.3264,HEAD_DROP
0.1911,0.0,33.3495,HEAD_DROP
0.2015,0.0,33.0489,HEAD_DROP
0.1959,0.0,32.9405,HEAD_DROP
0.1864,0.0,34.0006,HEAD_DROP
0.2128,0.0,32.2538,HEAD_DROP
0.1935,0.0,32.0518,HEAD_DROP
0.193,0.0175,32.7344,HEAD_DROP
0.1962,0.0,34.1936,HEAD_DROP
0.1937,0.0,33.1619,HEAD_DROP
0.2118,0.0,32.9463,HEAD_DROP
0.1889,0.0169,32.5195,HEAD_DROP
0.1918,0.0169,33.8107,HEAD_DROP
0.1802,0.0,33.5354,HEAD_DROP
0.1979,0.0,32.8273,HEAD_DROP
0.2024,0.0169,34.5499,HEAD_DROP
0.2079,0.0172,32.9373,HEAD_DROP
0.2044,0.0172,32.4449,HEAD_DROP
0.2108,0.0167,33.3146,HEAD_DROP
0.2013,0.0,33.0362,HEAD_DROP
0.1969,0.0172,33.6784,HEAD_DROP
0.1944,0.0,33.0236,HEAD_DROP
0.2016,0.0,32.3559,HEAD_DROP
0.1909,0.0,32.72,HEAD_DROP
0.1974,0.0167,32.3459,HEAD_DROP
0.2022,0.0,31.3829,HEAD_DROP
0.1966,0.0,33.2066,HEAD_DROP
0.1923,0.0,35.2695,HEAD_DROP
0.1952,0.0,34.6155,HEAD_DROP
0.2205,0.0164,35.7154,HEAD_DROP
0.203,0.0,34.5609,HEAD_DROP
0.1964,0.0236,34.4958,HEAD_DROP
0.1969,0.0,34.1994,HEAD_DROP
0.2043,0.0169,34.7351,HEAD_DROP
0.2123,0.0175,33.6796,HEAD_DROP
0.2007,0.0169,32.1769,HEAD_DROP
0.19,0.0,33.0418,HEAD_DROP
0.2083,0.0,35.8925,HEAD_DROP
0.1998,0.0,35.0846,HEAD_DROP
0.1972,0.0,34.8869,HEAD_DROP
0.2015,0.0,35.0744,HEAD_DROP
0.2015,0.0,35.1223,HEAD_DROP
0.2081,0.0169,35.8275,HEAD_DROP
0.2017,0.0,34.209,HEAD_DROP
0.1998,0.0,34.0071,HEAD_DROP
0.1979,0.0,34.6421,HEAD_DROP
0.194,0.0,35.5884,HEAD_DROP
0.1818,0.0236,32.6148,HEAD_DROP
0.1903,0.0159,34.16,HEAD_DROP
0.1983,0.0164,35.498,HEAD_DROP
0.1872,0.0,36.508,HEAD_DROP
0.2044,0.0,35.961,HEAD_DROP
0.2021,0.0164,33.9173,HEAD_DROP
0.1949,0.0,33.5741,HEAD_DROP
0.1993,0.0236,34.5701,HEAD_DROP
0.2075,0.0,34.261,HEAD_DROP
0.195,0.0,34.3796,HEAD_DROP
0.1952,0.0169,34.5137,HEAD_DROP
0.1892,0.0,35.744,HEAD_DROP
0.1654,0.0169,31.8088,HEAD_DROP
0.1984,0.0,33.0342,HEAD_DROP
0.2027,0.0,31.9949,HEAD_DROP
0.1331,0.0,30.6969,HEAD_DROP
0.2255,0.02,28.4849,HEAD_DROP
0.171,0.0178,31.0078,HEAD_DROP
0.1635,0.0228,32.7255,HEAD_DROP
0.1354,0.0,28.423,HEAD_DROP
0.2059,0.0,34.426,HEAD_DROP
0.1944,0.0164,30.6117,HEAD_DROP
0.1925,0.0172,32.1063,HEAD_DROP
0.1882,0.0,30.9283,HEAD_DROP
0.1701,0.0178,32.0134,HEAD_DROP
0.1704,0.0,29.2962,HEAD_DROP
0.2109,0.0167,27.4529,HEAD_DROP
0.2519,0.0,27.485,HEAD_DROP
0.2455,0.0,26.6729,HEAD_DROP
0.2614,0.0,24.9054,HEAD_DROP
0.2808,0.0167,25.4201,HEAD_DROP
0.2837,0.0161,25.2199,HEAD_DROP
0.2842,0.0167,24.6861,HEAD_DROP
0.2945,0.0169,25.8624,HEAD_DROP
0.286,0.0,26.7379,HEAD_DROP
0.2993,0.0164,28.3675,HEAD_DROP
0.2881,0.0,26.6705,HEAD_DROP
0.3107,0.0164,26.9345,HEAD_DROP
0.2938,0.0,26.583,HEAD_DROP
0.3023,0.0164,25.7655,HEAD_DROP
0.3067,0.0169,25.414,HEAD_DROP
0.2984,0.0,25.5432,HEAD_DROP
0.2858,0.0161,26.4168,HEAD_DROP
0.2896,0.0167,27.3842,HEAD_DROP
0.2767,0.0,26.1968,HEAD_DROP
0.2785,0.0166,27.038,HEAD_DROP
0.2276,0.0166,25.2493,HEAD_DROP
0.2195,0.0,29.8522,HEAD_DROP
0.173,0.0,26.874,HEAD_DROP
0.2083,0.0,31.5218,HEAD_DROP
0.1884,0.0248,30.8442,HEAD_DROP
0.1836,0.0,29.788,HEAD_DROP
0.2008,0.0178,34.5946,HEAD_DROP
0.1498,0.0164,28.8372,HEAD_DROP
0.1541,0.0,30.8453,HEAD_DROP
0.1621,0.0,29.7786,HEAD_DROP
0.1908,0.0149,29.8128,HEAD_DROP
0.2008,0.0154,35.254,HEAD_DROP
0.1848,0.0224,37.6662,HEAD_DROP
0.1802,0.0161,25.0309,HEAD_DROP
0.2053,0.0,25.809,HEAD_DROP
0.2116,0.0169,30.371,HEAD_DROP
0.1849,0.0,29.1919,HEAD_DROP
0.2044,0.0172,28.5814,HEAD_DROP
0.1974,0.0,26.8121,HEAD_DROP
0.1676,0.0172,24.3851,HEAD_DROP
0.1809,0.0,24.2551,HEAD_DROP
0.1829,0.0,23.3469,HEAD_DROP
0.1992,0.0,22.1276,HEAD_DROP
0.1809,0.0175,22.8681,HEAD_DROP
0.1847,0.0,20.6463,HEAD_DROP
0.1585,0.0,20.5707,HEAD_DROP
0.1738,0.0,21.6162,HEAD_DROP
0.1669,0.0,19.1838,HEAD_DROP
0.1867,0.0,19.4967,HEAD_DROP
0.177,0.0,18.8768,HEAD_DROP
0.1717,0.0,18.7727,HEAD_DROP
0.1859,0.0,18.9583,HEAD_DROP
0.1607,0.0,18.1036,HEAD_DROP
0.172,0.0,17.5473,HEAD_DROP
0.1805,0.0171,17.9973,HEAD_DROP
0.1832,0.017,19.1931,HEAD_DROP
0.1967,0.0,18.3016,HEAD_DROP
0.1895,0.0,20.2869,HEAD_DROP
0.1757,0.0,19.6913,HEAD_DROP
0.1747,0.0,19.9866,HEAD_DROP
0.1763,0.0,21.8154,HEAD_DROP
0.1691,0.0,23.3614,HEAD_DROP
0.1964,0.0,23.5417,HEAD_DROP
0.1504,0.0,25.0198,HEAD_DROP
0.1696,0.0192,25.4519,HEAD_DROP
0.1576,0.0,26.9076,HEAD_DROP
0.1792,0.0188,24.2709,HEAD_DROP
0.1627,0.0188,26.0342,HEAD_DROP
0.166,0.0194,27.2205,HEAD_DROP
0.1551,0.0194,26.5958,HEAD_DROP
0.1707,0.0259,24.8786,HEAD_DROP
0.1851,0.0175,21.699,HEAD_DROP
0.1769,0.0,28.5729,HEAD_DROP
0.1491,0.0,31.2554,HEAD_DROP
0.1742,0.0,30.163,HEAD_DROP
0.1976,0.0,33.3353,HEAD_DROP
0.2225,0.0186,33.8605,HEAD_DROP
0.2049,0.0,31.9637,HEAD_DROP
0.2173,0.0,33.4994,HEAD_DROP
0.2123,0.0,33.0654,HEAD_DROP
0.2325,0.0,36.0242,HEAD_DROP
0.2219,0.0192,39.0377,HEAD_DROP
0.2062,0.0196,37.9044,HEAD_DROP
0.2272,0.0,36.7021,HEAD_DROP
0.1951,0.0,32.2875,HEAD_DROP
0.1975,0.0188,40.4917,HEAD_DROP
0.175,0.0,37.2629,HEAD_DROP
0.1821,0.0,36.2928,HEAD_DROP
0.1898,0.0194,34.9251,HEAD_DROP
0.2056,0.0,37.33,HEAD_DROP
0.1977,0.0,37.5174,HEAD_DROP
0.1836,0.0185,34.8345,HEAD_DROP
0.1996,0.0,35.084,HEAD_DROP
0.2115,0.0,35.5052,HEAD_DROP
0.2054,0.0,36.344,HEAD_DROP
0.1826,0.0,36.978,HEAD_DROP
0.1835,0.0,36.9855,HEAD_DROP
0.1999,0.0,34.9412,HEAD_DROP
0.1969,0.0,33.834,HEAD_DROP
0.1866,0.0179,34.3249,HEAD_DROP
0.1976,0.0,36.1906,HEAD_DROP
0.1819,0.0,35.5639,HEAD_DROP
0.1853,0.0,37.4319,HEAD_DROP
0.1913,0.0,36.8087,HEAD_DROP
0.1818,0.0,36.7531,HEAD_DROP
0.1882,0.0,34.9276,HEAD_DROP
0.1687,0.0,33.8344,HEAD_DROP
0.1655,0.0,34.9416,HEAD_DROP
0.1981,0.0,35.976,HEAD_DROP
0.1896,0.0,36.6068,HEAD_DROP
0.1898,0.0187,36.1921,HEAD_DROP
0.1939,0.0,34.8195,HEAD_DROP
0.1918,0.0188,36.1274,HEAD_DROP
0.1792,0.0,33.5958,HEAD_DROP
0.1862,0.0,32.5571,HEAD_DROP
0.1733,0.0185,34.2914,HEAD_DROP
0.1853,0.0,34.7428,HEAD_DROP
0.175,0.0187,35.7197,HEAD_DROP
0.18,0.0,35.0245,HEAD_DROP
0.1813,0.0,34.7529,HEAD_DROP
0.168,0.0182,31.9334,HEAD_DROP
0.182,0.0,35.5875,HEAD_DROP
0.1804,0.0,34.6333,HEAD_DROP
0.1927,0.0188,35.6954,HEAD_DROP
0.1806,0.0,33.8843,HEAD_DROP
0.1801,0.0,35.814,HEAD_DROP
0.1911,0.0189,36.1748,HEAD_DROP
0.1698,0.0,34.5601,HEAD_DROP
0.1807,0.0,32.3716,HEAD_DROP
0.1927,0.0,33.116,HEAD_DROP
0.1888,0.0189,32.196,HEAD_DROP
0.1885,0.0,32.6525,HEAD_DROP
0.1894,0.0,34.7411,HEAD_DROP
0.1738,0.0183,32.9273,HEAD_DROP
0.2098,0.0,36.2192,HEAD_DROP
0.2098,0.0,33.3207,HEAD_DROP
0.2002,0.0261,35.7706,HEAD_DROP
0.1993,0.0,39.9602,HEAD_DROP
0.2325,0.0,38.7098,HEAD_DROP
0.246,0.0,36.2476,HEAD_DROP
0.2543,0.0,39.1977,HEAD_DROP
0.2556,0.0,37.709,HEAD_DROP
0.2397,0.0,38.8469,HEAD_DROP
0.2474,0.0,37.8663,HEAD_DROP
0.2414,0.0,37.1714,HEAD_DROP
0.2593,0.0,37.0191,HEAD_DROP
0.2649,0.0181,36.6724,HEAD_DROP
0.252,0.0,35.1559,HEAD_DROP
0.2361,0.0175,35.4725,HEAD_DROP
0.2463,0.0,36.8213,HEAD_DROP
0.2602,0.0,35.5433,HEAD_DROP
0.2618,0.0,35.9798,HEAD_DROP
0.2308,0.0178,38.0024,HEAD_DROP
0.2348,0.0247,35.5074,HEAD_DROP
0.262,0.0,34.518,HEAD_DROP
0.2619,0.0,35.762,HEAD_DROP
0.2499,0.0,36.2942,HEAD_DROP
0.2248,0.0247,34.575,HEAD_DROP
0.2455,0.0,33.5931,HEAD_DROP
0.2355,0.0181,31.9838,HEAD_DROP
0.2785,0.0188,30.8472,HEAD_DROP
0.2635,0.0186,29.082,HEAD_DROP
0.2889,0.0,30.6769,HEAD_DROP
0.2867,0.0,32.4029,HEAD_DROP
0.2863,0.0188,32.1311,HEAD_DROP
0.3193,0.0,29.6827,HEAD_DROP
0.3121,0.0,28.6896,HEAD_DROP
0.3044,0.0,29.2882,HEAD_DROP
0.3181,0.0,27.814,HEAD_DROP
0.2967,0.0176,28.4214,HEAD_DROP
0.2999,0.0,28.0447,HEAD_DROP
0.3112,0.0177,27.9454,HEAD_DROP
0.3173,0.0,25.4142,HEAD_DROP
0.3331,0.0,26.1614,HEAD_DROP
0.3286,0.0,27.5649,HEAD_DROP
0.3263,0.0,26.8466,HEAD_DROP
0.3218,0.0,26.7273,HEAD_DROP
0.3071,0.0,27.4708,HEAD_DROP
0.3339,0.0,27.2296,HEAD_DROP
0.3157,0.0,25.8322,HEAD_DROP
0.3242,0.0,24.9939,HEAD_DROP
0.3333,0.0169,26.5141,HEAD_DROP
0.3187,0.0175,25.2441,HEAD_DROP
0.3384,0.0,24.937,HEAD_DROP
0.3224,0.0,25.1547,HEAD_DROP
0.3143,0.0169,24.6183,HEAD_DROP
0.3398,0.0171,25.4781,HEAD_DROP
0.3222,0.0,24.8085,HEAD_DROP
0.3373,0.0243,24.6221,HEAD_DROP
0.32,0.0174,24.9601,HEAD_DROP
0.3348,0.0169,25.0133,HEAD_DROP
0.3287,0.0,24.6805,HEAD_DROP
0.3256,0.0166,25.195,HEAD_DROP
0.3194,0.0,24.5533,HEAD_DROP
0.3284,0.0,25.0255,HEAD_DROP
0.334,0.0,24.638,HEAD_DROP
0.3231,0.0172,25.4779,HEAD_DROP
0.3194,0.0,25.1435,HEAD_DROP
0.2927,0.0,25.26,HEAD_DROP
0.2055,0.0,25.6233,HEAD_DROP
0.1915,0.0,27.5409,HEAD_DROP
0.1646,0.0,27.6007,HEAD_DROP
0.1845,0.0172,26.7336,HEAD_DROP
0.1886,0.0,28.0678,HEAD_DROP
0.1801,0.0,27.0975,HEAD_DROP
0.1656,0.0178,30.5418,HEAD_DROP
0.1797,0.0,30.8265,HEAD_DROP
0.1932,0.0,30.9718,HEAD_DROP
0.1882,0.0175,29.9143,HEAD_DROP
0.1919,0.0,30.6591,HEAD_DROP
0.195,0.0172,30.4515,HEAD_DROP
0.2078,0.0181,31.1798,HEAD_DROP
0.1849,0.0,32.1531,HEAD_DROP
0.1919,0.0,32.1679,HEAD_DROP
0.202,0.0,34.9598,HEAD_DROP
0.214,0.0,31.3073,HEAD_DROP
0.156,0.0169,31.9122,HEAD_DROP
0.1911,0.0235,35.315,HEAD_DROP
0.2053,0.0169,29.2722,HEAD_DROP
0.1794,0.0182,31.6306,HEAD_DROP
0.2008,0.0,31.1863,HEAD_DROP
0.1807,0.0,32.6155,HEAD_DROP
0.1846,0.0,33.0568,HEAD_DROP
0.1775,0.0236,32.804,HEAD_DROP
0.1881,0.0156,34.4104,HEAD_DROP
0.2063,0.0244,32.8804,HEAD_DROP
0.1708,0.0244,33.9651,HEAD_DROP
0.1546,0.0,32.49,HEAD_DROP
0.1339,0.0,29.146,HEAD_DROP
0.1665,0.0159,32.7314,HEAD_DROP
0.1964,0.0,38.0912,HEAD_DROP
0.1816,0.0,39.7796,HEAD_DROP
0.1891,0.0158,36.9385,HEAD_DROP
0.2227,0.0166,37.4205,HEAD_DROP
0.2023,0.0,39.1674,HEAD_DROP
0.2107,0.0,35.6256,HEAD_DROP
0.1938,0.0,34.9629,HEAD_DROP
0.1956,0.0,36.3573,HEAD_DROP
0.2018,0.0163,36.7176,HEAD_DROP
0.1959,0.0166,35.9722,HEAD_DROP
0.2012,0.0224,37.7335,HEAD_DROP
0.2104,0.0163,38.315,HEAD_DROP
0.2023,0.0161,36.4467,HEAD_DROP
0.1963,0.0163,38.0482,HEAD_DROP
0.1847,0.0239,35.9884,HEAD_DROP
0.1927,0.0166,35.7963,HEAD_DROP
0.2037,0.0235,34.8222,HEAD_DROP
0.2,0.0163,37.9784,HEAD_DROP
0.1873,0.0,36.1968,HEAD_DROP
0.1762,0.0166,36.1965,HEAD_DROP
0.1847,0.0,35.9712,HEAD_DROP
0.1861,0.0166,35.1149,HEAD_DROP
0.1805,0.0,35.1368,HEAD_DROP
0.1909,0.0163,36.1834,HEAD_DROP
0.2019,0.0166,34.7755,HEAD_DROP
0.1925,0.0166,35.2977,HEAD_DROP
0.1844,0.0164,35.0662,HEAD_DROP
0.1923,0.0161,35.4935,HEAD_DROP
0.1872,0.0,34.6356,HEAD_DROP
0.1833,0.0,34.3979,HEAD_DROP
0.1752,0.0,33.824,HEAD_DROP
0.1918,0.0,32.7905,HEAD_DROP
0.1866,0.0169,32.7971,HEAD_DROP
0.1935,0.0,33.3516,HEAD_DROP
0.1941,0.0166,32.6123,HEAD_DROP
0.1976,0.0,33.2998,HEAD_DROP
0.1869,0.0,33.5268,HEAD_DROP
0.1838,0.0,32.3852,HEAD_DROP
0.1994,0.0,31.646,HEAD_DROP
0.2063,0.0166,33.0142,HEAD_DROP
0.2099,0.0,32.5293,HEAD_DROP
0.2069,0.0,33.5373,HEAD_DROP
0.201,0.0164,31.6376,HEAD_DROP
0.1992,0.0169,32.092,HEAD_DROP
0.1962,0.0166,34.3824,HEAD_DROP
0.1922,0.0169,33.958,HEAD_DROP
0.1959,0.0,34.0118,HEAD_DROP
0.1979,0.0,33.0513,HEAD_DROP
0.1859,0.0,32.0284,HEAD_DROP
0.1992,0.0,34.9476,HEAD_DROP
0.196,0.0,34.0755,HEAD_DROP
0.2046,0.0,34.896,HEAD_DROP
0.1933,0.0,34.3988,HEAD_DROP
0.2046,0.0166,35.4461,HEAD_DROP
0.2054,0.0,33.6827,HEAD_DROP
0.1988,0.0,34.5305,HEAD_DROP
0.1959,0.0,33.4408,HEAD_DROP
0.2083,0.0,35.0423,HEAD_DROP
0.2033,0.0164,34.4387,HEAD_DROP
0.1854,0.0232,34.7843,HEAD_DROP
0.205,0.0,35.6122,HEAD_DROP
0.211,0.0,36.6371,HEAD_DROP
0.1917,0.0167,36.1154,HEAD_DROP
0.2,0.0167,35.1392,HEAD_DROP
0.1878,0.0,35.1109,HEAD_DROP
0.2109,0.0,35.0882,HEAD_DROP
0.2039,0.0,37.7982,HEAD_DROP
0.1913,0.0,37.3362,HEAD_DROP
0.1935,0.0166,36.1928,HEAD_DROP
0.1955,0.0,35.6719,HEAD_DROP
0.1872,0.0169,35.1482,HEAD_DROP
0.1849,0.0,37.2883,HEAD_DROP
0.1863,0.0,34.8886,HEAD_DROP
0.1892,0.0166,35.2973,HEAD_DROP
0.186,0.0169,36.926,HEAD_DROP
0.1899,0.0166,37.5412,HEAD_DROP
0.1909,0.0,35.8015,HEAD_DROP
0.1826,0.0169,36.331,HEAD_DROP
0.191,0.0166,36.2308,HEAD_DROP
0.1936,0.0,34.8996,HEAD_DROP
0.1921,0.0,33.7575,HEAD_DROP
0.1834,0.0161,35.1652,HEAD_DROP
0.1936,0.0166,34.3201,HEAD_DROP
0.1977,0.0,35.3832,HEAD_DROP
0.2071,0.0169,34.4188,HEAD_DROP
0.2016,0.0169,35.9929,HEAD_DROP
0.1983,0.0,34.8979,HEAD_DROP
0.1878,0.0169,31.9623,HEAD_DROP
0.2019,0.0,35.4877,HEAD_DROP
0.2017,0.0,34.8779,HEAD_DROP
0.2045,0.0166,35.5509,HEAD_DROP
0.1975,0.0,36.1592,HEAD_DROP
0.1936,0.0,35.4179,HEAD_DROP
0.2086,0.0,34.6098,HEAD_DROP
0.1989,0.0175,35.7816,HEAD_DROP
0.1958,0.0,33.2093,HEAD_DROP
0.1914,0.0,34.2108,HEAD_DROP
0.1906,0.0172,34.7133,HEAD_DROP
0.1981,0.0169,35.333,HEAD_DROP
0.1914,0.0,34.8411,HEAD_DROP
0.1883,0.0,35.7695,HEAD_DROP
0.2115,0.0,36.626,HEAD_DROP
0.1939,0.0,35.2892,HEAD_DROP
0.1956,0.0,35.2885,HEAD_DROP
0.1969,0.0,36.4554,HEAD_DROP
0.1953,0.0,35.7155,HEAD_DROP
0.1954,0.0,34.5194,HEAD_DROP
0.2031,0.0,34.5973,HEAD_DROP
0.2064,0.0,37.183,HEAD_DROP
0.2025,0.0,35.9528,HEAD_DROP
0.1947,0.0,37.1757,HEAD_DROP
0.1887,0.0,38.2309,HEAD_DROP
0.214,0.0,36.1533,HEAD_DROP
0.2002,0.0,38.3675,HEAD_DROP
0.2046,0.0,36.3489,HEAD_DROP
0.2113,0.0167,37.4752,HEAD_DROP
0.2017,0.0,35.6865,HEAD_DROP
0.2009,0.0166,38.4598,HEAD_DROP
0.2037,0.0,35.4842,HEAD_DROP
0.1963,0.0,35.7884,HEAD_DROP
0.1926,0.0169,37.3899,HEAD_DROP
0.1945,0.0,35.576,HEAD_DROP
0.1962,0.0169,35.3438,HEAD_DROP
0.2099,0.0166,36.5829,HEAD_DROP
0.1982,0.0,37.987,HEAD_DROP
0.1913,0.0167,36.4074,HEAD_DROP
0.1936,0.0172,35.3921,HEAD_DROP
0.2131,0.0167,37.2029,HEAD_DROP
0.2099,0.0,35.8159,HEAD_DROP
0.1918,0.0,36.879,HEAD_DROP
0.2119,0.0164,37.7912,HEAD_DROP
0.2046,0.0169,36.676,HEAD_DROP
0.2225,0.0172,36.1053,HEAD_DROP
0.2091,0.0172,36.6187,HEAD_DROP
0.2043,0.0172,36.1124,HEAD_DROP
0.1862,0.0,36.2536,HEAD_DROP
0.1986,0.0,37.3923,HEAD_DROP
0.194,0.0169,36.1976,HEAD_DROP
0.1884,0.0169,36.6843,HEAD_DROP
0.1862,0.0,37.1434,HEAD_DROP
0.1826,0.0,38.0602,HEAD_DROP
0.1866,0.0,36.9446,HEAD_DROP
0.1921,0.0169,37.9531,HEAD_DROP
0.2048,0.0169,39.9837,HEAD_DROP
0.1871,0.0169,37.9428,HEAD_DROP
0.2079,0.0,37.1805,HEAD_DROP
0.1901,0.0,36.6426,HEAD_DROP
0.1968,0.0,35.9885,HEAD_DROP
0.1787,0.0,36.8634,HEAD_DROP
0.1981,0.0169,37.3682,HEAD_DROP
0.1902,0.0,36.7077,HEAD_DROP
0.182,0.024,36.6086,HEAD_DROP
0.1868,0.0172,35.9027,HEAD_DROP
0.1843,0.0172,36.2662,HEAD_DROP
0.1911,0.0,36.1356,HEAD_DROP
0.2043,0.0,38.4111,HEAD_DROP
0.1921,0.0172,37.7583,HEAD_DROP
0.1806,0.0,37.9655,HEAD_DROP
0.1921,0.0169,37.6468,HEAD_DROP
0.1821,0.0172,37.0561,HEAD_DROP
0.1758,0.0172,36.2743,HEAD_DROP
0.1824,0.0169,37.6213,HEAD_DROP
0.1865,0.0,35.2613,HEAD_DROP
0.1844,0.0172,37.4282,HEAD_DROP
0.1946,0.0,37.3188,HEAD_DROP
0.195,0.0172,36.7538,HEAD_DROP
0.1908,0.0,35.0709,HEAD_DROP
0.1937,0.0172,35.8956,HEAD_DROP
0.1919,0.0,35.429,HEAD_DROP
0.2043,0.0169,36.1994,HEAD_DROP
0.1927,0.0,35.5186,HEAD_DROP
0.1906,0.0,36.9786,HEAD_DROP
0.1962,0.0,37.4809,HEAD_DROP
0.1916,0.0,38.817,HEAD_DROP
0.2035,0.0166,39.1281,HEAD_DROP
0.1923,0.0,38.0801,HEAD_DROP
0.2052,0.0,36.8231,HEAD_DROP
0.1922,0.0167,36.6764,HEAD_DROP
0.1883,0.0,36.5898,HEAD_DROP
0.1908,0.0164,37.2783,HEAD_DROP
0.196,0.0,34.3869,HEAD_DROP
0.1966,0.0169,35.7107,HEAD_DROP
0.1789,0.0,34.0998,HEAD_DROP
0.208,0.0172,33.1391,HEAD_DROP
0.1836,0.0,36.3956,HEAD_DROP
0.1947,0.0,34.1739,HEAD_DROP
0.2017,0.0,33.6893,HEAD_DROP
0.2191,0.0,31.7572,HEAD_DROP
0.2651,0.0164,30.0239,HEAD_DROP
0.2757,0.0,31.5688,HEAD_DROP
0.3017,0.0164,31.3304,HEAD_DROP
0.3078,0.0,30.7879,HEAD_DROP
0.2856,0.0,30.654,HEAD_DROP
0.3131,0.0,30.5744,HEAD_DROP
0.3102,0.0,32.1305,HEAD_DROP
0.286,0.0,31.4325,HEAD_DROP
0.2986,0.0167,30.0075,HEAD_DROP
0.2991,0.0,29.3557,HEAD_DROP
0.2907,0.0166,29.9319,HEAD_DROP
0.289,0.0166,30.8955,HEAD_DROP
0.304,0.0,30.8741,HEAD_DROP
0.295,0.0228,31.1433,HEAD_DROP
0.3039,0.0164,29.7656,HEAD_DROP
0.2996,0.0166,29.7559,HEAD_DROP
0.3124,0.0,29.6966,HEAD_DROP
0.2857,0.0164,29.9872,HEAD_DROP
0.2916,0.0,29.255,HEAD_DROP
0.281,0.0166,29.3569,HEAD_DROP
0.2866,0.0,30.1185,HEAD_DROP
0.2944,0.0,29.3309,HEAD_DROP
0.2827,0.0,29.3604,HEAD_DROP
0.304,0.0164,29.1629,HEAD_DROP
0.2977,0.0169,28.9599,HEAD_DROP
0.2746,0.0166,28.6121,HEAD_DROP
0.314,0.0,29.9422,HEAD_DROP
0.3174,0.0,27.9157,HEAD_DROP
0.3161,0.0161,27.9859,HEAD_DROP
